ISO-10303-21;
HEADER;
FILE_DESCRIPTION (( 'STEP AP214' ),
    '1' );
FILE_NAME ('CarPlexiPlate.STEP',
    '2025-04-01T06:16:30',
    ( '' ),
    ( '' ),
    'SwSTEP 2.0',
    'SolidWorks 2025',
    '' );
FILE_SCHEMA (( 'AUTOMOTIVE_DESIGN' ));
ENDSEC;

DATA;
#1 = CARTESIAN_POINT ( 'NONE',  ( -65.20895390387087787, 3.000000000000000000, -14.16604609612900845 ) ) ;
#2 = EDGE_LOOP ( 'NONE', ( #1341, #1003, #1456, #2838 ) ) ;
#3 = DIRECTION ( 'NONE',  ( -0.000000000000000000, -1.000000000000000000, -0.000000000000000000 ) ) ;
#4 = EDGE_CURVE ( 'NONE', #96, #1050, #2810, .T. ) ;
#5 = DIRECTION ( 'NONE',  ( 0.000000000000000000, -1.000000000000000000, 0.000000000000000000 ) ) ;
#6 = VERTEX_POINT ( 'NONE', #1685 ) ;
#7 = EDGE_CURVE ( 'NONE', #1209, #140, #2367, .T. ) ;
#8 = DIRECTION ( 'NONE',  ( -0.000000000000000000, -1.000000000000000000, -0.000000000000000000 ) ) ;
#9 = VECTOR ( 'NONE', #1101, 1000.000000000000000 ) ;
#10 = ADVANCED_FACE ( 'NONE', ( #1503 ), #2796, .F. ) ;
#11 = EDGE_LOOP ( 'NONE', ( #2463, #1031, #1272, #2300 ) ) ;
#12 = CARTESIAN_POINT ( 'NONE',  ( 49.99999999999997158, 3.000000000000000000, -186.0999999999999375 ) ) ;
#13 = CARTESIAN_POINT ( 'NONE',  ( 74.37499999999997158, 3.000000000000000000, -168.0000000000000000 ) ) ;
#14 = VECTOR ( 'NONE', #2660, 1000.000000000000000 ) ;
#15 = VECTOR ( 'NONE', #268, 1000.000000000000000 ) ;
#16 = CARTESIAN_POINT ( 'NONE',  ( -49.99999999999994316, 3.000000000000000000, -187.3499999999999375 ) ) ;
#17 = ORIENTED_EDGE ( 'NONE', *, *, #2749, .T. ) ;
#18 = FACE_OUTER_BOUND ( 'NONE', #269, .T. ) ;
#19 = CIRCLE ( 'NONE', #1581, 1.500000000000001332 ) ;
#20 = CARTESIAN_POINT ( 'NONE',  ( -49.99999999999996447, 3.000000000000000000, -128.5999999999999659 ) ) ;
#21 = AXIS2_PLACEMENT_3D ( 'NONE', #351, #1017, #1896 ) ;
#22 = ORIENTED_EDGE ( 'NONE', *, *, #2223, .F. ) ;
#23 = VERTEX_POINT ( 'NONE', #649 ) ;
#24 = CYLINDRICAL_SURFACE ( 'NONE', #276, 1.500000000000001332 ) ;
#25 = EDGE_CURVE ( 'NONE', #2141, #1842, #2624, .T. ) ;
#26 = VERTEX_POINT ( 'NONE', #2563 ) ;
#27 = CARTESIAN_POINT ( 'NONE',  ( 74.87499999999992895, 3.000000000000000000, -42.99999999999999289 ) ) ;
#28 = FACE_BOUND ( 'NONE', #2019, .T. ) ;
#29 = EDGE_CURVE ( 'NONE', #589, #2266, #2578, .T. ) ;
#30 = DIRECTION ( 'NONE',  ( 0.000000000000000000, 0.000000000000000000, 1.000000000000000000 ) ) ;
#31 = ORIENTED_EDGE ( 'NONE', *, *, #916, .T. ) ;
#32 = CARTESIAN_POINT ( 'NONE',  ( -49.37499999999994316, 0.000000000000000000, -118.0000000000000000 ) ) ;
#33 = DIRECTION ( 'NONE',  ( 0.000000000000000000, 0.000000000000000000, -1.000000000000000000 ) ) ;
#34 = DIRECTION ( 'NONE',  ( 0.000000000000000000, 0.000000000000000000, -1.000000000000000000 ) ) ;
#35 = EDGE_LOOP ( 'NONE', ( #220, #614, #2748, #1139 ) ) ;
#36 = EDGE_LOOP ( 'NONE', ( #1434, #31, #2584, #1505 ) ) ;
#37 = FACE_OUTER_BOUND ( 'NONE', #2525, .T. ) ;
#38 = EDGE_LOOP ( 'NONE', ( #2180, #1269, #2529, #1373 ) ) ;
#39 = DIRECTION ( 'NONE',  ( 0.000000000000000000, -1.000000000000000000, 0.000000000000000000 ) ) ;
#40 = FACE_BOUND ( 'NONE', #1424, .T. ) ;
#41 = EDGE_CURVE ( 'NONE', #1344, #719, #2152, .T. ) ;
#42 = CIRCLE ( 'NONE', #484, 1.249999999999973355 ) ;
#43 = CARTESIAN_POINT ( 'NONE',  ( -4.374999999999918288, 3.000000000000000000, -5.000000000000018652 ) ) ;
#44 = ORIENTED_EDGE ( 'NONE', *, *, #1607, .T. ) ;
#45 = EDGE_CURVE ( 'NONE', #1333, #1115, #1953, .T. ) ;
#46 = DIRECTION ( 'NONE',  ( -0.000000000000000000, -1.000000000000000000, -0.000000000000000000 ) ) ;
#47 = CARTESIAN_POINT ( 'NONE',  ( -39.37499999999991473, 0.000000000000000000, -7.500000000000007105 ) ) ;
#48 = ORIENTED_EDGE ( 'NONE', *, *, #2216, .T. ) ;
#49 = EDGE_LOOP ( 'NONE', ( #1465, #2422 ) ) ;
#50 = CARTESIAN_POINT ( 'NONE',  ( -54.66045604183067752, 0.000000000000000000, -223.6018425576303912 ) ) ;
#51 = EDGE_CURVE ( 'NONE', #1188, #1522, #2394, .T. ) ;
#52 = EDGE_LOOP ( 'NONE', ( #575, #2804 ) ) ;
#53 = AXIS2_PLACEMENT_3D ( 'NONE', #133, #1627, #791 ) ;
#54 = DIRECTION ( 'NONE',  ( 0.000000000000000000, 0.000000000000000000, 1.000000000000000000 ) ) ;
#55 = FACE_BOUND ( 'NONE', #457, .T. ) ;
#56 = AXIS2_PLACEMENT_3D ( 'NONE', #2137, #789, #1486 ) ;
#57 = FACE_OUTER_BOUND ( 'NONE', #1317, .T. ) ;
#58 = ORIENTED_EDGE ( 'NONE', *, *, #1555, .T. ) ;
#59 = CARTESIAN_POINT ( 'NONE',  ( 74.37499999999997158, 3.000000000000000000, -166.5000000000000000 ) ) ;
#60 = AXIS2_PLACEMENT_3D ( 'NONE', #1047, #2579, #2259 ) ;
#61 = AXIS2_PLACEMENT_3D ( 'NONE', #1989, #3, #885 ) ;
#62 = CARTESIAN_POINT ( 'NONE',  ( 3.995698858553667107E-14, 3.000000000000000000, -228.5999999999999943 ) ) ;
#63 = VERTEX_POINT ( 'NONE', #1300 ) ;
#64 = AXIS2_PLACEMENT_3D ( 'NONE', #2752, #777, #1460 ) ;
#65 = EDGE_CURVE ( 'NONE', #1344, #2571, #1249, .T. ) ;
#66 = VECTOR ( 'NONE', #2524, 1000.000000000000000 ) ;
#67 = CIRCLE ( 'NONE', #2327, 1.500000000000001332 ) ;
#68 = CARTESIAN_POINT ( 'NONE',  ( -49.99999999999996447, 3.000000000000000000, -131.0999999999999091 ) ) ;
#69 = ORIENTED_EDGE ( 'NONE', *, *, #2647, .T. ) ;
#70 = CARTESIAN_POINT ( 'NONE',  ( 74.37499999999997158, 3.000000000000000000, -141.5000000000000284 ) ) ;
#71 = ORIENTED_EDGE ( 'NONE', *, *, #600, .T. ) ;
#72 = FACE_OUTER_BOUND ( 'NONE', #221, .T. ) ;
#73 = DIRECTION ( 'NONE',  ( 0.000000000000000000, -1.000000000000000000, 0.000000000000000000 ) ) ;
#74 = VECTOR ( 'NONE', #1930, 1000.000000000000000 ) ;
#75 = FACE_OUTER_BOUND ( 'NONE', #1446, .T. ) ;
#76 = ORIENTED_EDGE ( 'NONE', *, *, #879, .T. ) ;
#77 = CARTESIAN_POINT ( 'NONE',  ( 12.87499999999993072, 0.000000000000000000, -66.00000000000000000 ) ) ;
#78 = CIRCLE ( 'NONE', #257, 1.500000000000001332 ) ;
#79 = DIRECTION ( 'NONE',  ( 0.000000000000000000, 0.000000000000000000, -1.000000000000000000 ) ) ;
#80 = ORIENTED_EDGE ( 'NONE', *, *, #509, .T. ) ;
#81 = EDGE_CURVE ( 'NONE', #2844, #1736, #1382, .T. ) ;
#82 = EDGE_CURVE ( 'NONE', #2754, #1621, #145, .T. ) ;
#83 = LINE ( 'NONE', #2302, #1351 ) ;
#84 = ORIENTED_EDGE ( 'NONE', *, *, #907, .F. ) ;
#85 = ADVANCED_FACE ( 'NONE', ( #242 ), #2205, .F. ) ;
#86 = EDGE_LOOP ( 'NONE', ( #760, #1431 ) ) ;
#87 = CARTESIAN_POINT ( 'NONE',  ( -74.37499999999994316, 3.000000000000000000, -143.0000000000000284 ) ) ;
#88 = EDGE_CURVE ( 'NONE', #2357, #1603, #717, .T. ) ;
#89 = FACE_OUTER_BOUND ( 'NONE', #1159, .T. ) ;
#90 = CIRCLE ( 'NONE', #594, 1.250000000000001110 ) ;
#91 = CARTESIAN_POINT ( 'NONE',  ( -74.87499999999991473, 3.000000000000000000, -43.00000000000000000 ) ) ;
#92 = ORIENTED_EDGE ( 'NONE', *, *, #2674, .T. ) ;
#93 = CYLINDRICAL_SURFACE ( 'NONE', #1551, 1.500000000000001332 ) ;
#94 = VECTOR ( 'NONE', #176, 1000.000000000000000 ) ;
#95 = DIRECTION ( 'NONE',  ( 4.081702296416016983E-16, 0.000000000000000000, 1.000000000000000000 ) ) ;
#96 = VERTEX_POINT ( 'NONE', #2020 ) ;
#97 = EDGE_CURVE ( 'NONE', #1894, #1553, #688, .T. ) ;
#98 = FACE_OUTER_BOUND ( 'NONE', #1582, .T. ) ;
#99 = ORIENTED_EDGE ( 'NONE', *, *, #938, .F. ) ;
#100 = ORIENTED_EDGE ( 'NONE', *, *, #605, .T. ) ;
#101 = CARTESIAN_POINT ( 'NONE',  ( -4.374999999999918288, 3.000000000000000000, -5.000000000000018652 ) ) ;
#102 = FACE_OUTER_BOUND ( 'NONE', #1856, .T. ) ;
#103 = EDGE_CURVE ( 'NONE', #2163, #114, #1797, .T. ) ;
#104 = CYLINDRICAL_SURFACE ( 'NONE', #616, 1.499999999999994449 ) ;
#105 = ORIENTED_EDGE ( 'NONE', *, *, #945, .T. ) ;
#106 = CARTESIAN_POINT ( 'NONE',  ( 78.78397985763589872, 3.000000000000000000, -199.9640896339807909 ) ) ;
#107 = CIRCLE ( 'NONE', #660, 1.500000000000001332 ) ;
#108 = LINE ( 'NONE', #769, #66 ) ;
#109 = VERTEX_POINT ( 'NONE', #2852 ) ;
#110 = CIRCLE ( 'NONE', #941, 1.499999999999997780 ) ;
#111 = CYLINDRICAL_SURFACE ( 'NONE', #1857, 1.250000000000000222 ) ;
#112 = CARTESIAN_POINT ( 'NONE',  ( 49.37499999999992895, 3.000000000000000000, -49.99999999999999289 ) ) ;
#113 = AXIS2_PLACEMENT_3D ( 'NONE', #2441, #73, #1559 ) ;
#114 = VERTEX_POINT ( 'NONE', #486 ) ;
#115 = VECTOR ( 'NONE', #781, 1000.000000000000000 ) ;
#116 = ORIENTED_EDGE ( 'NONE', *, *, #930, .T. ) ;
#117 = CARTESIAN_POINT ( 'NONE',  ( -74.37499999999995737, 0.000000000000000000, -193.0000000000000000 ) ) ;
#118 = DIRECTION ( 'NONE',  ( 0.000000000000000000, 0.000000000000000000, 1.000000000000000000 ) ) ;
#119 = CARTESIAN_POINT ( 'NONE',  ( -79.37499999999991473, 3.000000000000000000, -14.16604609612902976 ) ) ;
#120 = ORIENTED_EDGE ( 'NONE', *, *, #2569, .F. ) ;
#121 = CARTESIAN_POINT ( 'NONE',  ( 73.95259998431582460, 0.000000000000000000, -211.6437262863844353 ) ) ;
#122 = EDGE_CURVE ( 'NONE', #1621, #2754, #1927, .T. ) ;
#123 = CARTESIAN_POINT ( 'NONE',  ( -39.37499999999991473, 0.000000000000000000, -39.00000000000000711 ) ) ;
#124 = EDGE_LOOP ( 'NONE', ( #2714, #399, #22, #1075 ) ) ;
#125 = CARTESIAN_POINT ( 'NONE',  ( 64.67499999999996874, 0.000000000000000000, -132.7000000000000171 ) ) ;
#126 = CARTESIAN_POINT ( 'NONE',  ( -64.67499999999994031, 3.000000000000000000, -132.7000000000000171 ) ) ;
#127 = CARTESIAN_POINT ( 'NONE',  ( 79.37499999999991473, 0.000000000000000000, -14.16604609612901555 ) ) ;
#128 = ORIENTED_EDGE ( 'NONE', *, *, #683, .T. ) ;
#129 = EDGE_CURVE ( 'NONE', #1191, #1365, #1381, .T. ) ;
#130 = ORIENTED_EDGE ( 'NONE', *, *, #906, .T. ) ;
#131 = CARTESIAN_POINT ( 'NONE',  ( -49.37499999999994316, 3.000000000000000000, -118.0000000000000000 ) ) ;
#132 = CARTESIAN_POINT ( 'NONE',  ( -65.20895390387087787, 3.000000000000000000, 1.387778780781445676E-14 ) ) ;
#133 = CARTESIAN_POINT ( 'NONE',  ( 49.99999999999997158, 0.000000000000000000, -187.3499999999999375 ) ) ;
#134 = ORIENTED_EDGE ( 'NONE', *, *, #966, .T. ) ;
#135 = ADVANCED_FACE ( 'NONE', ( #2677 ), #286, .T. ) ;
#136 = CIRCLE ( 'NONE', #1744, 1.500000000000001332 ) ;
#137 = CYLINDRICAL_SURFACE ( 'NONE', #1089, 1.500000000000001332 ) ;
#138 = VECTOR ( 'NONE', #741, 1000.000000000000000 ) ;
#139 = LINE ( 'NONE', #1631, #1917 ) ;
#140 = VERTEX_POINT ( 'NONE', #2664 ) ;
#141 = LINE ( 'NONE', #2117, #2712 ) ;
#142 = CARTESIAN_POINT ( 'NONE',  ( 12.87499999999992539, 0.000000000000000000, -39.00000000000001421 ) ) ;
#143 = CYLINDRICAL_SURFACE ( 'NONE', #1354, 1.500000000000001332 ) ;
#144 = ORIENTED_EDGE ( 'NONE', *, *, #1038, .T. ) ;
#145 = CIRCLE ( 'NONE', #508, 1.250000000000000222 ) ;
#146 = ORIENTED_EDGE ( 'NONE', *, *, #987, .T. ) ;
#147 = DIRECTION ( 'NONE',  ( 0.000000000000000000, 0.000000000000000000, 1.000000000000000000 ) ) ;
#148 = CARTESIAN_POINT ( 'NONE',  ( 74.37499999999997158, 0.000000000000000000, -144.5000000000000284 ) ) ;
#149 = EDGE_CURVE ( 'NONE', #566, #1572, #78, .T. ) ;
#150 = CARTESIAN_POINT ( 'NONE',  ( 74.37499999999997158, 0.000000000000000000, -169.5000000000000000 ) ) ;
#151 = EDGE_LOOP ( 'NONE', ( #206, #977, #931, #17 ) ) ;
#152 = CARTESIAN_POINT ( 'NONE',  ( -49.37499999999994316, 3.000000000000000000, -118.0000000000000000 ) ) ;
#153 = CARTESIAN_POINT ( 'NONE',  ( 4.374999999999919176, 0.000000000000000000, -5.000000000000017764 ) ) ;
#154 = ORIENTED_EDGE ( 'NONE', *, *, #753, .T. ) ;
#155 = CARTESIAN_POINT ( 'NONE',  ( 4.374999999999919176, 0.000000000000000000, -3.750000000000017319 ) ) ;
#156 = AXIS2_PLACEMENT_3D ( 'NONE', #1560, #460, #2036 ) ;
#157 = DIRECTION ( 'NONE',  ( 0.000000000000000000, -1.000000000000000000, 0.000000000000000000 ) ) ;
#158 = DIRECTION ( 'NONE',  ( -0.000000000000000000, -1.000000000000000000, -0.000000000000000000 ) ) ;
#159 = AXIS2_PLACEMENT_3D ( 'NONE', #517, #2281, #302 ) ;
#160 = EDGE_LOOP ( 'NONE', ( #2200, #2789, #1146, #92 ) ) ;
#161 = AXIS2_PLACEMENT_3D ( 'NONE', #1875, #1890, #2368 ) ;
#162 = ADVANCED_FACE ( 'NONE', ( #2007 ), #24, .F. ) ;
#163 = AXIS2_PLACEMENT_3D ( 'NONE', #2514, #2363, #1900 ) ;
#164 = VECTOR ( 'NONE', #1391, 1000.000000000000000 ) ;
#165 = CIRCLE ( 'NONE', #293, 1.500000000000001332 ) ;
#166 = ORIENTED_EDGE ( 'NONE', *, *, #2326, .F. ) ;
#167 = CARTESIAN_POINT ( 'NONE',  ( 49.99999999999997158, 3.000000000000000000, -177.0999999999999375 ) ) ;
#168 = DIRECTION ( 'NONE',  ( 0.000000000000000000, -1.000000000000000000, 0.000000000000000000 ) ) ;
#169 = VECTOR ( 'NONE', #2610, 1000.000000000000000 ) ;
#170 = CIRCLE ( 'NONE', #2645, 1.500000000000001332 ) ;
#171 = ORIENTED_EDGE ( 'NONE', *, *, #1789, .F. ) ;
#172 = DIRECTION ( 'NONE',  ( 0.000000000000000000, -1.000000000000000000, 0.000000000000000000 ) ) ;
#173 = DIRECTION ( 'NONE',  ( 0.000000000000000000, 0.000000000000000000, -1.000000000000000000 ) ) ;
#174 = FACE_BOUND ( 'NONE', #2193, .T. ) ;
#175 = EDGE_LOOP ( 'NONE', ( #921, #1641, #2047, #1617 ) ) ;
#176 = DIRECTION ( 'NONE',  ( -0.000000000000000000, -1.000000000000000000, -0.000000000000000000 ) ) ;
#177 = CARTESIAN_POINT ( 'NONE',  ( 74.37499999999997158, 3.000000000000000000, -166.5000000000000000 ) ) ;
#178 = VECTOR ( 'NONE', #1189, 1000.000000000000000 ) ;
#179 = ORIENTED_EDGE ( 'NONE', *, *, #198, .F. ) ;
#180 = EDGE_CURVE ( 'NONE', #2260, #2372, #42, .T. ) ;
#181 = ORIENTED_EDGE ( 'NONE', *, *, #619, .T. ) ;
#182 = DIRECTION ( 'NONE',  ( 0.000000000000000000, 1.000000000000000000, 0.000000000000000000 ) ) ;
#183 = ORIENTED_EDGE ( 'NONE', *, *, #1902, .T. ) ;
#184 = DIRECTION ( 'NONE',  ( 0.000000000000000000, 1.000000000000000000, 0.000000000000000000 ) ) ;
#185 = FACE_BOUND ( 'NONE', #1348, .T. ) ;
#186 = ORIENTED_EDGE ( 'NONE', *, *, #103, .T. ) ;
#187 = DIRECTION ( 'NONE',  ( 0.000000000000000000, 0.000000000000000000, 1.000000000000000000 ) ) ;
#188 = ADVANCED_FACE ( 'NONE', ( #909 ), #1140, .F. ) ;
#189 = AXIS2_PLACEMENT_3D ( 'NONE', #1315, #2138, #824 ) ;
#190 = DIRECTION ( 'NONE',  ( 0.000000000000000000, 0.000000000000000000, -1.000000000000000000 ) ) ;
#191 = LINE ( 'NONE', #2603, #1722 ) ;
#192 = EDGE_LOOP ( 'NONE', ( #1882, #2662 ) ) ;
#193 = ADVANCED_FACE ( 'NONE', ( #37 ), #1366, .F. ) ;
#194 = DIRECTION ( 'NONE',  ( -0.000000000000000000, -1.000000000000000000, -0.000000000000000000 ) ) ;
#195 = CARTESIAN_POINT ( 'NONE',  ( 49.99999999999997868, 3.000000000000000000, -131.0999999999999091 ) ) ;
#196 = VERTEX_POINT ( 'NONE', #2805 ) ;
#197 = DIRECTION ( 'NONE',  ( -0.000000000000000000, -1.000000000000000000, -0.000000000000000000 ) ) ;
#198 = EDGE_CURVE ( 'NONE', #1587, #695, #2405, .T. ) ;
#199 = FACE_BOUND ( 'NONE', #36, .T. ) ;
#200 = ORIENTED_EDGE ( 'NONE', *, *, #1970, .T. ) ;
#201 = LINE ( 'NONE', #218, #1912 ) ;
#202 = DIRECTION ( 'NONE',  ( 0.000000000000000000, 0.000000000000000000, 1.000000000000000000 ) ) ;
#203 = CARTESIAN_POINT ( 'NONE',  ( -39.37499999999991473, 3.000000000000000000, -36.00000000000000711 ) ) ;
#204 = VERTEX_POINT ( 'NONE', #366 ) ;
#205 = VECTOR ( 'NONE', #1972, 1000.000000000000000 ) ;
#206 = ORIENTED_EDGE ( 'NONE', *, *, #2727, .T. ) ;
#207 = DIRECTION ( 'NONE',  ( -0.000000000000000000, -1.000000000000000000, -0.000000000000000000 ) ) ;
#208 = VECTOR ( 'NONE', #2273, 1000.000000000000000 ) ;
#209 = ORIENTED_EDGE ( 'NONE', *, *, #1938, .F. ) ;
#210 = AXIS2_PLACEMENT_3D ( 'NONE', #998, #748, #1228 ) ;
#211 = FACE_OUTER_BOUND ( 'NONE', #175, .T. ) ;
#212 = DIRECTION ( 'NONE',  ( 0.000000000000000000, 0.000000000000000000, 1.000000000000000000 ) ) ;
#213 = ADVANCED_FACE ( 'NONE', ( #1435 ), #379, .F. ) ;
#214 = AXIS2_PLACEMENT_3D ( 'NONE', #1420, #2101, #2299 ) ;
#215 = CARTESIAN_POINT ( 'NONE',  ( 39.37499999999992184, 0.000000000000000000, -39.00000000000000000 ) ) ;
#216 = VERTEX_POINT ( 'NONE', #1466 ) ;
#217 = EDGE_CURVE ( 'NONE', #2242, #63, #2351, .T. ) ;
#218 = CARTESIAN_POINT ( 'NONE',  ( -49.37499999999992184, 3.000000000000000000, -50.00000000000000000 ) ) ;
#219 = CYLINDRICAL_SURFACE ( 'NONE', #663, 1.250000000000028866 ) ;
#220 = ORIENTED_EDGE ( 'NONE', *, *, #1994, .F. ) ;
#221 = EDGE_LOOP ( 'NONE', ( #318, #2849, #1977, #1740 ) ) ;
#222 = ORIENTED_EDGE ( 'NONE', *, *, #97, .T. ) ;
#223 = DIRECTION ( 'NONE',  ( 0.000000000000000000, 0.000000000000000000, 1.000000000000000000 ) ) ;
#224 = FACE_BOUND ( 'NONE', #1811, .T. ) ;
#225 = ORIENTED_EDGE ( 'NONE', *, *, #25, .T. ) ;
#226 = FACE_OUTER_BOUND ( 'NONE', #151, .T. ) ;
#227 = DIRECTION ( 'NONE',  ( 1.000000000000000000, 0.000000000000000000, 1.110223024625156540E-15 ) ) ;
#228 = ORIENTED_EDGE ( 'NONE', *, *, #4, .F. ) ;
#229 = CIRCLE ( 'NONE', #1837, 1.500000000000001332 ) ;
#230 = EDGE_CURVE ( 'NONE', #2163, #1773, #2103, .T. ) ;
#231 = CARTESIAN_POINT ( 'NONE',  ( 49.99999999999997158, 3.000000000000000000, -188.5999999999999659 ) ) ;
#232 = VECTOR ( 'NONE', #1251, 1000.000000000000000 ) ;
#233 = ORIENTED_EDGE ( 'NONE', *, *, #1440, .F. ) ;
#234 =( NAMED_UNIT ( * ) SI_UNIT ( $, .STERADIAN. ) SOLID_ANGLE_UNIT ( ) );
#235 = DIRECTION ( 'NONE',  ( 1.000000000000000000, 0.000000000000000000, 0.000000000000000000 ) ) ;
#236 = DIRECTION ( 'NONE',  ( -0.000000000000000000, -1.000000000000000000, -0.000000000000000000 ) ) ;
#237 = ORIENTED_EDGE ( 'NONE', *, *, #439, .F. ) ;
#238 = CARTESIAN_POINT ( 'NONE',  ( -12.87499999999991829, 0.000000000000000000, -67.50000000000000000 ) ) ;
#239 = FACE_OUTER_BOUND ( 'NONE', #345, .T. ) ;
#240 = ORIENTED_EDGE ( 'NONE', *, *, #51, .T. ) ;
#241 = ORIENTED_EDGE ( 'NONE', *, *, #1196, .F. ) ;
#242 = FACE_OUTER_BOUND ( 'NONE', #1534, .T. ) ;
#243 = EDGE_CURVE ( 'NONE', #1191, #2357, #771, .T. ) ;
#244 = CIRCLE ( 'NONE', #53, 1.250000000000028866 ) ;
#245 = VERTEX_POINT ( 'NONE', #353 ) ;
#246 = SURFACE_STYLE_FILL_AREA ( #1091 ) ;
#247 = DIRECTION ( 'NONE',  ( 0.000000000000000000, 0.000000000000000000, 1.000000000000000000 ) ) ;
#248 = AXIS2_PLACEMENT_3D ( 'NONE', #744, #2104, #1193 ) ;
#249 = AXIS2_PLACEMENT_3D ( 'NONE', #847, #1725, #1979 ) ;
#250 = PLANE ( 'NONE',  #2366 ) ;
#251 = EDGE_LOOP ( 'NONE', ( #1608, #1046, #1450, #698 ) ) ;
#252 = CARTESIAN_POINT ( 'NONE',  ( 0.000000000000000000, 3.000000000000000000, -228.5999999999999943 ) ) ;
#253 = ADVANCED_FACE ( 'NONE', ( #337 ), #1496, .F. ) ;
#254 = DIRECTION ( 'NONE',  ( -0.000000000000000000, -1.000000000000000000, -0.000000000000000000 ) ) ;
#255 = VECTOR ( 'NONE', #95, 1000.000000000000000 ) ;
#256 = EDGE_LOOP ( 'NONE', ( #1628, #946, #866, #2608 ) ) ;
#257 = AXIS2_PLACEMENT_3D ( 'NONE', #2693, #455, #1352 ) ;
#258 = EDGE_CURVE ( 'NONE', #2546, #2357, #367, .T. ) ;
#259 = EDGE_CURVE ( 'NONE', #2571, #2159, #2376, .T. ) ;
#260 = DIRECTION ( 'NONE',  ( 0.000000000000000000, 0.000000000000000000, -1.000000000000000000 ) ) ;
#261 = ORIENTED_EDGE ( 'NONE', *, *, #896, .T. ) ;
#262 = CARTESIAN_POINT ( 'NONE',  ( -49.37499999999994316, 3.000000000000000000, -118.0000000000000000 ) ) ;
#263 = FACE_BOUND ( 'NONE', #2487, .T. ) ;
#264 = CARTESIAN_POINT ( 'NONE',  ( -65.20895390387087787, 3.000000000000000000, 1.387778780781445676E-14 ) ) ;
#265 = ORIENTED_EDGE ( 'NONE', *, *, #2018, .T. ) ;
#266 = UNCERTAINTY_MEASURE_WITH_UNIT (LENGTH_MEASURE( 1.000000000000000082E-05 ), #2213, 'distance_accuracy_value', 'NONE');
#267 = FACE_OUTER_BOUND ( 'NONE', #2634, .T. ) ;
#268 = DIRECTION ( 'NONE',  ( -0.000000000000000000, -1.000000000000000000, -0.000000000000000000 ) ) ;
#269 = EDGE_LOOP ( 'NONE', ( #2060, #134, #2262, #179 ) ) ;
#270 = VERTEX_POINT ( 'NONE', #70 ) ;
#271 = CARTESIAN_POINT ( 'NONE',  ( -29.54570341712943460, 0.000000000000000000, -228.1829055582983585 ) ) ;
#272 = AXIS2_PLACEMENT_3D ( 'NONE', #522, #1834, #2471 ) ;
#273 = ORIENTED_EDGE ( 'NONE', *, *, #1528, .F. ) ;
#274 = FACE_OUTER_BOUND ( 'NONE', #2014, .T. ) ;
#275 = FACE_BOUND ( 'NONE', #454, .T. ) ;
#276 = AXIS2_PLACEMENT_3D ( 'NONE', #1756, #2233, #260 ) ;
#277 = DIRECTION ( 'NONE',  ( -0.000000000000000000, -1.000000000000000000, -0.000000000000000000 ) ) ;
#278 = VERTEX_POINT ( 'NONE', #155 ) ;
#279 = DIRECTION ( 'NONE',  ( 0.000000000000000000, 0.000000000000000000, 1.000000000000000000 ) ) ;
#280 = VECTOR ( 'NONE', #1471, 1000.000000000000000 ) ;
#281 = EDGE_CURVE ( 'NONE', #746, #1557, #2539, .T. ) ;
#282 = FACE_OUTER_BOUND ( 'NONE', #724, .T. ) ;
#283 = ORIENTED_EDGE ( 'NONE', *, *, #2809, .F. ) ;
#284 = LINE ( 'NONE', #2045, #2730 ) ;
#285 = VERTEX_POINT ( 'NONE', #1680 ) ;
#286 = CYLINDRICAL_SURFACE ( 'NONE', #1689, 14.70000000000001883 ) ;
#287 = ORIENTED_EDGE ( 'NONE', *, *, #1550, .T. ) ;
#288 = LINE ( 'NONE', #2053, #1667 ) ;
#289 = DIRECTION ( 'NONE',  ( 0.000000000000000000, 1.000000000000000000, 0.000000000000000000 ) ) ;
#290 = DIRECTION ( 'NONE',  ( 0.000000000000000000, 0.000000000000000000, -1.000000000000000000 ) ) ;
#291 = ORIENTED_EDGE ( 'NONE', *, *, #2450, .F. ) ;
#292 = CARTESIAN_POINT ( 'NONE',  ( 9.188135391866527613, 3.000000000000000000, -228.1714929705271118 ) ) ;
#293 = AXIS2_PLACEMENT_3D ( 'NONE', #1721, #2212, #1334 ) ;
#294 = CARTESIAN_POINT ( 'NONE',  ( 0.000000000000000000, 3.000000000000000000, -228.5999999999999943 ) ) ;
#295 = EDGE_CURVE ( 'NONE', #1968, #356, #1704, .T. ) ;
#296 = ORIENTED_EDGE ( 'NONE', *, *, #1363, .T. ) ;
#297 = AXIS2_PLACEMENT_3D ( 'NONE', #1973, #2373, #1705 ) ;
#298 = AXIS2_PLACEMENT_3D ( 'NONE', #2598, #1055, #1931 ) ;
#299 = DIRECTION ( 'NONE',  ( -0.000000000000000000, -1.000000000000000000, -0.000000000000000000 ) ) ;
#300 = ORIENTED_EDGE ( 'NONE', *, *, #469, .T. ) ;
#301 = VERTEX_POINT ( 'NONE', #1916 ) ;
#302 = DIRECTION ( 'NONE',  ( -1.000000000000000000, 0.000000000000000000, -0.000000000000000000 ) ) ;
#303 = FACE_BOUND ( 'NONE', #1717, .T. ) ;
#304 = EDGE_CURVE ( 'NONE', #589, #2676, #141, .T. ) ;
#305 = AXIS2_PLACEMENT_3D ( 'NONE', #1850, #2725, #2226 ) ;
#306 = CARTESIAN_POINT ( 'NONE',  ( -74.37499999999994316, 3.000000000000000000, -141.5000000000000284 ) ) ;
#307 = EDGE_LOOP ( 'NONE', ( #2478, #1294, #1501, #2776 ) ) ;
#308 = LINE ( 'NONE', #479, #138 ) ;
#309 = DIRECTION ( 'NONE',  ( 0.000000000000000000, 1.000000000000000000, 0.000000000000000000 ) ) ;
#310 = ORIENTED_EDGE ( 'NONE', *, *, #295, .T. ) ;
#311 = LINE ( 'NONE', #730, #384 ) ;
#312 = ORIENTED_EDGE ( 'NONE', *, *, #1836, .T. ) ;
#313 = ADVANCED_FACE ( 'NONE', ( #1883 ), #2790, .F. ) ;
#314 = EDGE_LOOP ( 'NONE', ( #1064, #2504 ) ) ;
#315 = CARTESIAN_POINT ( 'NONE',  ( 4.374999999999919176, 0.000000000000000000, -6.250000000000017764 ) ) ;
#316 = AXIS2_PLACEMENT_3D ( 'NONE', #2395, #587, #2575 ) ;
#317 = CARTESIAN_POINT ( 'NONE',  ( -49.99999999999994316, 0.000000000000000000, -188.5999999999999659 ) ) ;
#318 = ORIENTED_EDGE ( 'NONE', *, *, #938, .T. ) ;
#319 = CARTESIAN_POINT ( 'NONE',  ( 29.54570341712947368, 0.000000000000000000, -228.1829055582983585 ) ) ;
#320 = LINE ( 'NONE', #2756, #115 ) ;
#321 = VERTEX_POINT ( 'NONE', #1694 ) ;
#322 = FACE_OUTER_BOUND ( 'NONE', #2336, .T. ) ;
#323 = CARTESIAN_POINT ( 'NONE',  ( -39.37499999999991473, 0.000000000000000000, -37.50000000000000711 ) ) ;
#324 = ORIENTED_EDGE ( 'NONE', *, *, #892, .F. ) ;
#325 = EDGE_CURVE ( 'NONE', #1595, #2768, #954, .T. ) ;
#326 = EDGE_CURVE ( 'NONE', #2392, #1025, #1843, .T. ) ;
#327 = ORIENTED_EDGE ( 'NONE', *, *, #2493, .F. ) ;
#328 = CARTESIAN_POINT ( 'NONE',  ( -65.20895390387087787, 3.000000000000000000, 0.000000000000000000 ) ) ;
#329 = LINE ( 'NONE', #2533, #870 ) ;
#330 = DIRECTION ( 'NONE',  ( 0.000000000000000000, 1.000000000000000000, 0.000000000000000000 ) ) ;
#331 = CIRCLE ( 'NONE', #2316, 1.500000000000001332 ) ;
#332 = EDGE_LOOP ( 'NONE', ( #120, #2042 ) ) ;
#333 = DIRECTION ( 'NONE',  ( 0.000000000000000000, 0.000000000000000000, 1.000000000000000000 ) ) ;
#334 = VECTOR ( 'NONE', #939, 1000.000000000000000 ) ;
#335 = LINE ( 'NONE', #2728, #255 ) ;
#336 = ORIENTED_EDGE ( 'NONE', *, *, #1240, .F. ) ;
#337 = FACE_OUTER_BOUND ( 'NONE', #1967, .T. ) ;
#338 = AXIS2_PLACEMENT_3D ( 'NONE', #2587, #354, #802 ) ;
#339 = CIRCLE ( 'NONE', #2594, 1.500000000000000444 ) ;
#340 = DIRECTION ( 'NONE',  ( 0.000000000000000000, -1.000000000000000000, 0.000000000000000000 ) ) ;
#341 = LINE ( 'NONE', #127, #1105 ) ;
#342 = AXIS2_PLACEMENT_3D ( 'NONE', #1116, #2654, #503 ) ;
#343 = ORIENTED_EDGE ( 'NONE', *, *, #865, .T. ) ;
#344 = VECTOR ( 'NONE', #416, 1000.000000000000000 ) ;
#345 = EDGE_LOOP ( 'NONE', ( #44, #446, #1458, #627 ) ) ;
#346 = DIRECTION ( 'NONE',  ( 0.000000000000000000, 1.000000000000000000, 0.000000000000000000 ) ) ;
#347 = DIRECTION ( 'NONE',  ( 0.000000000000000000, 0.000000000000000000, 1.000000000000000000 ) ) ;
#348 = DIRECTION ( 'NONE',  ( 0.000000000000000000, 1.000000000000000000, 0.000000000000000000 ) ) ;
#349 = VERTEX_POINT ( 'NONE', #567 ) ;
#350 = LINE ( 'NONE', #1691, #1966 ) ;
#351 = CARTESIAN_POINT ( 'NONE',  ( -74.87499999999991473, 3.000000000000000000, -43.00000000000000000 ) ) ;
#352 = ORIENTED_EDGE ( 'NONE', *, *, #401, .F. ) ;
#353 = CARTESIAN_POINT ( 'NONE',  ( 39.37499999999991473, 0.000000000000000000, -5.999999999999996447 ) ) ;
#354 = DIRECTION ( 'NONE',  ( -0.000000000000000000, -1.000000000000000000, -0.000000000000000000 ) ) ;
#355 = CARTESIAN_POINT ( 'NONE',  ( 12.87499999999993072, 3.000000000000000000, -67.50000000000000000 ) ) ;
#356 = VERTEX_POINT ( 'NONE', #1451 ) ;
#357 = ORIENTED_EDGE ( 'NONE', *, *, #1323, .T. ) ;
#358 = DIRECTION ( 'NONE',  ( 0.000000000000000000, 0.000000000000000000, 1.000000000000000000 ) ) ;
#359 = DIRECTION ( 'NONE',  ( -0.000000000000000000, -1.000000000000000000, -0.000000000000000000 ) ) ;
#360 = FACE_OUTER_BOUND ( 'NONE', #951, .T. ) ;
#361 = VERTEX_POINT ( 'NONE', #2333 ) ;
#362 = CARTESIAN_POINT ( 'NONE',  ( -39.37499999999991473, 0.000000000000000000, -7.500000000000007105 ) ) ;
#363 = DIRECTION ( 'NONE',  ( 0.000000000000000000, 0.000000000000000000, 1.000000000000000000 ) ) ;
#364 = ORIENTED_EDGE ( 'NONE', *, *, #2393, .F. ) ;
#365 = EDGE_CURVE ( 'NONE', #414, #2458, #2209, .T. ) ;
#366 = CARTESIAN_POINT ( 'NONE',  ( 79.37500000000001421, 0.000000000000000000, -193.7860499750869678 ) ) ;
#367 = CIRCLE ( 'NONE', #2076, 14.70000000000000462 ) ;
#368 = CARTESIAN_POINT ( 'NONE',  ( 78.78397985763589872, 0.000000000000000000, -199.9640896339807909 ) ) ;
#369 = CARTESIAN_POINT ( 'NONE',  ( 49.99999999999997868, 3.000000000000000000, -128.5999999999999659 ) ) ;
#370 = ORIENTED_EDGE ( 'NONE', *, *, #1340, .F. ) ;
#371 = AXIS2_PLACEMENT_3D ( 'NONE', #1526, #606, #1314 ) ;
#372 = EDGE_LOOP ( 'NONE', ( #838, #2641, #1897, #732 ) ) ;
#373 = CARTESIAN_POINT ( 'NONE',  ( 74.37499999999997158, 3.000000000000000000, -143.0000000000000284 ) ) ;
#374 = DIRECTION ( 'NONE',  ( 0.000000000000000000, 1.000000000000000000, 0.000000000000000000 ) ) ;
#375 = ORIENTED_EDGE ( 'NONE', *, *, #2078, .F. ) ;
#376 = CARTESIAN_POINT ( 'NONE',  ( -4.374999999999918288, 3.000000000000000000, -6.250000000000018652 ) ) ;
#377 = LINE ( 'NONE', #405, #1176 ) ;
#378 = ORIENTED_EDGE ( 'NONE', *, *, #2759, .F. ) ;
#379 = CYLINDRICAL_SURFACE ( 'NONE', #737, 1.500000000000003997 ) ;
#380 = AXIS2_PLACEMENT_3D ( 'NONE', #27, #1519, #691 ) ;
#381 = EDGE_CURVE ( 'NONE', #2135, #1115, #165, .T. ) ;
#382 = DIRECTION ( 'NONE',  ( 0.000000000000000000, 0.000000000000000000, -1.000000000000000000 ) ) ;
#383 = ORIENTED_EDGE ( 'NONE', *, *, #2005, .F. ) ;
#384 = VECTOR ( 'NONE', #2702, 1000.000000000000000 ) ;
#385 = CIRCLE ( 'NONE', #2004, 1.500000000000001332 ) ;
#386 = DIRECTION ( 'NONE',  ( 1.000000000000000000, -0.000000000000000000, -0.000000000000000000 ) ) ;
#387 = CARTESIAN_POINT ( 'NONE',  ( -74.87499999999991473, 3.000000000000000000, -16.50000000000000355 ) ) ;
#388 = DIRECTION ( 'NONE',  ( -0.000000000000000000, -1.000000000000000000, -0.000000000000000000 ) ) ;
#389 = VECTOR ( 'NONE', #883, 1000.000000000000000 ) ;
#390 = EDGE_CURVE ( 'NONE', #598, #953, #201, .T. ) ;
#391 = ORIENTED_EDGE ( 'NONE', *, *, #2018, .F. ) ;
#392 = LINE ( 'NONE', #1734, #2424 ) ;
#393 = EDGE_CURVE ( 'NONE', #2676, #2621, #1324, .T. ) ;
#394 = FACE_BOUND ( 'NONE', #2779, .T. ) ;
#395 = EDGE_LOOP ( 'NONE', ( #1697, #2688 ) ) ;
#396 = DIRECTION ( 'NONE',  ( 0.000000000000000000, -1.000000000000000000, 0.000000000000000000 ) ) ;
#397 = DIRECTION ( 'NONE',  ( 0.000000000000000000, -1.000000000000000000, 0.000000000000000000 ) ) ;
#398 = CARTESIAN_POINT ( 'NONE',  ( 0.000000000000000000, 3.000000000000000000, -228.5999999999999943 ) ) ;
#399 = ORIENTED_EDGE ( 'NONE', *, *, #1783, .T. ) ;
#400 = EDGE_LOOP ( 'NONE', ( #1246, #2409, #2352, #2430 ) ) ;
#401 = EDGE_CURVE ( 'NONE', #2566, #1299, #2276, .T. ) ;
#402 = CARTESIAN_POINT ( 'NONE',  ( 49.99999999999997158, 3.000000000000000000, -178.3499999999999375 ) ) ;
#403 = ORIENTED_EDGE ( 'NONE', *, *, #45, .T. ) ;
#404 = CARTESIAN_POINT ( 'NONE',  ( 74.87499999999992895, 0.000000000000000000, -44.49999999999998579 ) ) ;
#405 = CARTESIAN_POINT ( 'NONE',  ( -49.99999999999994316, 3.000000000000000000, -179.5999999999999091 ) ) ;
#406 = EDGE_LOOP ( 'NONE', ( #2531, #1129, #431, #100 ) ) ;
#407 = DIRECTION ( 'NONE',  ( 0.000000000000000000, 1.000000000000000000, 0.000000000000000000 ) ) ;
#408 = CARTESIAN_POINT ( 'NONE',  ( -79.37499999999991473, 0.000000000000000000, -14.16604609612902976 ) ) ;
#409 = DIRECTION ( 'NONE',  ( 0.000000000000000000, 0.000000000000000000, -1.000000000000000000 ) ) ;
#410 = ORIENTED_EDGE ( 'NONE', *, *, #1038, .F. ) ;
#411 = DIRECTION ( 'NONE',  ( 0.000000000000000000, -1.000000000000000000, 0.000000000000000000 ) ) ;
#412 = DIRECTION ( 'NONE',  ( -0.000000000000000000, -1.000000000000000000, -0.000000000000000000 ) ) ;
#413 = EDGE_CURVE ( 'NONE', #2724, #1587, #1040, .T. ) ;
#414 = VERTEX_POINT ( 'NONE', #1535 ) ;
#415 = CARTESIAN_POINT ( 'NONE',  ( -49.99999999999996447, 0.000000000000000000, -131.0999999999999091 ) ) ;
#416 = DIRECTION ( 'NONE',  ( -0.000000000000000000, -1.000000000000000000, -0.000000000000000000 ) ) ;
#417 = DIRECTION ( 'NONE',  ( 0.000000000000000000, -1.000000000000000000, 0.000000000000000000 ) ) ;
#418 = VERTEX_POINT ( 'NONE', #2833 ) ;
#419 = LINE ( 'NONE', #1095, #2251 ) ;
#420 = CARTESIAN_POINT ( 'NONE',  ( 4.374999999999919176, 3.000000000000000000, -5.000000000000017764 ) ) ;
#421 = CARTESIAN_POINT ( 'NONE',  ( -13.37499999999991829, 3.000000000000000000, -7.500000000000015099 ) ) ;
#422 = ORIENTED_EDGE ( 'NONE', *, *, #2067, .T. ) ;
#423 = VECTOR ( 'NONE', #1848, 1000.000000000000000 ) ;
#424 = CIRCLE ( 'NONE', #2043, 1.500000000000003997 ) ;
#425 = ADVANCED_FACE ( 'NONE', ( #226 ), #1762, .F. ) ;
#426 = ORIENTED_EDGE ( 'NONE', *, *, #2835, .T. ) ;
#427 = DIRECTION ( 'NONE',  ( 0.000000000000000000, 0.000000000000000000, -1.000000000000000000 ) ) ;
#428 = AXIS2_PLACEMENT_3D ( 'NONE', #1838, #2673, #79 ) ;
#429 = CIRCLE ( 'NONE', #338, 1.500000000000001332 ) ;
#430 = AXIS2_PLACEMENT_3D ( 'NONE', #2185, #2818, #2432 ) ;
#431 = ORIENTED_EDGE ( 'NONE', *, *, #714, .F. ) ;
#432 = AXIS2_PLACEMENT_3D ( 'NONE', #685, #2255, #2447 ) ;
#433 = DIRECTION ( 'NONE',  ( 0.000000000000000000, -1.000000000000000000, 0.000000000000000000 ) ) ;
#434 = DIRECTION ( 'NONE',  ( 0.000000000000000000, 0.000000000000000000, 1.000000000000000000 ) ) ;
#435 = VECTOR ( 'NONE', #417, 1000.000000000000000 ) ;
#436 = CARTESIAN_POINT ( 'NONE',  ( 49.99999999999997158, 0.000000000000000000, -178.3499999999999375 ) ) ;
#437 = EDGE_LOOP ( 'NONE', ( #1162, #378, #2171, #2350 ) ) ;
#438 = CARTESIAN_POINT ( 'NONE',  ( -79.37499999999991473, 3.000000000000000000, -14.16604609612902976 ) ) ;
#439 = EDGE_CURVE ( 'NONE', #2134, #655, #2000, .T. ) ;
#440 = APPLICATION_PROTOCOL_DEFINITION ( 'draft international standard', 'automotive_design', 1998, #788 ) ;
#441 = FACE_OUTER_BOUND ( 'NONE', #1658, .T. ) ;
#442 = VERTEX_POINT ( 'NONE', #903 ) ;
#443 = CIRCLE ( 'NONE', #814, 1.500000000000003997 ) ;
#444 = EDGE_CURVE ( 'NONE', #1842, #2141, #1172, .T. ) ;
#445 = CARTESIAN_POINT ( 'NONE',  ( 2.260144074701980317E-15, 0.000000000000000000, -228.5999999999999943 ) ) ;
#446 = ORIENTED_EDGE ( 'NONE', *, *, #2674, .F. ) ;
#447 = CYLINDRICAL_SURFACE ( 'NONE', #1716, 1.500000000000001332 ) ;
#448 = DIRECTION ( 'NONE',  ( 0.000000000000000000, 1.000000000000000000, 0.000000000000000000 ) ) ;
#449 = FACE_OUTER_BOUND ( 'NONE', #2098, .T. ) ;
#450 = VERTEX_POINT ( 'NONE', #1978 ) ;
#451 = LINE ( 'NONE', #1120, #1540 ) ;
#452 = CARTESIAN_POINT ( 'NONE',  ( 74.87499999999991473, 3.000000000000000000, -19.49999999999998579 ) ) ;
#453 = EDGE_CURVE ( 'NONE', #2159, #719, #524, .T. ) ;
#454 = EDGE_LOOP ( 'NONE', ( #1852, #1745 ) ) ;
#455 = DIRECTION ( 'NONE',  ( -0.000000000000000000, -1.000000000000000000, -0.000000000000000000 ) ) ;
#456 = AXIS2_PLACEMENT_3D ( 'NONE', #615, #396, #817 ) ;
#457 = EDGE_LOOP ( 'NONE', ( #2165, #2425 ) ) ;
#458 =( LENGTH_UNIT ( ) NAMED_UNIT ( * ) SI_UNIT ( .MILLI., .METRE. ) );
#459 = FACE_BOUND ( 'NONE', #86, .T. ) ;
#460 = DIRECTION ( 'NONE',  ( -0.000000000000000000, -1.000000000000000000, -0.000000000000000000 ) ) ;
#461 = ORIENTED_EDGE ( 'NONE', *, *, #2562, .F. ) ;
#462 = DIRECTION ( 'NONE',  ( -0.000000000000000000, 1.000000000000000000, -0.000000000000000000 ) ) ;
#463 = EDGE_CURVE ( 'NONE', #2075, #1188, #895, .T. ) ;
#464 = CARTESIAN_POINT ( 'NONE',  ( -39.37499999999991473, 0.000000000000000000, -6.000000000000003553 ) ) ;
#465 = CYLINDRICAL_SURFACE ( 'NONE', #2279, 1.250000000000000222 ) ;
#466 = ORIENTED_EDGE ( 'NONE', *, *, #1970, .F. ) ;
#467 = CARTESIAN_POINT ( 'NONE',  ( -4.374999999999918288, 0.000000000000000000, -5.000000000000018652 ) ) ;
#468 = COLOUR_RGB ( '',0.7921568627450980005, 0.8196078431372548767, 0.9333333333333333481 ) ;
#469 = EDGE_CURVE ( 'NONE', #2461, #2065, #451, .T. ) ;
#470 = EDGE_LOOP ( 'NONE', ( #1283, #461, #403, #2694 ) ) ;
#471 = CYLINDRICAL_SURFACE ( 'NONE', #380, 1.499999999999994449 ) ;
#472 = FACE_BOUND ( 'NONE', #49, .T. ) ;
#473 = AXIS2_PLACEMENT_3D ( 'NONE', #420, #874, #33 ) ;
#474 = VECTOR ( 'NONE', #2588, 1000.000000000000000 ) ;
#475 = EDGE_CURVE ( 'NONE', #216, #559, #1676, .T. ) ;
#476 = AXIS2_PLACEMENT_3D ( 'NONE', #940, #2054, #247 ) ;
#477 = CYLINDRICAL_SURFACE ( 'NONE', #2726, 1.500000000000001332 ) ;
#478 = VERTEX_POINT ( 'NONE', #2402 ) ;
#479 = CARTESIAN_POINT ( 'NONE',  ( 39.37499999999991473, 3.000000000000000000, -5.999999999999996447 ) ) ;
#480 = DIRECTION ( 'NONE',  ( 0.000000000000000000, 0.000000000000000000, 1.000000000000000000 ) ) ;
#481 = DIRECTION ( 'NONE',  ( -5.551115123125780730E-16, 0.000000000000000000, 1.000000000000000000 ) ) ;
#482 = ORIENTED_EDGE ( 'NONE', *, *, #2411, .T. ) ;
#483 = EDGE_CURVE ( 'NONE', #2246, #418, #1265, .T. ) ;
#484 = AXIS2_PLACEMENT_3D ( 'NONE', #2032, #2631, #2244 ) ;
#485 = ORIENTED_EDGE ( 'NONE', *, *, #1408, .F. ) ;
#486 = CARTESIAN_POINT ( 'NONE',  ( 79.37499999999992895, 0.000000000000000000, -49.99999999999998579 ) ) ;
#487 = ADVANCED_FACE ( 'NONE', ( #18 ), #684, .F. ) ;
#488 = ORIENTED_EDGE ( 'NONE', *, *, #45, .F. ) ;
#489 = DIRECTION ( 'NONE',  ( 0.000000000000000000, 0.000000000000000000, 1.000000000000000000 ) ) ;
#490 = DIRECTION ( 'NONE',  ( 1.000000000000000000, 0.000000000000000000, 1.747899763146835923E-16 ) ) ;
#491 = DIRECTION ( 'NONE',  ( 5.829602059562853645E-16, 0.000000000000000000, -1.000000000000000000 ) ) ;
#492 = ORIENTED_EDGE ( 'NONE', *, *, #1594, .T. ) ;
#493 = DIRECTION ( 'NONE',  ( -0.000000000000000000, -1.000000000000000000, -0.000000000000000000 ) ) ;
#494 = CYLINDRICAL_SURFACE ( 'NONE', #1963, 1.500000000000001332 ) ;
#495 = ORIENTED_EDGE ( 'NONE', *, *, #818, .T. ) ;
#496 = DIRECTION ( 'NONE',  ( 0.000000000000000000, 0.000000000000000000, -1.000000000000000000 ) ) ;
#497 = ORIENTED_EDGE ( 'NONE', *, *, #1157, .F. ) ;
#498 = CIRCLE ( 'NONE', #1425, 1.249999999999973355 ) ;
#499 = DIRECTION ( 'NONE',  ( 0.000000000000000000, -1.000000000000000000, 0.000000000000000000 ) ) ;
#500 = EDGE_CURVE ( 'NONE', #604, #1874, #1312, .T. ) ;
#501 = ORIENTED_EDGE ( 'NONE', *, *, #469, .F. ) ;
#502 = DIRECTION ( 'NONE',  ( 0.000000000000000000, 1.000000000000000000, 0.000000000000000000 ) ) ;
#503 = DIRECTION ( 'NONE',  ( 0.000000000000000000, 0.000000000000000000, 1.000000000000000000 ) ) ;
#504 = ADVANCED_FACE ( 'NONE', ( #2172 ), #1962, .F. ) ;
#505 = DIRECTION ( 'NONE',  ( -1.000000000000000000, 0.000000000000000000, -0.000000000000000000 ) ) ;
#506 = ORIENTED_EDGE ( 'NONE', *, *, #840, .T. ) ;
#507 = CARTESIAN_POINT ( 'NONE',  ( 12.87499999999992539, 3.000000000000000000, -36.00000000000001421 ) ) ;
#508 = AXIS2_PLACEMENT_3D ( 'NONE', #467, #1166, #2650 ) ;
#509 = EDGE_CURVE ( 'NONE', #1061, #514, #419, .T. ) ;
#510 = LINE ( 'NONE', #1389, #1624 ) ;
#511 = ORIENTED_EDGE ( 'NONE', *, *, #1402, .F. ) ;
#512 = B_SPLINE_SURFACE_WITH_KNOTS ( 'NONE', 3, 1, ( 
 ( #827, #2769 ),
 ( #106, #2509 ),
 ( #1447, #121 ),
 ( #813, #2298 ),
 ( #1656, #319 ),
 ( #2126, #1032 ),
 ( #1203, #2536 ) ),
 .UNSPECIFIED., .F., .F., .F.,
 ( 4, 1, 1, 1, 4 ),
 ( 2, 2 ),
 ( 0.000000000000000000, 0.2261134458707818595, 0.3286701478201398130, 0.7199071931038225625, 1.000000000000000000 ),
 ( 0.000000000000000000, 1.000000000000000000 ),
 .UNSPECIFIED. ) ;
#513 = CARTESIAN_POINT ( 'NONE',  ( -49.99999999999996447, 3.000000000000000000, -128.5999999999999659 ) ) ;
#514 = VERTEX_POINT ( 'NONE', #77 ) ;
#515 = ORIENTED_EDGE ( 'NONE', *, *, #2106, .T. ) ;
#516 = AXIS2_PLACEMENT_3D ( 'NONE', #1372, #1571, #2457 ) ;
#517 = CARTESIAN_POINT ( 'NONE',  ( -49.99999999999994316, 3.000000000000000000, -179.5999999999999091 ) ) ;
#518 = DIRECTION ( 'NONE',  ( 0.000000000000000000, 0.000000000000000000, 1.000000000000000000 ) ) ;
#519 = AXIS2_PLACEMENT_3D ( 'NONE', #2695, #720, #1596 ) ;
#520 = FACE_OUTER_BOUND ( 'NONE', #2516, .T. ) ;
#521 = EDGE_LOOP ( 'NONE', ( #959, #240, #1915, #209 ) ) ;
#522 = CARTESIAN_POINT ( 'NONE',  ( -49.99999999999994316, 3.000000000000000000, -188.5999999999999943 ) ) ;
#523 = AXIS2_PLACEMENT_3D ( 'NONE', #2747, #1885, #2559 ) ;
#524 = CIRCLE ( 'NONE', #2778, 1.500000000000001332 ) ;
#525 = FACE_OUTER_BOUND ( 'NONE', #2388, .T. ) ;
#526 = ORIENTED_EDGE ( 'NONE', *, *, #609, .F. ) ;
#527 = EDGE_CURVE ( 'NONE', #2404, #140, #1888, .T. ) ;
#528 = CIRCLE ( 'NONE', #342, 1.500000000000001332 ) ;
#529 = DIRECTION ( 'NONE',  ( 0.000000000000000000, -1.000000000000000000, 0.000000000000000000 ) ) ;
#530 = ORIENTED_EDGE ( 'NONE', *, *, #592, .T. ) ;
#531 = ORIENTED_EDGE ( 'NONE', *, *, #1775, .F. ) ;
#532 = DIRECTION ( 'NONE',  ( -0.000000000000000000, -1.000000000000000000, -0.000000000000000000 ) ) ;
#533 = DIRECTION ( 'NONE',  ( -0.000000000000000000, -1.000000000000000000, -0.000000000000000000 ) ) ;
#534 = CIRCLE ( 'NONE', #305, 1.250000000000000222 ) ;
#535 = DIRECTION ( 'NONE',  ( 0.000000000000000000, 1.000000000000000000, 0.000000000000000000 ) ) ;
#536 = EDGE_LOOP ( 'NONE', ( #1548, #2822 ) ) ;
#537 = CARTESIAN_POINT ( 'NONE',  ( -74.37499999999994316, 3.000000000000000000, -143.0000000000000284 ) ) ;
#538 = CARTESIAN_POINT ( 'NONE',  ( -49.37499999999992184, 0.000000000000000000, -50.00000000000000000 ) ) ;
#539 = VERTEX_POINT ( 'NONE', #2070 ) ;
#540 = ADVANCED_FACE ( 'NONE', ( #1614 ), #1405, .F. ) ;
#541 = DIRECTION ( 'NONE',  ( 0.000000000000000000, 0.000000000000000000, -1.000000000000000000 ) ) ;
#542 = DIRECTION ( 'NONE',  ( -0.000000000000000000, -1.000000000000000000, -0.000000000000000000 ) ) ;
#543 = EDGE_LOOP ( 'NONE', ( #1957, #497 ) ) ;
#544 = ORIENTED_EDGE ( 'NONE', *, *, #555, .F. ) ;
#545 = DIRECTION ( 'NONE',  ( -0.000000000000000000, -1.000000000000000000, -0.000000000000000000 ) ) ;
#546 = CARTESIAN_POINT ( 'NONE',  ( 13.37499999999992006, 3.000000000000000000, -7.500000000000012434 ) ) ;
#547 = AXIS2_PLACEMENT_3D ( 'NONE', #546, #1428, #118 ) ;
#548 = EDGE_CURVE ( 'NONE', #1299, #2566, #1013, .T. ) ;
#549 = LINE ( 'NONE', #119, #423 ) ;
#550 = ORIENTED_EDGE ( 'NONE', *, *, #2090, .F. ) ;
#551 = DIRECTION ( 'NONE',  ( 0.000000000000000000, -1.000000000000000000, 0.000000000000000000 ) ) ;
#552 = CARTESIAN_POINT ( 'NONE',  ( 12.87499999999992539, 3.000000000000000000, -37.50000000000001421 ) ) ;
#553 = ORIENTED_EDGE ( 'NONE', *, *, #326, .F. ) ;
#554 = CARTESIAN_POINT ( 'NONE',  ( -79.37499999999998579, 0.000000000000000000, -193.7860499750869678 ) ) ;
#555 = EDGE_CURVE ( 'NONE', #2621, #1782, #752, .T. ) ;
#556 = CARTESIAN_POINT ( 'NONE',  ( -74.87499999999991473, 3.000000000000000000, -41.50000000000000711 ) ) ;
#557 = CARTESIAN_POINT ( 'NONE',  ( 39.37499999999992184, 0.000000000000000000, -37.50000000000000000 ) ) ;
#558 = ORIENTED_EDGE ( 'NONE', *, *, #1221, .F. ) ;
#559 = VERTEX_POINT ( 'NONE', #725 ) ;
#560 = DIRECTION ( 'NONE',  ( 0.000000000000000000, 0.000000000000000000, 1.000000000000000000 ) ) ;
#561 = CYLINDRICAL_SURFACE ( 'NONE', #2480, 1.249999999999973355 ) ;
#562 = CARTESIAN_POINT ( 'NONE',  ( 13.37499999999992006, 3.000000000000000000, -9.000000000000012434 ) ) ;
#563 = ORIENTED_EDGE ( 'NONE', *, *, #2131, .F. ) ;
#564 = CARTESIAN_POINT ( 'NONE',  ( -49.99999999999994316, 3.000000000000000000, -186.0999999999999375 ) ) ;
#565 = FACE_OUTER_BOUND ( 'NONE', #897, .T. ) ;
#566 = VERTEX_POINT ( 'NONE', #59 ) ;
#567 = CARTESIAN_POINT ( 'NONE',  ( 49.37499999999992895, 0.000000000000000000, -49.99999999999999289 ) ) ;
#568 = AXIS2_PLACEMENT_3D ( 'NONE', #2362, #2161, #190 ) ;
#569 = CARTESIAN_POINT ( 'NONE',  ( -49.37499999999992184, 3.000000000000000000, -50.00000000000000000 ) ) ;
#570 = DIRECTION ( 'NONE',  ( 0.000000000000000000, 0.000000000000000000, 1.000000000000000000 ) ) ;
#571 = VECTOR ( 'NONE', #235, 1000.000000000000000 ) ;
#572 = EDGE_LOOP ( 'NONE', ( #835, #2612, #2231, #2310 ) ) ;
#573 = CIRCLE ( 'NONE', #626, 1.500000000000003997 ) ;
#574 = AXIS2_PLACEMENT_3D ( 'NONE', #362, #1016, #985 ) ;
#575 = ORIENTED_EDGE ( 'NONE', *, *, #1873, .F. ) ;
#576 = PLANE ( 'NONE',  #1167 ) ;
#577 = FACE_OUTER_BOUND ( 'NONE', #160, .T. ) ;
#578 = EDGE_CURVE ( 'NONE', #1842, #245, #308, .T. ) ;
#579 = CARTESIAN_POINT ( 'NONE',  ( 79.37499999999995737, 3.000000000000000000, -132.7000000000000171 ) ) ;
#580 = ORIENTED_EDGE ( 'NONE', *, *, #2343, .T. ) ;
#581 = CARTESIAN_POINT ( 'NONE',  ( 12.87499999999993072, 0.000000000000000000, -69.00000000000000000 ) ) ;
#582 = DIRECTION ( 'NONE',  ( 0.000000000000000000, 0.000000000000000000, 1.000000000000000000 ) ) ;
#583 = EDGE_LOOP ( 'NONE', ( #710, #2092 ) ) ;
#584 = CARTESIAN_POINT ( 'NONE',  ( -79.37499999999998579, 3.000000000000000000, -193.7860499750869678 ) ) ;
#585 = VECTOR ( 'NONE', #499, 1000.000000000000000 ) ;
#586 = CARTESIAN_POINT ( 'NONE',  ( 73.95259998431582460, 0.000000000000000000, -211.6437262863844353 ) ) ;
#587 = DIRECTION ( 'NONE',  ( -0.000000000000000000, -1.000000000000000000, -0.000000000000000000 ) ) ;
#588 = ORIENTED_EDGE ( 'NONE', *, *, #1615, .F. ) ;
#589 = VERTEX_POINT ( 'NONE', #960 ) ;
#590 = CARTESIAN_POINT ( 'NONE',  ( 74.37499999999997158, 3.000000000000000000, -143.0000000000000284 ) ) ;
#591 = DIRECTION ( 'NONE',  ( 0.000000000000000000, 1.000000000000000000, 0.000000000000000000 ) ) ;
#592 = EDGE_CURVE ( 'NONE', #598, #1782, #1374, .T. ) ;
#593 = ORIENTED_EDGE ( 'NONE', *, *, #444, .T. ) ;
#594 = AXIS2_PLACEMENT_3D ( 'NONE', #402, #1301, #2811 ) ;
#595 = CARTESIAN_POINT ( 'NONE',  ( -73.95259998431579618, 0.000000000000000000, -211.6437262863844353 ) ) ;
#596 = ADVANCED_FACE ( 'NONE', ( #2285 ), #93, .F. ) ;
#597 = DIRECTION ( 'NONE',  ( 0.000000000000000000, 0.000000000000000000, 1.000000000000000000 ) ) ;
#598 = VERTEX_POINT ( 'NONE', #2027 ) ;
#599 = CARTESIAN_POINT ( 'NONE',  ( -78.78397985763585609, 3.000000000000000000, -199.9640896339807909 ) ) ;
#600 = EDGE_CURVE ( 'NONE', #1572, #2102, #2492, .T. ) ;
#601 = AXIS2_PLACEMENT_3D ( 'NONE', #2704, #783, #1659 ) ;
#602 = CARTESIAN_POINT ( 'NONE',  ( 29.54570341712947368, 0.000000000000000000, -228.1829055582983585 ) ) ;
#603 = CARTESIAN_POINT ( 'NONE',  ( 74.37499999999997158, 3.000000000000000000, -144.5000000000000284 ) ) ;
#604 = VERTEX_POINT ( 'NONE', #2671 ) ;
#605 = EDGE_CURVE ( 'NONE', #1495, #2134, #973, .T. ) ;
#606 = DIRECTION ( 'NONE',  ( -0.000000000000000000, -1.000000000000000000, -0.000000000000000000 ) ) ;
#607 = FACE_OUTER_BOUND ( 'NONE', #1138, .T. ) ;
#608 = CARTESIAN_POINT ( 'NONE',  ( -49.99999999999996447, 0.000000000000000000, -129.8499999999999375 ) ) ;
#609 = EDGE_CURVE ( 'NONE', #96, #2195, #534, .T. ) ;
#610 = ORIENTED_EDGE ( 'NONE', *, *, #2396, .T. ) ;
#611 = PRODUCT_DEFINITION_CONTEXT ( 'detailed design', #942, 'design' ) ;
#612 = DIRECTION ( 'NONE',  ( 0.000000000000000000, 0.000000000000000000, 1.000000000000000000 ) ) ;
#613 = FACE_BOUND ( 'NONE', #52, .T. ) ;
#614 = ORIENTED_EDGE ( 'NONE', *, *, #2659, .F. ) ;
#615 = CARTESIAN_POINT ( 'NONE',  ( 74.37499999999997158, 3.000000000000000000, -143.0000000000000284 ) ) ;
#616 = AXIS2_PLACEMENT_3D ( 'NONE', #91, #1612, #2124 ) ;
#617 = DIRECTION ( 'NONE',  ( -0.000000000000000000, -0.000000000000000000, 1.000000000000000000 ) ) ;
#618 = CARTESIAN_POINT ( 'NONE',  ( -54.66045604183067752, 3.000000000000000000, -223.6018425576303912 ) ) ;
#619 = EDGE_CURVE ( 'NONE', #1605, #539, #1943, .T. ) ;
#620 = EDGE_LOOP ( 'NONE', ( #1799, #905 ) ) ;
#621 = AXIS2_PLACEMENT_3D ( 'NONE', #569, #1297, #1661 ) ;
#622 = CIRCLE ( 'NONE', #1670, 1.500000000000001332 ) ;
#623 = DIRECTION ( 'NONE',  ( 0.000000000000000000, -1.000000000000000000, 0.000000000000000000 ) ) ;
#624 = CARTESIAN_POINT ( 'NONE',  ( 4.374999999999919176, 0.000000000000000000, -5.000000000000017764 ) ) ;
#625 = ADVANCED_FACE ( 'NONE', ( #267 ), #1362, .F. ) ;
#626 = AXIS2_PLACEMENT_3D ( 'NONE', #47, #1219, #597 ) ;
#627 = ORIENTED_EDGE ( 'NONE', *, *, #1429, .T. ) ;
#628 = CARTESIAN_POINT ( 'NONE',  ( 74.37499999999997158, 0.000000000000000000, -168.0000000000000000 ) ) ;
#629 = DIRECTION ( 'NONE',  ( 0.000000000000000000, -1.000000000000000000, 0.000000000000000000 ) ) ;
#630 = ORIENTED_EDGE ( 'NONE', *, *, #2216, .F. ) ;
#631 = DIRECTION ( 'NONE',  ( 0.000000000000000000, 0.000000000000000000, -1.000000000000000000 ) ) ;
#632 = DIRECTION ( 'NONE',  ( -0.000000000000000000, -1.000000000000000000, -0.000000000000000000 ) ) ;
#633 = CARTESIAN_POINT ( 'NONE',  ( 79.37499999999995737, 0.000000000000000000, -132.7000000000000171 ) ) ;
#634 = ORIENTED_EDGE ( 'NONE', *, *, #1323, .F. ) ;
#635 = EDGE_CURVE ( 'NONE', #2566, #418, #2685, .T. ) ;
#636 = DIRECTION ( 'NONE',  ( 0.000000000000000000, -1.000000000000000000, 0.000000000000000000 ) ) ;
#637 = DIRECTION ( 'NONE',  ( -0.000000000000000000, -1.000000000000000000, -0.000000000000000000 ) ) ;
#638 = EDGE_LOOP ( 'NONE', ( #1421, #1901 ) ) ;
#639 = CARTESIAN_POINT ( 'NONE',  ( 74.37499999999997158, 3.000000000000000000, -168.0000000000000000 ) ) ;
#640 = DIRECTION ( 'NONE',  ( 0.000000000000000000, 0.000000000000000000, 1.000000000000000000 ) ) ;
#641 = FACE_BOUND ( 'NONE', #2710, .T. ) ;
#642 = ORIENTED_EDGE ( 'NONE', *, *, #683, .F. ) ;
#643 = DIRECTION ( 'NONE',  ( 0.000000000000000000, 0.000000000000000000, -1.000000000000000000 ) ) ;
#644 = AXIS2_PLACEMENT_3D ( 'NONE', #859, #2613, #643 ) ;
#645 = PRODUCT_CONTEXT ( 'NONE', #788, 'mechanical' ) ;
#646 = DIRECTION ( 'NONE',  ( 4.019742158173901904E-16, 0.000000000000000000, -1.000000000000000000 ) ) ;
#647 = ORIENTED_EDGE ( 'NONE', *, *, #2813, .F. ) ;
#648 = VECTOR ( 'NONE', #623, 1000.000000000000000 ) ;
#649 = CARTESIAN_POINT ( 'NONE',  ( -39.37499999999991473, 3.000000000000000000, -9.000000000000010658 ) ) ;
#650 = CYLINDRICAL_SURFACE ( 'NONE', #2708, 1.500000000000000444 ) ;
#651 = VERTEX_POINT ( 'NONE', #1600 ) ;
#652 = DIRECTION ( 'NONE',  ( 1.000000000000000000, 0.000000000000000000, 0.000000000000000000 ) ) ;
#653 = DIRECTION ( 'NONE',  ( 0.000000000000000000, 0.000000000000000000, -1.000000000000000000 ) ) ;
#654 = CARTESIAN_POINT ( 'NONE',  ( -79.37499999999991473, 3.000000000000000000, -14.16604609612902976 ) ) ;
#655 = VERTEX_POINT ( 'NONE', #1588 ) ;
#656 = DIRECTION ( 'NONE',  ( -0.000000000000000000, -1.000000000000000000, -0.000000000000000000 ) ) ;
#657 = EDGE_CURVE ( 'NONE', #1427, #26, #2483, .T. ) ;
#658 = LINE ( 'NONE', #1059, #1169 ) ;
#659 = ORIENTED_EDGE ( 'NONE', *, *, #2006, .T. ) ;
#660 = AXIS2_PLACEMENT_3D ( 'NONE', #749, #2552, #778 ) ;
#661 = AXIS2_PLACEMENT_3D ( 'NONE', #2653, #1984, #679 ) ;
#662 = DIRECTION ( 'NONE',  ( 0.000000000000000000, -1.000000000000000000, 0.000000000000000000 ) ) ;
#663 = AXIS2_PLACEMENT_3D ( 'NONE', #2380, #5, #834 ) ;
#664 = VECTOR ( 'NONE', #617, 1000.000000000000000 ) ;
#665 = VECTOR ( 'NONE', #1563, 1000.000000000000000 ) ;
#666 = ORIENTED_EDGE ( 'NONE', *, *, #258, .F. ) ;
#667 = VECTOR ( 'NONE', #1156, 1000.000000000000000 ) ;
#668 = DIRECTION ( 'NONE',  ( -0.000000000000000000, -1.000000000000000000, -0.000000000000000000 ) ) ;
#669 = CYLINDRICAL_SURFACE ( 'NONE', #2690, 1.500000000000001332 ) ;
#670 = ADVANCED_FACE ( 'NONE', ( #2267 ), #1175, .F. ) ;
#671 = VECTOR ( 'NONE', #1533, 1000.000000000000000 ) ;
#672 = CARTESIAN_POINT ( 'NONE',  ( 49.37499999999996447, 3.000000000000000000, -117.9999999999999858 ) ) ;
#673 = VERTEX_POINT ( 'NONE', #564 ) ;
#674 = CARTESIAN_POINT ( 'NONE',  ( -49.37499999999994316, 0.000000000000000000, -118.0000000000000000 ) ) ;
#675 = DIRECTION ( 'NONE',  ( -0.000000000000000000, -1.000000000000000000, -0.000000000000000000 ) ) ;
#676 = ORIENTED_EDGE ( 'NONE', *, *, #325, .F. ) ;
#677 = DIRECTION ( 'NONE',  ( 0.000000000000000000, 1.000000000000000000, 0.000000000000000000 ) ) ;
#678 = ORIENTED_EDGE ( 'NONE', *, *, #2192, .T. ) ;
#679 = DIRECTION ( 'NONE',  ( 0.000000000000000000, 0.000000000000000000, -1.000000000000000000 ) ) ;
#680 = LINE ( 'NONE', #705, #988 ) ;
#681 = DIRECTION ( 'NONE',  ( 0.000000000000000000, 1.000000000000000000, 0.000000000000000000 ) ) ;
#682 = EDGE_LOOP ( 'NONE', ( #2304, #1015, #1663, #1035 ) ) ;
#683 = EDGE_CURVE ( 'NONE', #63, #2242, #1054, .T. ) ;
#684 = CYLINDRICAL_SURFACE ( 'NONE', #801, 1.499999999999997780 ) ;
#685 = CARTESIAN_POINT ( 'NONE',  ( -74.37499999999994316, 0.000000000000000000, -168.0000000000000000 ) ) ;
#686 = VERTEX_POINT ( 'NONE', #1419 ) ;
#687 = CIRCLE ( 'NONE', #2249, 1.499999999999997780 ) ;
#688 = LINE ( 'NONE', #231, #585 ) ;
#689 = ADVANCED_FACE ( 'NONE', ( #1865 ), #512, .T. ) ;
#690 = ORIENTED_EDGE ( 'NONE', *, *, #129, .F. ) ;
#691 = DIRECTION ( 'NONE',  ( 0.000000000000000000, 0.000000000000000000, -1.000000000000000000 ) ) ;
#692 = FACE_BOUND ( 'NONE', #762, .T. ) ;
#693 = EDGE_CURVE ( 'NONE', #2670, #2134, #1285, .T. ) ;
#694 = CARTESIAN_POINT ( 'NONE',  ( -49.99999999999996447, 3.000000000000000000, -131.0999999999999091 ) ) ;
#695 = VERTEX_POINT ( 'NONE', #1911 ) ;
#696 = CARTESIAN_POINT ( 'NONE',  ( 74.37499999999997158, 3.000000000000000000, -169.5000000000000000 ) ) ;
#697 = DIRECTION ( 'NONE',  ( 0.000000000000000000, 0.000000000000000000, -1.000000000000000000 ) ) ;
#698 = ORIENTED_EDGE ( 'NONE', *, *, #326, .T. ) ;
#699 = EDGE_CURVE ( 'NONE', #478, #2828, #1817, .T. ) ;
#700 = AXIS2_PLACEMENT_3D ( 'NONE', #2309, #330, #982 ) ;
#701 = ORIENTED_EDGE ( 'NONE', *, *, #1647, .T. ) ;
#702 = DIRECTION ( 'NONE',  ( 0.000000000000000000, 0.000000000000000000, -1.000000000000000000 ) ) ;
#703 = VECTOR ( 'NONE', #1845, 1000.000000000000000 ) ;
#704 = VERTEX_POINT ( 'NONE', #1432 ) ;
#705 = CARTESIAN_POINT ( 'NONE',  ( -49.99999999999994316, 3.000000000000000000, -177.0999999999999375 ) ) ;
#706 = AXIS2_PLACEMENT_3D ( 'NONE', #2806, #1512, #1281 ) ;
#707 = AXIS2_PLACEMENT_3D ( 'NONE', #557, #1455, #570 ) ;
#708 = AXIS2_PLACEMENT_3D ( 'NONE', #1276, #839, #640 ) ;
#709 = DIRECTION ( 'NONE',  ( 0.000000000000000000, 0.000000000000000000, -1.000000000000000000 ) ) ;
#710 = ORIENTED_EDGE ( 'NONE', *, *, #699, .T. ) ;
#711 = DIRECTION ( 'NONE',  ( -0.000000000000000000, -1.000000000000000000, -0.000000000000000000 ) ) ;
#712 = DIRECTION ( 'NONE',  ( -0.000000000000000000, -1.000000000000000000, -0.000000000000000000 ) ) ;
#713 = EDGE_LOOP ( 'NONE', ( #1839, #2599, #2010, #1777 ) ) ;
#714 = EDGE_CURVE ( 'NONE', #1495, #6, #2330, .T. ) ;
#715 = PLANE ( 'NONE',  #2321 ) ;
#716 = ORIENTED_EDGE ( 'NONE', *, *, #1660, .T. ) ;
#717 = LINE ( 'NONE', #1114, #1185 ) ;
#718 = EDGE_CURVE ( 'NONE', #270, #2135, #350, .T. ) ;
#719 = VERTEX_POINT ( 'NONE', #794 ) ;
#720 = DIRECTION ( 'NONE',  ( 0.000000000000000000, -1.000000000000000000, 0.000000000000000000 ) ) ;
#721 = FACE_BOUND ( 'NONE', #910, .T. ) ;
#722 = B_SPLINE_CURVE_WITH_KNOTS ( 'NONE', 3,
 ( #1058, #833, #602, #2792, #586, #368, #819 ),
 .UNSPECIFIED., .F., .F.,
 ( 4, 1, 1, 1, 4 ),
 ( 0.000000000000000000, 0.2800928068961774375, 0.6713298521798601870, 0.7738865541292181405, 1.000000000000000000 ),
 .UNSPECIFIED. ) ;
#723 = CARTESIAN_POINT ( 'NONE',  ( 12.87499999999992539, 3.000000000000000000, -37.50000000000001421 ) ) ;
#724 = EDGE_LOOP ( 'NONE', ( #485, #1383, #701, #2052 ) ) ;
#725 = CARTESIAN_POINT ( 'NONE',  ( 13.37499999999992006, 0.000000000000000000, -9.000000000000012434 ) ) ;
#726 = EDGE_CURVE ( 'NONE', #1188, #2075, #67, .T. ) ;
#727 = FACE_OUTER_BOUND ( 'NONE', #2512, .T. ) ;
#728 = ORIENTED_EDGE ( 'NONE', *, *, #2250, .T. ) ;
#729 = EDGE_CURVE ( 'NONE', #2266, #2621, #1217, .T. ) ;
#730 = CARTESIAN_POINT ( 'NONE',  ( -49.99999999999994316, 3.000000000000000000, -188.5999999999999659 ) ) ;
#731 = ADVANCED_FACE ( 'NONE', ( #1259 ), #137, .F. ) ;
#732 = ORIENTED_EDGE ( 'NONE', *, *, #1594, .F. ) ;
#733 = VECTOR ( 'NONE', #1941, 1000.000000000000000 ) ;
#734 = ORIENTED_EDGE ( 'NONE', *, *, #2343, .F. ) ;
#735 = CARTESIAN_POINT ( 'NONE',  ( 49.99999999999997868, 3.000000000000000000, -129.8499999999999375 ) ) ;
#736 = FACE_OUTER_BOUND ( 'NONE', #1369, .T. ) ;
#737 = AXIS2_PLACEMENT_3D ( 'NONE', #1020, #1236, #1057 ) ;
#738 = ADVANCED_FACE ( 'NONE', ( #780 ), #1001, .F. ) ;
#739 = CARTESIAN_POINT ( 'NONE',  ( -12.87499999999991829, 3.000000000000000000, -36.00000000000001421 ) ) ;
#740 = VERTEX_POINT ( 'NONE', #581 ) ;
#741 = DIRECTION ( 'NONE',  ( 0.000000000000000000, -1.000000000000000000, 0.000000000000000000 ) ) ;
#742 = DIRECTION ( 'NONE',  ( 0.000000000000000000, 1.000000000000000000, 0.000000000000000000 ) ) ;
#743 = ORIENTED_EDGE ( 'NONE', *, *, #808, .F. ) ;
#744 = CARTESIAN_POINT ( 'NONE',  ( 12.87499999999992539, 3.000000000000000000, -37.50000000000001421 ) ) ;
#745 = EDGE_LOOP ( 'NONE', ( #1515, #1826 ) ) ;
#746 = VERTEX_POINT ( 'NONE', #2358 ) ;
#747 = DIRECTION ( 'NONE',  ( 0.000000000000000000, 1.000000000000000000, 0.000000000000000000 ) ) ;
#748 = DIRECTION ( 'NONE',  ( 0.000000000000000000, 1.000000000000000000, 0.000000000000000000 ) ) ;
#749 = CARTESIAN_POINT ( 'NONE',  ( -74.37499999999994316, 0.000000000000000000, -168.0000000000000000 ) ) ;
#750 = VERTEX_POINT ( 'NONE', #376 ) ;
#751 = VECTOR ( 'NONE', #2474, 1000.000000000000000 ) ;
#752 = LINE ( 'NONE', #32, #1378 ) ;
#753 = EDGE_CURVE ( 'NONE', #1174, #1795, #2142, .T. ) ;
#754 = CIRCLE ( 'NONE', #1397, 1.500000000000001332 ) ;
#755 = CARTESIAN_POINT ( 'NONE',  ( -74.37499999999995737, 0.000000000000000000, -193.0000000000000000 ) ) ;
#756 = ORIENTED_EDGE ( 'NONE', *, *, #2450, .T. ) ;
#757 = AXIS2_PLACEMENT_3D ( 'NONE', #2224, #1145, #2025 ) ;
#758 = CARTESIAN_POINT ( 'NONE',  ( -74.37499999999994316, 3.000000000000000000, -144.5000000000000284 ) ) ;
#759 = FACE_OUTER_BOUND ( 'NONE', #372, .T. ) ;
#760 = ORIENTED_EDGE ( 'NONE', *, *, #500, .T. ) ;
#761 = EDGE_CURVE ( 'NONE', #1572, #566, #1316, .T. ) ;
#762 = EDGE_LOOP ( 'NONE', ( #2444, #975 ) ) ;
#763 = DIRECTION ( 'NONE',  ( -0.000000000000000000, -1.000000000000000000, -0.000000000000000000 ) ) ;
#764 = CARTESIAN_POINT ( 'NONE',  ( 64.67499999999995453, 3.000000000000000000, -118.0000000000000000 ) ) ;
#765 = DIRECTION ( 'NONE',  ( -0.000000000000000000, -1.000000000000000000, -0.000000000000000000 ) ) ;
#766 = ORIENTED_EDGE ( 'NONE', *, *, #1798, .T. ) ;
#767 = DIRECTION ( 'NONE',  ( 0.000000000000000000, 0.000000000000000000, 1.000000000000000000 ) ) ;
#768 = EDGE_CURVE ( 'NONE', #1115, #2135, #1322, .T. ) ;
#769 = CARTESIAN_POINT ( 'NONE',  ( 49.37499999999992895, 0.000000000000000000, -49.99999999999999289 ) ) ;
#770 = ORIENTED_EDGE ( 'NONE', *, *, #978, .T. ) ;
#771 = LINE ( 'NONE', #2586, #232 ) ;
#772 = CARTESIAN_POINT ( 'NONE',  ( 74.37499999999998579, 0.000000000000000000, -194.5000000000000000 ) ) ;
#773 = LINE ( 'NONE', #369, #2412 ) ;
#774 = EDGE_LOOP ( 'NONE', ( #1414, #526, #2692, #2500 ) ) ;
#775 = VERTEX_POINT ( 'NONE', #1303 ) ;
#776 = DIRECTION ( 'NONE',  ( 0.000000000000000000, 1.000000000000000000, 0.000000000000000000 ) ) ;
#777 = DIRECTION ( 'NONE',  ( -0.000000000000000000, -1.000000000000000000, -0.000000000000000000 ) ) ;
#778 = DIRECTION ( 'NONE',  ( 0.000000000000000000, 0.000000000000000000, 1.000000000000000000 ) ) ;
#779 = ORIENTED_EDGE ( 'NONE', *, *, #2813, .T. ) ;
#780 = FACE_OUTER_BOUND ( 'NONE', #1971, .T. ) ;
#781 = DIRECTION ( 'NONE',  ( 0.000000000000000000, -1.000000000000000000, 0.000000000000000000 ) ) ;
#782 = ORIENTED_EDGE ( 'NONE', *, *, #463, .F. ) ;
#783 = DIRECTION ( 'NONE',  ( -0.000000000000000000, -1.000000000000000000, -0.000000000000000000 ) ) ;
#784 = DIRECTION ( 'NONE',  ( 0.000000000000000000, 0.000000000000000000, 1.000000000000000000 ) ) ;
#785 = EDGE_LOOP ( 'NONE', ( #1693, #2595, #492, #983 ) ) ;
#786 = EDGE_CURVE ( 'NONE', #356, #686, #2830, .T. ) ;
#787 = EDGE_LOOP ( 'NONE', ( #2729, #2646 ) ) ;
#788 = APPLICATION_CONTEXT ( 'automotive_design' ) ;
#789 = DIRECTION ( 'NONE',  ( -0.000000000000000000, -1.000000000000000000, -0.000000000000000000 ) ) ;
#790 = CARTESIAN_POINT ( 'NONE',  ( -49.99999999999994316, 3.000000000000000000, -177.0999999999999375 ) ) ;
#791 = DIRECTION ( 'NONE',  ( 0.000000000000000000, 0.000000000000000000, 1.000000000000000000 ) ) ;
#792 = AXIS2_PLACEMENT_3D ( 'NONE', #639, #2667, #2220 ) ;
#793 = EDGE_LOOP ( 'NONE', ( #1920, #287, #1123, #2291 ) ) ;
#794 = CARTESIAN_POINT ( 'NONE',  ( -12.87499999999991829, 0.000000000000000000, -66.00000000000000000 ) ) ;
#795 = CIRCLE ( 'NONE', #2408, 1.500000000000001332 ) ;
#796 = CARTESIAN_POINT ( 'NONE',  ( 49.37499999999996447, 3.000000000000000000, -117.9999999999999858 ) ) ;
#797 = EDGE_LOOP ( 'NONE', ( #515, #2757 ) ) ;
#798 = DIRECTION ( 'NONE',  ( 0.000000000000000000, 0.000000000000000000, 1.000000000000000000 ) ) ;
#799 = AXIS2_PLACEMENT_3D ( 'NONE', #2644, #675, #1754 ) ;
#800 = AXIS2_PLACEMENT_3D ( 'NONE', #2348, #1935, #1899 ) ;
#801 = AXIS2_PLACEMENT_3D ( 'NONE', #1280, #2600, #631 ) ;
#802 = DIRECTION ( 'NONE',  ( 0.000000000000000000, 0.000000000000000000, 1.000000000000000000 ) ) ;
#803 = DIRECTION ( 'NONE',  ( 0.000000000000000000, 1.000000000000000000, 0.000000000000000000 ) ) ;
#804 = CIRCLE ( 'NONE', #476, 1.250000000000000222 ) ;
#805 = ORIENTED_EDGE ( 'NONE', *, *, #2295, .T. ) ;
#806 = ADVANCED_FACE ( 'NONE', ( #1944 ), #669, .F. ) ;
#807 = AXIS2_PLACEMENT_3D ( 'NONE', #2743, #2072, #2114 ) ;
#808 = EDGE_CURVE ( 'NONE', #2675, #23, #443, .T. ) ;
#809 = ORIENTED_EDGE ( 'NONE', *, *, #2787, .F. ) ;
#810 = CARTESIAN_POINT ( 'NONE',  ( -13.37499999999991829, 3.000000000000000000, -6.000000000000014211 ) ) ;
#811 = CARTESIAN_POINT ( 'NONE',  ( -74.87499999999991473, 3.000000000000000000, -18.00000000000000355 ) ) ;
#812 = ORIENTED_EDGE ( 'NONE', *, *, #2431, .F. ) ;
#813 = CARTESIAN_POINT ( 'NONE',  ( 54.66045604183072015, 3.000000000000000000, -223.6018425576303912 ) ) ;
#814 = AXIS2_PLACEMENT_3D ( 'NONE', #2197, #2156, #1718 ) ;
#815 = DIRECTION ( 'NONE',  ( 0.000000000000000000, 0.000000000000000000, 1.000000000000000000 ) ) ;
#816 = VERTEX_POINT ( 'NONE', #404 ) ;
#817 = DIRECTION ( 'NONE',  ( 0.000000000000000000, 0.000000000000000000, -1.000000000000000000 ) ) ;
#818 = EDGE_CURVE ( 'NONE', #2701, #442, #392, .T. ) ;
#819 = CARTESIAN_POINT ( 'NONE',  ( 79.37500000000001421, 0.000000000000000000, -193.7860499750869678 ) ) ;
#820 = CARTESIAN_POINT ( 'NONE',  ( -49.99999999999994316, 0.000000000000000000, -179.5999999999999375 ) ) ;
#821 = ORIENTED_EDGE ( 'NONE', *, *, #2431, .T. ) ;
#822 = CARTESIAN_POINT ( 'NONE',  ( 4.374999999999919176, 3.000000000000000000, -6.250000000000017764 ) ) ;
#823 = CARTESIAN_POINT ( 'NONE',  ( -49.99999999999996447, 3.000000000000000000, -128.5999999999999659 ) ) ;
#824 = DIRECTION ( 'NONE',  ( 0.000000000000000000, 0.000000000000000000, 1.000000000000000000 ) ) ;
#825 = ORIENTED_EDGE ( 'NONE', *, *, #1004, .T. ) ;
#826 = CIRCLE ( 'NONE', #920, 1.500000000000001332 ) ;
#827 = CARTESIAN_POINT ( 'NONE',  ( 79.37500000000001421, 3.000000000000000000, -193.7860499750869678 ) ) ;
#828 = EDGE_CURVE ( 'NONE', #816, #196, #1182, .T. ) ;
#829 = DIRECTION ( 'NONE',  ( -1.000000000000000000, 0.000000000000000000, -0.000000000000000000 ) ) ;
#830 = ORIENTED_EDGE ( 'NONE', *, *, #1975, .F. ) ;
#831 = CARTESIAN_POINT ( 'NONE',  ( -78.78397985763585609, 0.000000000000000000, -199.9640896339807909 ) ) ;
#832 = VECTOR ( 'NONE', #2130, 1000.000000000000000 ) ;
#833 = CARTESIAN_POINT ( 'NONE',  ( 9.188135391866527613, 0.000000000000000000, -228.1714929705271118 ) ) ;
#834 = DIRECTION ( 'NONE',  ( 0.000000000000000000, 0.000000000000000000, -1.000000000000000000 ) ) ;
#835 = ORIENTED_EDGE ( 'NONE', *, *, #1569, .F. ) ;
#836 = ORIENTED_EDGE ( 'NONE', *, *, #2131, .T. ) ;
#837 = CYLINDRICAL_SURFACE ( 'NONE', #1698, 1.500000000000001332 ) ;
#838 = ORIENTED_EDGE ( 'NONE', *, *, #2561, .T. ) ;
#839 = DIRECTION ( 'NONE',  ( -0.000000000000000000, -1.000000000000000000, -0.000000000000000000 ) ) ;
#840 = EDGE_CURVE ( 'NONE', #923, #2461, #1218, .T. ) ;
#841 = DIRECTION ( 'NONE',  ( 1.000000000000000000, 0.000000000000000000, 0.000000000000000000 ) ) ;
#842 = ORIENTED_EDGE ( 'NONE', *, *, #2157, .T. ) ;
#843 = EDGE_CURVE ( 'NONE', #2764, #1418, #1448, .T. ) ;
#844 = DIRECTION ( 'NONE',  ( 0.000000000000000000, 0.000000000000000000, -1.000000000000000000 ) ) ;
#845 = CIRCLE ( 'NONE', #2222, 1.500000000000001332 ) ;
#846 = CARTESIAN_POINT ( 'NONE',  ( 79.37499999999995737, 3.000000000000000000, -132.7000000000000171 ) ) ;
#847 = CARTESIAN_POINT ( 'NONE',  ( -39.37499999999991473, 3.000000000000000000, -37.50000000000000711 ) ) ;
#848 = ORIENTED_EDGE ( 'NONE', *, *, #2428, .F. ) ;
#849 = AXIS2_PLACEMENT_3D ( 'NONE', #590, #1026, #2780 ) ;
#850 = AXIS2_PLACEMENT_3D ( 'NONE', #421, #2628, #409 ) ;
#851 = CIRCLE ( 'NONE', #2277, 1.499999999999997780 ) ;
#852 = ORIENTED_EDGE ( 'NONE', *, *, #1214, .F. ) ;
#853 = CARTESIAN_POINT ( 'NONE',  ( -39.37499999999991473, 3.000000000000000000, -69.00000000000000000 ) ) ;
#854 = EDGE_CURVE ( 'NONE', #1782, #2553, #1748, .T. ) ;
#855 = ORIENTED_EDGE ( 'NONE', *, *, #1097, .T. ) ;
#856 = DIRECTION ( 'NONE',  ( 0.000000000000000000, 0.000000000000000000, 1.000000000000000000 ) ) ;
#857 = FACE_BOUND ( 'NONE', #1960, .T. ) ;
#858 = ORIENTED_EDGE ( 'NONE', *, *, #2846, .F. ) ;
#859 = CARTESIAN_POINT ( 'NONE',  ( -74.87499999999991473, 3.000000000000000000, -43.00000000000000000 ) ) ;
#860 = CARTESIAN_POINT ( 'NONE',  ( 49.37499999999992895, 3.000000000000000000, -49.99999999999999289 ) ) ;
#861 = CARTESIAN_POINT ( 'NONE',  ( -49.99999999999994316, 3.000000000000000000, -177.0999999999999375 ) ) ;
#862 = ORIENTED_EDGE ( 'NONE', *, *, #259, .T. ) ;
#863 = ORIENTED_EDGE ( 'NONE', *, *, #2041, .T. ) ;
#864 = LINE ( 'NONE', #1527, #2071 ) ;
#865 = EDGE_CURVE ( 'NONE', #2274, #1894, #2144, .T. ) ;
#866 = ORIENTED_EDGE ( 'NONE', *, *, #2787, .T. ) ;
#867 = FACE_OUTER_BOUND ( 'NONE', #521, .T. ) ;
#868 = DIRECTION ( 'NONE',  ( 0.000000000000000000, 0.000000000000000000, 1.000000000000000000 ) ) ;
#869 = DIRECTION ( 'NONE',  ( 0.000000000000000000, -0.000000000000000000, 1.000000000000000000 ) ) ;
#870 = VECTOR ( 'NONE', #533, 1000.000000000000000 ) ;
#871 = ORIENTED_EDGE ( 'NONE', *, *, #1363, .F. ) ;
#872 = CARTESIAN_POINT ( 'NONE',  ( -74.87499999999991473, 3.000000000000000000, -18.00000000000000355 ) ) ;
#873 = AXIS2_PLACEMENT_3D ( 'NONE', #2038, #462, #279 ) ;
#874 = DIRECTION ( 'NONE',  ( 0.000000000000000000, -1.000000000000000000, 0.000000000000000000 ) ) ;
#875 = CARTESIAN_POINT ( 'NONE',  ( -74.37499999999994316, 0.000000000000000000, -169.5000000000000000 ) ) ;
#876 = ORIENTED_EDGE ( 'NONE', *, *, #2312, .F. ) ;
#877 = CLOSED_SHELL ( 'NONE', ( #2039, #162, #1144, #1702, #2307, #2258, #1388, #2576, #2812, #213, #487, #1620, #85, #596, #731, #2465, #2722, #2745, #2355, #1664, #1494, #1330, #1731, #504, #1922, #1048, #2511, #2705, #425, #1426, #1934, #1611, #1108, #2021, #1491, #2012, #2364, #2686, #1974, #540, #193, #1809, #2734, #2064, #2186, #1866, #1284, #2545, #1715, #670, #625, #2009, #2245, #738, #1229, #806, #2028, #2672, #10, #1951, #2435, #1633, #1516, #689, #1498, #135, #994, #2288, #253, #2585, #1277, #2827, #313, #1179, #2437, #1457, #188, #1021, #2235 ) ) ;
#878 = CARTESIAN_POINT ( 'NONE',  ( 64.67499999999996874, 3.000000000000000000, -132.7000000000000171 ) ) ;
#879 = EDGE_CURVE ( 'NONE', #2102, #2332, #19, .T. ) ;
#880 = ORIENTED_EDGE ( 'NONE', *, *, #843, .T. ) ;
#881 = CYLINDRICAL_SURFACE ( 'NONE', #792, 1.500000000000001332 ) ;
#882 = CARTESIAN_POINT ( 'NONE',  ( -74.37499999999995737, 3.000000000000000000, -194.5000000000000000 ) ) ;
#883 = DIRECTION ( 'NONE',  ( 0.000000000000000000, -1.000000000000000000, 0.000000000000000000 ) ) ;
#884 = ORIENTED_EDGE ( 'NONE', *, *, #2648, .F. ) ;
#885 = DIRECTION ( 'NONE',  ( 0.000000000000000000, 0.000000000000000000, 1.000000000000000000 ) ) ;
#886 = DIRECTION ( 'NONE',  ( -0.000000000000000000, -1.000000000000000000, -0.000000000000000000 ) ) ;
#887 = DIRECTION ( 'NONE',  ( 0.000000000000000000, 1.000000000000000000, 0.000000000000000000 ) ) ;
#888 = ORIENTED_EDGE ( 'NONE', *, *, #1511, .F. ) ;
#889 = CIRCLE ( 'NONE', #2456, 1.500000000000001332 ) ;
#890 = CIRCLE ( 'NONE', #2824, 1.500000000000001332 ) ;
#891 = AXIS2_PLACEMENT_3D ( 'NONE', #126, #2541, #1884 ) ;
#892 = EDGE_CURVE ( 'NONE', #26, #2719, #1964, .T. ) ;
#893 = DIRECTION ( 'NONE',  ( 0.000000000000000000, -1.000000000000000000, 0.000000000000000000 ) ) ;
#894 = AXIS2_PLACEMENT_3D ( 'NONE', #1208, #2528, #1007 ) ;
#895 = CIRCLE ( 'NONE', #2415, 1.500000000000001332 ) ;
#896 = EDGE_CURVE ( 'NONE', #1937, #1952, #1268, .T. ) ;
#897 = EDGE_LOOP ( 'NONE', ( #1165, #955, #1262, #2125 ) ) ;
#898 = AXIS2_PLACEMENT_3D ( 'NONE', #1545, #1318, #223 ) ;
#899 = CYLINDRICAL_SURFACE ( 'NONE', #661, 1.500000000000001332 ) ;
#900 = FACE_BOUND ( 'NONE', #1225, .T. ) ;
#901 = DIRECTION ( 'NONE',  ( -0.000000000000000000, -1.000000000000000000, -0.000000000000000000 ) ) ;
#902 = ORIENTED_EDGE ( 'NONE', *, *, #2749, .F. ) ;
#903 = CARTESIAN_POINT ( 'NONE',  ( -74.37499999999994316, 0.000000000000000000, -144.5000000000000284 ) ) ;
#904 = CYLINDRICAL_SURFACE ( 'NONE', #428, 1.250000000000001110 ) ;
#905 = ORIENTED_EDGE ( 'NONE', *, *, #122, .T. ) ;
#906 = EDGE_CURVE ( 'NONE', #1587, #2724, #851, .T. ) ;
#907 = EDGE_CURVE ( 'NONE', #361, #321, #2596, .T. ) ;
#908 = EDGE_LOOP ( 'NONE', ( #2322, #927, #2615, #1829 ) ) ;
#909 = FACE_OUTER_BOUND ( 'NONE', #256, .T. ) ;
#910 = EDGE_LOOP ( 'NONE', ( #1489, #324 ) ) ;
#911 = CARTESIAN_POINT ( 'NONE',  ( -49.99999999999996447, 3.000000000000000000, -128.5999999999999659 ) ) ;
#912 = FACE_BOUND ( 'NONE', #638, .T. ) ;
#913 = CYLINDRICAL_SURFACE ( 'NONE', #1488, 1.500000000000001332 ) ;
#914 = ORIENTED_EDGE ( 'NONE', *, *, #304, .T. ) ;
#915 = CARTESIAN_POINT ( 'NONE',  ( -49.37499999999992184, 3.000000000000000000, -50.00000000000000000 ) ) ;
#916 = EDGE_CURVE ( 'NONE', #2274, #673, #2427, .T. ) ;
#917 = DIRECTION ( 'NONE',  ( 0.000000000000000000, -1.000000000000000000, 0.000000000000000000 ) ) ;
#918 = CARTESIAN_POINT ( 'NONE',  ( -74.87499999999991473, 3.000000000000000000, -18.00000000000000355 ) ) ;
#919 = ORIENTED_EDGE ( 'NONE', *, *, #1353, .T. ) ;
#920 = AXIS2_PLACEMENT_3D ( 'NONE', #2369, #182, #1714 ) ;
#921 = ORIENTED_EDGE ( 'NONE', *, *, #149, .F. ) ;
#922 = CARTESIAN_POINT ( 'NONE',  ( -9.188135391866486756, 3.000000000000000000, -228.1714929705271118 ) ) ;
#923 = VERTEX_POINT ( 'NONE', #2410 ) ;
#924 = LINE ( 'NONE', #328, #334 ) ;
#925 = FACE_BOUND ( 'NONE', #1767, .T. ) ;
#926 = DIRECTION ( 'NONE',  ( -1.000000000000000000, 0.000000000000000000, -0.000000000000000000 ) ) ;
#927 = ORIENTED_EDGE ( 'NONE', *, *, #578, .T. ) ;
#928 = DIRECTION ( 'NONE',  ( 0.000000000000000000, 0.000000000000000000, -1.000000000000000000 ) ) ;
#929 = DIRECTION ( 'NONE',  ( -0.000000000000000000, -1.000000000000000000, -0.000000000000000000 ) ) ;
#930 = EDGE_CURVE ( 'NONE', #1514, #746, #1770, .T. ) ;
#931 = ORIENTED_EDGE ( 'NONE', *, *, #2203, .F. ) ;
#932 = LINE ( 'NONE', #556, #208 ) ;
#933 = VECTOR ( 'NONE', #1403, 1000.000000000000000 ) ;
#934 = EDGE_LOOP ( 'NONE', ( #962, #2121, #1356, #336 ) ) ;
#935 = CARTESIAN_POINT ( 'NONE',  ( -73.95259998431579618, 3.000000000000000000, -211.6437262863844353 ) ) ;
#936 = AXIS2_PLACEMENT_3D ( 'NONE', #2720, #502, #54 ) ;
#937 = VERTEX_POINT ( 'NONE', #1102 ) ;
#938 = EDGE_CURVE ( 'NONE', #1418, #2517, #1985, .T. ) ;
#939 = DIRECTION ( 'NONE',  ( 1.000000000000000000, 0.000000000000000000, 0.000000000000000000 ) ) ;
#940 = CARTESIAN_POINT ( 'NONE',  ( 4.374999999999919176, 3.000000000000000000, -5.000000000000017764 ) ) ;
#941 = AXIS2_PLACEMENT_3D ( 'NONE', #2390, #886, #480 ) ;
#942 = APPLICATION_CONTEXT ( 'automotive_design' ) ;
#943 = AXIS2_PLACEMENT_3D ( 'NONE', #1831, #2468, #490 ) ;
#944 = CARTESIAN_POINT ( 'NONE',  ( 65.20895390387087787, 0.000000000000000000, 2.527565931617734051E-14 ) ) ;
#945 = EDGE_CURVE ( 'NONE', #2577, #1522, #528, .T. ) ;
#946 = ORIENTED_EDGE ( 'NONE', *, *, #1289, .F. ) ;
#947 = CARTESIAN_POINT ( 'NONE',  ( -79.37499999999998579, 3.000000000000000000, -193.7860499750869678 ) ) ;
#948 = AXIS2_PLACEMENT_3D ( 'NONE', #1293, #2170, #829 ) ;
#949 = VECTOR ( 'NONE', #2523, 1000.000000000000000 ) ;
#950 = DIRECTION ( 'NONE',  ( 0.000000000000000000, -1.000000000000000000, 0.000000000000000000 ) ) ;
#951 = EDGE_LOOP ( 'NONE', ( #1068, #2657, #580, #1992 ) ) ;
#952 = DIRECTION ( 'NONE',  ( -0.000000000000000000, -1.000000000000000000, -0.000000000000000000 ) ) ;
#953 = VERTEX_POINT ( 'NONE', #2455 ) ;
#954 = LINE ( 'NONE', #2758, #1476 ) ;
#955 = ORIENTED_EDGE ( 'NONE', *, *, #1157, .T. ) ;
#956 = FACE_OUTER_BOUND ( 'NONE', #1008, .T. ) ;
#957 = CARTESIAN_POINT ( 'NONE',  ( -39.37499999999991473, 3.000000000000000000, -66.00000000000000000 ) ) ;
#958 = CARTESIAN_POINT ( 'NONE',  ( 39.37499999999992895, 3.000000000000000000, -66.00000000000000000 ) ) ;
#959 = ORIENTED_EDGE ( 'NONE', *, *, #726, .F. ) ;
#960 = CARTESIAN_POINT ( 'NONE',  ( -64.67499999999994031, 3.000000000000000000, -118.0000000000000142 ) ) ;
#961 = CARTESIAN_POINT ( 'NONE',  ( 12.87499999999993072, 3.000000000000000000, -67.50000000000000000 ) ) ;
#962 = ORIENTED_EDGE ( 'NONE', *, *, #365, .T. ) ;
#963 = CARTESIAN_POINT ( 'NONE',  ( -64.67499999999994031, 0.000000000000000000, -118.0000000000000142 ) ) ;
#964 = ORIENTED_EDGE ( 'NONE', *, *, #1847, .T. ) ;
#965 = VECTOR ( 'NONE', #359, 1000.000000000000000 ) ;
#966 = EDGE_CURVE ( 'NONE', #2724, #1441, #2011, .T. ) ;
#967 = ORIENTED_EDGE ( 'NONE', *, *, #1555, .F. ) ;
#968 = DIRECTION ( 'NONE',  ( 0.000000000000000000, -1.000000000000000000, 0.000000000000000000 ) ) ;
#969 = CYLINDRICAL_SURFACE ( 'NONE', #2164, 1.500000000000001332 ) ;
#970 = AXIS2_PLACEMENT_3D ( 'NONE', #872, #2201, #2417 ) ;
#971 = DIRECTION ( 'NONE',  ( 0.000000000000000000, -1.000000000000000000, 0.000000000000000000 ) ) ;
#972 = ORIENTED_EDGE ( 'NONE', *, *, #2227, .F. ) ;
#973 = LINE ( 'NONE', #947, #2794 ) ;
#974 = DIRECTION ( 'NONE',  ( -2.271842395027065735E-16, 0.000000000000000000, -1.000000000000000000 ) ) ;
#975 = ORIENTED_EDGE ( 'NONE', *, *, #1288, .F. ) ;
#976 = CARTESIAN_POINT ( 'NONE',  ( -49.99999999999994316, 3.000000000000000000, -186.0999999999999375 ) ) ;
#977 = ORIENTED_EDGE ( 'NONE', *, *, #1961, .F. ) ;
#978 = EDGE_CURVE ( 'NONE', #2698, #2543, #2643, .T. ) ;
#979 = ORIENTED_EDGE ( 'NONE', *, *, #2493, .T. ) ;
#980 = AXIS2_PLACEMENT_3D ( 'NONE', #2252, #1173, #505 ) ;
#981 = DIRECTION ( 'NONE',  ( 0.000000000000000000, -1.000000000000000000, 0.000000000000000000 ) ) ;
#982 = DIRECTION ( 'NONE',  ( 0.000000000000000000, 0.000000000000000000, 1.000000000000000000 ) ) ;
#983 = ORIENTED_EDGE ( 'NONE', *, *, #1738, .F. ) ;
#984 = CIRCLE ( 'NONE', #2048, 1.500000000000001332 ) ;
#985 = DIRECTION ( 'NONE',  ( 0.000000000000000000, 0.000000000000000000, 1.000000000000000000 ) ) ;
#986 = CIRCLE ( 'NONE', #894, 1.250000000000028866 ) ;
#987 = EDGE_CURVE ( 'NONE', #1470, #285, #2325, .T. ) ;
#988 = VECTOR ( 'NONE', #1801, 1000.000000000000000 ) ;
#989 = DIRECTION ( 'NONE',  ( 0.000000000000000000, 1.000000000000000000, 0.000000000000000000 ) ) ;
#990 = EDGE_LOOP ( 'NONE', ( #666, #972, #1858, #1084 ) ) ;
#991 = AXIS2_PLACEMENT_3D ( 'NONE', #1449, #2331, #1678 ) ;
#992 = CARTESIAN_POINT ( 'NONE',  ( -74.87499999999991473, 3.000000000000000000, -41.50000000000000711 ) ) ;
#993 = CARTESIAN_POINT ( 'NONE',  ( -4.374999999999918288, 3.000000000000000000, -3.750000000000018208 ) ) ;
#994 = ADVANCED_FACE ( 'NONE', ( #2237 ), #1186, .F. ) ;
#995 = ORIENTED_EDGE ( 'NONE', *, *, #2515, .F. ) ;
#996 = ORIENTED_EDGE ( 'NONE', *, *, #180, .T. ) ;
#997 = CARTESIAN_POINT ( 'NONE',  ( -74.87499999999991473, 3.000000000000000000, -44.50000000000000000 ) ) ;
#998 = CARTESIAN_POINT ( 'NONE',  ( -65.20895390387087787, 0.000000000000000000, -14.16604609612900845 ) ) ;
#999 = CARTESIAN_POINT ( 'NONE',  ( -74.37499999999994316, 0.000000000000000000, -143.0000000000000284 ) ) ;
#1000 = EDGE_LOOP ( 'NONE', ( #2741, #716 ) ) ;
#1001 = CYLINDRICAL_SURFACE ( 'NONE', #2551, 1.500000000000001332 ) ;
#1002 = DIRECTION ( 'NONE',  ( -0.000000000000000000, -1.000000000000000000, -0.000000000000000000 ) ) ;
#1003 = ORIENTED_EDGE ( 'NONE', *, *, #325, .T. ) ;
#1004 = EDGE_CURVE ( 'NONE', #285, #361, #1399, .T. ) ;
#1005 = CARTESIAN_POINT ( 'NONE',  ( -74.37499999999994316, 3.000000000000000000, -169.5000000000000000 ) ) ;
#1006 = LINE ( 'NONE', #2602, #2497 ) ;
#1007 = DIRECTION ( 'NONE',  ( 0.000000000000000000, 0.000000000000000000, 1.000000000000000000 ) ) ;
#1008 = EDGE_LOOP ( 'NONE', ( #2085, #2297, #1923, #1290 ) ) ;
#1009 = AXIS2_PLACEMENT_3D ( 'NONE', #2354, #981, #1861 ) ;
#1010 = ORIENTED_EDGE ( 'NONE', *, *, #1004, .F. ) ;
#1011 = CARTESIAN_POINT ( 'NONE',  ( 49.99999999999997158, 0.000000000000000000, -179.5999999999999375 ) ) ;
#1012 = CARTESIAN_POINT ( 'NONE',  ( -49.99999999999994316, 0.000000000000000000, -187.3499999999999375 ) ) ;
#1013 = CIRCLE ( 'NONE', #2617, 1.500000000000001332 ) ;
#1014 = LINE ( 'NONE', #739, #1997 ) ;
#1015 = ORIENTED_EDGE ( 'NONE', *, *, #2649, .T. ) ;
#1016 = DIRECTION ( 'NONE',  ( 0.000000000000000000, 1.000000000000000000, 0.000000000000000000 ) ) ;
#1017 = DIRECTION ( 'NONE',  ( 0.000000000000000000, 1.000000000000000000, 0.000000000000000000 ) ) ;
#1018 = EDGE_CURVE ( 'NONE', #1205, #2764, #680, .T. ) ;
#1019 = ORIENTED_EDGE ( 'NONE', *, *, #2520, .T. ) ;
#1020 = CARTESIAN_POINT ( 'NONE',  ( 39.37499999999991473, 3.000000000000000000, -7.500000000000000888 ) ) ;
#1021 = ADVANCED_FACE ( 'NONE', ( #2681 ), #2066, .F. ) ;
#1022 = CYLINDRICAL_SURFACE ( 'NONE', #800, 1.500000000000001332 ) ;
#1023 = CARTESIAN_POINT ( 'NONE',  ( 13.37499999999992006, 3.000000000000000000, -7.500000000000012434 ) ) ;
#1024 = ORIENTED_EDGE ( 'NONE', *, *, #1532, .F. ) ;
#1025 = VERTEX_POINT ( 'NONE', #1342 ) ;
#1026 = DIRECTION ( 'NONE',  ( -0.000000000000000000, -1.000000000000000000, -0.000000000000000000 ) ) ;
#1027 = DIRECTION ( 'NONE',  ( 0.000000000000000000, -1.000000000000000000, 0.000000000000000000 ) ) ;
#1028 = EDGE_CURVE ( 'NONE', #2270, #1209, #2096, .T. ) ;
#1029 = DIRECTION ( 'NONE',  ( 0.000000000000000000, 0.000000000000000000, 1.000000000000000000 ) ) ;
#1030 = CIRCLE ( 'NONE', #1124, 1.500000000000001332 ) ;
#1031 = ORIENTED_EDGE ( 'NONE', *, *, #41, .T. ) ;
#1032 = CARTESIAN_POINT ( 'NONE',  ( 9.188135391866527613, 0.000000000000000000, -228.1714929705271118 ) ) ;
#1033 = VECTOR ( 'NONE', #2797, 1000.000000000000000 ) ;
#1034 = DIRECTION ( 'NONE',  ( 0.000000000000000000, -1.000000000000000000, 0.000000000000000000 ) ) ;
#1035 = ORIENTED_EDGE ( 'NONE', *, *, #1622, .F. ) ;
#1036 = CARTESIAN_POINT ( 'NONE',  ( -73.95259998431579618, 0.000000000000000000, -211.6437262863844353 ) ) ;
#1037 = VECTOR ( 'NONE', #2059, 1000.000000000000000 ) ;
#1038 = EDGE_CURVE ( 'NONE', #2195, #96, #804, .T. ) ;
#1039 = AXIS2_PLACEMENT_3D ( 'NONE', #1180, #2061, #2074 ) ;
#1040 = CIRCLE ( 'NONE', #2501, 1.499999999999997780 ) ;
#1041 = FACE_OUTER_BOUND ( 'NONE', #124, .T. ) ;
#1042 = LINE ( 'NONE', #112, #1601 ) ;
#1043 = VECTOR ( 'NONE', #2856, 1000.000000000000000 ) ;
#1044 = ORIENTED_EDGE ( 'NONE', *, *, #635, .T. ) ;
#1045 = AXIS2_PLACEMENT_3D ( 'NONE', #153, #2788, #582 ) ;
#1046 = ORIENTED_EDGE ( 'NONE', *, *, #2558, .F. ) ;
#1047 = CARTESIAN_POINT ( 'NONE',  ( -74.37499999999994316, 3.000000000000000000, -168.0000000000000000 ) ) ;
#1048 = ADVANCED_FACE ( 'NONE', ( #28, #2221, #2707, #736, #459, #275, #2035, #2489, #1585, #2282, #912, #1788, #303, #900, #2668, #1774, #55, #472, #692, #1358, #263, #1143, #2024, #40, #925, #1819, #2696, #721 ), #1597, .F. ) ;
#1049 = FACE_OUTER_BOUND ( 'NONE', #1525, .T. ) ;
#1050 = VERTEX_POINT ( 'NONE', #315 ) ;
#1051 = CARTESIAN_POINT ( 'NONE',  ( -12.87499999999991829, 3.000000000000000000, -36.00000000000001421 ) ) ;
#1052 = CARTESIAN_POINT ( 'NONE',  ( -39.37499999999991473, 3.000000000000000000, -39.00000000000000711 ) ) ;
#1053 = EDGE_CURVE ( 'NONE', #2735, #1191, #1814, .T. ) ;
#1054 = CIRCLE ( 'NONE', #2190, 1.500000000000001332 ) ;
#1055 = DIRECTION ( 'NONE',  ( 0.000000000000000000, 1.000000000000000000, 0.000000000000000000 ) ) ;
#1056 = ORIENTED_EDGE ( 'NONE', *, *, #657, .T. ) ;
#1057 = DIRECTION ( 'NONE',  ( 0.000000000000000000, 0.000000000000000000, -1.000000000000000000 ) ) ;
#1058 = CARTESIAN_POINT ( 'NONE',  ( 0.000000000000000000, 0.000000000000000000, -228.5999999999999943 ) ) ;
#1059 = CARTESIAN_POINT ( 'NONE',  ( -49.99999999999994316, 3.000000000000000000, -188.5999999999999943 ) ) ;
#1060 = ORIENTED_EDGE ( 'NONE', *, *, #230, .T. ) ;
#1061 = VERTEX_POINT ( 'NONE', #2548 ) ;
#1062 = LINE ( 'NONE', #1925, #2665 ) ;
#1063 = EDGE_CURVE ( 'NONE', #1595, #1174, #1401, .T. ) ;
#1064 = ORIENTED_EDGE ( 'NONE', *, *, #2411, .F. ) ;
#1065 = AXIS2_PLACEMENT_3D ( 'NONE', #1012, #1891, #2766 ) ;
#1066 = CARTESIAN_POINT ( 'NONE',  ( 39.37499999999992184, 0.000000000000000000, -37.50000000000000000 ) ) ;
#1067 = FACE_BOUND ( 'NONE', #1000, .T. ) ;
#1068 = ORIENTED_EDGE ( 'NONE', *, *, #657, .F. ) ;
#1069 = DIRECTION ( 'NONE',  ( -0.000000000000000000, -1.000000000000000000, -0.000000000000000000 ) ) ;
#1070 = LINE ( 'NONE', #2379, #1910 ) ;
#1071 = ORIENTED_EDGE ( 'NONE', *, *, #2382, .T. ) ;
#1072 = CARTESIAN_POINT ( 'NONE',  ( 74.37499999999997158, 3.000000000000000000, -144.5000000000000284 ) ) ;
#1073 = DIRECTION ( 'NONE',  ( -0.000000000000000000, -1.000000000000000000, -0.000000000000000000 ) ) ;
#1074 = EDGE_CURVE ( 'NONE', #1736, #2844, #1313, .T. ) ;
#1075 = ORIENTED_EDGE ( 'NONE', *, *, #281, .F. ) ;
#1076 = DIRECTION ( 'NONE',  ( 0.000000000000000000, 0.000000000000000000, 1.000000000000000000 ) ) ;
#1077 = AXIS2_PLACEMENT_3D ( 'NONE', #1187, #2068, #2740 ) ;
#1078 = FACE_BOUND ( 'NONE', #2022, .T. ) ;
#1079 = EDGE_LOOP ( 'NONE', ( #506, #830, #2832, #1590 ) ) ;
#1080 = CARTESIAN_POINT ( 'NONE',  ( 74.87499999999991473, 3.000000000000000000, -17.99999999999998934 ) ) ;
#1081 = VECTOR ( 'NONE', #763, 1000.000000000000000 ) ;
#1082 = SHAPE_DEFINITION_REPRESENTATION ( #2449, #2100 ) ;
#1083 = CARTESIAN_POINT ( 'NONE',  ( 49.37499999999996447, 0.000000000000000000, -117.9999999999999858 ) ) ;
#1084 = ORIENTED_EDGE ( 'NONE', *, *, #243, .T. ) ;
#1085 = CIRCLE ( 'NONE', #60, 1.500000000000001332 ) ;
#1086 = VECTOR ( 'NONE', #2479, 1000.000000000000000 ) ;
#1087 = CARTESIAN_POINT ( 'NONE',  ( -12.87499999999991829, 3.000000000000000000, -66.00000000000000000 ) ) ;
#1088 = CARTESIAN_POINT ( 'NONE',  ( -39.37499999999991473, 3.000000000000000000, -67.50000000000000000 ) ) ;
#1089 = AXIS2_PLACEMENT_3D ( 'NONE', #2099, #1477, #173 ) ;
#1090 = EDGE_LOOP ( 'NONE', ( #2069, #2491, #357, #2191 ) ) ;
#1091 = FILL_AREA_STYLE ('',( #1544 ) ) ;
#1092 = DIRECTION ( 'NONE',  ( -0.000000000000000000, -1.000000000000000000, -0.000000000000000000 ) ) ;
#1093 = CARTESIAN_POINT ( 'NONE',  ( 74.87499999999992895, 3.000000000000000000, -44.49999999999998579 ) ) ;
#1094 = ORIENTED_EDGE ( 'NONE', *, *, #1511, .T. ) ;
#1095 = CARTESIAN_POINT ( 'NONE',  ( 12.87499999999993072, 3.000000000000000000, -66.00000000000000000 ) ) ;
#1096 = PLANE ( 'NONE',  #1768 ) ;
#1097 = EDGE_CURVE ( 'NONE', #2056, #937, #2051, .T. ) ;
#1098 = ORIENTED_EDGE ( 'NONE', *, *, #693, .F. ) ;
#1099 = VERTEX_POINT ( 'NONE', #1653 ) ;
#1100 = VERTEX_POINT ( 'NONE', #1687 ) ;
#1101 = DIRECTION ( 'NONE',  ( 0.000000000000000000, -1.000000000000000000, 0.000000000000000000 ) ) ;
#1102 = CARTESIAN_POINT ( 'NONE',  ( 39.37499999999992895, 3.000000000000000000, -69.00000000000000000 ) ) ;
#1103 = EDGE_CURVE ( 'NONE', #2854, #1184, #1677, .T. ) ;
#1104 = FACE_BOUND ( 'NONE', #543, .T. ) ;
#1105 = VECTOR ( 'NONE', #2105, 1000.000000000000000 ) ;
#1106 = ORIENTED_EDGE ( 'NONE', *, *, #2046, .T. ) ;
#1107 = CARTESIAN_POINT ( 'NONE',  ( -79.37499999999992895, 0.000000000000000000, -132.7000000000000171 ) ) ;
#1108 = ADVANCED_FACE ( 'NONE', ( #577 ), #561, .F. ) ;
#1109 = DIRECTION ( 'NONE',  ( 1.000000000000000000, 0.000000000000000000, 0.000000000000000000 ) ) ;
#1110 = ORIENTED_EDGE ( 'NONE', *, *, #2312, .T. ) ;
#1111 = AXIS2_PLACEMENT_3D ( 'NONE', #1222, #2050, #1263 ) ;
#1112 = EDGE_CURVE ( 'NONE', #2458, #1736, #2123, .T. ) ;
#1113 = VECTOR ( 'NONE', #411, 1000.000000000000000 ) ;
#1114 = CARTESIAN_POINT ( 'NONE',  ( 49.37499999999996447, 0.000000000000000000, -117.9999999999999858 ) ) ;
#1115 = VERTEX_POINT ( 'NONE', #148 ) ;
#1116 = CARTESIAN_POINT ( 'NONE',  ( 74.37499999999998579, 0.000000000000000000, -193.0000000000000000 ) ) ;
#1117 = EDGE_CURVE ( 'NONE', #1968, #1393, #329, .T. ) ;
#1118 = LINE ( 'NONE', #2210, #1211 ) ;
#1119 = ORIENTED_EDGE ( 'NONE', *, *, #1214, .T. ) ;
#1120 = CARTESIAN_POINT ( 'NONE',  ( -65.20895390387087787, 0.000000000000000000, 0.000000000000000000 ) ) ;
#1121 = CYLINDRICAL_SURFACE ( 'NONE', #473, 1.250000000000000222 ) ;
#1122 = CYLINDRICAL_SURFACE ( 'NONE', #2637, 1.250000000000000222 ) ;
#1123 = ORIENTED_EDGE ( 'NONE', *, *, #1828, .T. ) ;
#1124 = AXIS2_PLACEMENT_3D ( 'NONE', #1430, #535, #1893 ) ;
#1125 = VECTOR ( 'NONE', #952, 1000.000000000000000 ) ;
#1126 = DIRECTION ( 'NONE',  ( 0.000000000000000000, 0.000000000000000000, 1.000000000000000000 ) ) ;
#1127 = CIRCLE ( 'NONE', #249, 1.500000000000001332 ) ;
#1128 = EDGE_CURVE ( 'NONE', #6, #655, #1444, .T. ) ;
#1129 = ORIENTED_EDGE ( 'NONE', *, *, #1128, .F. ) ;
#1130 =( NAMED_UNIT ( * ) PLANE_ANGLE_UNIT ( ) SI_UNIT ( $, .RADIAN. ) );
#1131 = DIRECTION ( 'NONE',  ( -0.000000000000000000, 1.000000000000000000, -0.000000000000000000 ) ) ;
#1132 = AXIS2_PLACEMENT_3D ( 'NONE', #1851, #1881, #974 ) ;
#1133 = DIRECTION ( 'NONE',  ( -1.000000000000000000, 0.000000000000000000, -5.829602059562853645E-16 ) ) ;
#1134 = ORIENTED_EDGE ( 'NONE', *, *, #726, .T. ) ;
#1135 = DIRECTION ( 'NONE',  ( -0.000000000000000000, -1.000000000000000000, -0.000000000000000000 ) ) ;
#1136 = FACE_OUTER_BOUND ( 'NONE', #774, .T. ) ;
#1137 = LINE ( 'NONE', #62, #2377 ) ;
#1138 = EDGE_LOOP ( 'NONE', ( #1338, #2538, #610, #1623 ) ) ;
#1139 = ORIENTED_EDGE ( 'NONE', *, *, #2326, .T. ) ;
#1140 = CYLINDRICAL_SURFACE ( 'NONE', #2853, 1.500000000000001332 ) ;
#1141 = ORIENTED_EDGE ( 'NONE', *, *, #413, .T. ) ;
#1142 = LINE ( 'NONE', #2207, #205 ) ;
#1143 = FACE_BOUND ( 'NONE', #787, .T. ) ;
#1144 = ADVANCED_FACE ( 'NONE', ( #89 ), #969, .F. ) ;
#1145 = DIRECTION ( 'NONE',  ( -0.000000000000000000, -1.000000000000000000, -0.000000000000000000 ) ) ;
#1146 = ORIENTED_EDGE ( 'NONE', *, *, #180, .F. ) ;
#1147 = CARTESIAN_POINT ( 'NONE',  ( 79.37500000000001421, 3.000000000000000000, -193.7860499750869678 ) ) ;
#1148 = DIRECTION ( 'NONE',  ( 1.000000000000000000, 0.000000000000000000, 5.551115123125780730E-16 ) ) ;
#1149 = ORIENTED_EDGE ( 'NONE', *, *, #29, .T. ) ;
#1150 = EDGE_CURVE ( 'NONE', #1365, #2151, #1907, .T. ) ;
#1151 = ORIENTED_EDGE ( 'NONE', *, *, #2140, .F. ) ;
#1152 = CARTESIAN_POINT ( 'NONE',  ( -54.66045604183067752, 3.000000000000000000, -223.6018425576303912 ) ) ;
#1153 = AXIS2_PLACEMENT_3D ( 'NONE', #1771, #1327, #1126 ) ;
#1154 = ORIENTED_EDGE ( 'NONE', *, *, #1411, .F. ) ;
#1155 = FACE_OUTER_BOUND ( 'NONE', #2496, .T. ) ;
#1156 = DIRECTION ( 'NONE',  ( -0.000000000000000000, -1.000000000000000000, -0.000000000000000000 ) ) ;
#1157 = EDGE_CURVE ( 'NONE', #2458, #414, #687, .T. ) ;
#1158 = DIRECTION ( 'NONE',  ( 0.000000000000000000, 0.000000000000000000, 1.000000000000000000 ) ) ;
#1159 = EDGE_LOOP ( 'NONE', ( #812, #2508, #261, #809 ) ) ;
#1160 = DIRECTION ( 'NONE',  ( 0.000000000000000000, 1.000000000000000000, 0.000000000000000000 ) ) ;
#1161 = DIRECTION ( 'NONE',  ( 0.000000000000000000, 0.000000000000000000, -1.000000000000000000 ) ) ;
#1162 = ORIENTED_EDGE ( 'NONE', *, *, #509, .F. ) ;
#1163 = CARTESIAN_POINT ( 'NONE',  ( 79.37499999999991473, 0.000000000000000000, -14.16604609612901555 ) ) ;
#1164 = MECHANICAL_DESIGN_GEOMETRIC_PRESENTATION_REPRESENTATION (  '', ( #1619 ), #2494 ) ;
#1165 = ORIENTED_EDGE ( 'NONE', *, *, #1112, .F. ) ;
#1166 = DIRECTION ( 'NONE',  ( 0.000000000000000000, 1.000000000000000000, 0.000000000000000000 ) ) ;
#1167 = AXIS2_PLACEMENT_3D ( 'NONE', #131, #2094, #2323 ) ;
#1168 = ORIENTED_EDGE ( 'NONE', *, *, #2167, .T. ) ;
#1169 = VECTOR ( 'NONE', #227, 1000.000000000000000 ) ;
#1170 = DIRECTION ( 'NONE',  ( 0.000000000000000000, 0.000000000000000000, 1.000000000000000000 ) ) ;
#1171 = AXIS2_PLACEMENT_3D ( 'NONE', #1753, #202, #1109 ) ;
#1172 = CIRCLE ( 'NONE', #61, 1.500000000000003997 ) ;
#1173 = DIRECTION ( 'NONE',  ( 0.000000000000000000, 0.000000000000000000, -1.000000000000000000 ) ) ;
#1174 = VERTEX_POINT ( 'NONE', #2080 ) ;
#1175 = CYLINDRICAL_SURFACE ( 'NONE', #1413, 1.500000000000001332 ) ;
#1176 = VECTOR ( 'NONE', #841, 1000.000000000000000 ) ;
#1177 = LINE ( 'NONE', #1376, #15 ) ;
#1178 = ORIENTED_EDGE ( 'NONE', *, *, #453, .T. ) ;
#1179 = ADVANCED_FACE ( 'NONE', ( #102 ), #1473, .F. ) ;
#1180 = CARTESIAN_POINT ( 'NONE',  ( -64.67499999999994031, 3.000000000000000000, -132.7000000000000171 ) ) ;
#1181 = EDGE_LOOP ( 'NONE', ( #265, #1983, #1377, #2256 ) ) ;
#1182 = CIRCLE ( 'NONE', #1583, 1.499999999999994449 ) ;
#1183 = PRODUCT ( 'CarPlexiPlate', 'CarPlexiPlate', '', ( #645 ) ) ;
#1184 = VERTEX_POINT ( 'NONE', #132 ) ;
#1185 = VECTOR ( 'NONE', #1368, 1000.000000000000000 ) ;
#1186 = PLANE ( 'NONE',  #943 ) ;
#1187 = CARTESIAN_POINT ( 'NONE',  ( 74.87499999999991473, 0.000000000000000000, -17.99999999999998934 ) ) ;
#1188 = VERTEX_POINT ( 'NONE', #2095 ) ;
#1189 = DIRECTION ( 'NONE',  ( 0.000000000000000000, -1.000000000000000000, 0.000000000000000000 ) ) ;
#1190 = DIRECTION ( 'NONE',  ( -0.000000000000000000, -1.000000000000000000, -0.000000000000000000 ) ) ;
#1191 = VERTEX_POINT ( 'NONE', #764 ) ;
#1192 = EDGE_CURVE ( 'NONE', #2215, #109, #1332, .T. ) ;
#1193 = DIRECTION ( 'NONE',  ( 0.000000000000000000, 0.000000000000000000, 1.000000000000000000 ) ) ;
#1194 = ORIENTED_EDGE ( 'NONE', *, *, #1319, .F. ) ;
#1195 = VECTOR ( 'NONE', #2781, 1000.000000000000000 ) ;
#1196 = EDGE_CURVE ( 'NONE', #1889, #2108, #2573, .T. ) ;
#1197 = EDGE_LOOP ( 'NONE', ( #1254, #1386, #1727, #2618 ) ) ;
#1198 = CARTESIAN_POINT ( 'NONE',  ( 39.37499999999992184, 3.000000000000000000, -37.50000000000000000 ) ) ;
#1199 = DIRECTION ( 'NONE',  ( 0.000000000000000000, 0.000000000000000000, 1.000000000000000000 ) ) ;
#1200 = AXIS2_PLACEMENT_3D ( 'NONE', #2315, #1481, #1827 ) ;
#1201 = DIRECTION ( 'NONE',  ( 0.000000000000000000, 0.000000000000000000, 1.000000000000000000 ) ) ;
#1202 = ORIENTED_EDGE ( 'NONE', *, *, #527, .T. ) ;
#1203 = CARTESIAN_POINT ( 'NONE',  ( 3.769684451083469194E-14, 3.000000000000000000, -228.5999999999999943 ) ) ;
#1204 = DIRECTION ( 'NONE',  ( -0.000000000000000000, -1.000000000000000000, -0.000000000000000000 ) ) ;
#1205 = VERTEX_POINT ( 'NONE', #790 ) ;
#1206 = EDGE_CURVE ( 'NONE', #2522, #1216, #90, .T. ) ;
#1207 = CARTESIAN_POINT ( 'NONE',  ( -39.37499999999991473, 3.000000000000000000, -6.000000000000003553 ) ) ;
#1208 = CARTESIAN_POINT ( 'NONE',  ( -49.99999999999994316, 3.000000000000000000, -187.3499999999999375 ) ) ;
#1209 = VERTEX_POINT ( 'NONE', #195 ) ;
#1210 = ORIENTED_EDGE ( 'NONE', *, *, #2846, .T. ) ;
#1211 = VECTOR ( 'NONE', #1776, 1000.000000000000000 ) ;
#1212 = CARTESIAN_POINT ( 'NONE',  ( -12.87499999999991829, 0.000000000000000000, -36.00000000000001421 ) ) ;
#1213 = CARTESIAN_POINT ( 'NONE',  ( 39.37499999999992184, 3.000000000000000000, -37.50000000000000000 ) ) ;
#1214 = EDGE_CURVE ( 'NONE', #1603, #349, #2177, .T. ) ;
#1215 = DIRECTION ( 'NONE',  ( -0.000000000000000000, -1.000000000000000000, -0.000000000000000000 ) ) ;
#1216 = VERTEX_POINT ( 'NONE', #1274 ) ;
#1217 = LINE ( 'NONE', #152, #2791 ) ;
#1218 = CIRCLE ( 'NONE', #2549, 14.16604609612902266 ) ;
#1219 = DIRECTION ( 'NONE',  ( 0.000000000000000000, 1.000000000000000000, 0.000000000000000000 ) ) ;
#1220 = EDGE_LOOP ( 'NONE', ( #1479, #979 ) ) ;
#1221 = EDGE_CURVE ( 'NONE', #2581, #1475, #498, .T. ) ;
#1222 = CARTESIAN_POINT ( 'NONE',  ( 74.87499999999991473, 3.000000000000000000, -17.99999999999998934 ) ) ;
#1223 = CARTESIAN_POINT ( 'NONE',  ( 39.37499999999991473, 3.000000000000000000, -9.000000000000005329 ) ) ;
#1224 = CARTESIAN_POINT ( 'NONE',  ( -12.87499999999991829, 3.000000000000000000, -66.00000000000000000 ) ) ;
#1225 = EDGE_LOOP ( 'NONE', ( #2089, #296 ) ) ;
#1226 = ORIENTED_EDGE ( 'NONE', *, *, #381, .T. ) ;
#1227 = CARTESIAN_POINT ( 'NONE',  ( -49.99999999999994316, 3.000000000000000000, -179.5999999999999375 ) ) ;
#1228 = DIRECTION ( 'NONE',  ( 0.000000000000000000, -0.000000000000000000, 1.000000000000000000 ) ) ;
#1229 = ADVANCED_FACE ( 'NONE', ( #1487 ), #837, .F. ) ;
#1230 = DIRECTION ( 'NONE',  ( -0.000000000000000000, -1.000000000000000000, -0.000000000000000000 ) ) ;
#1231 = ORIENTED_EDGE ( 'NONE', *, *, #475, .T. ) ;
#1232 = DIRECTION ( 'NONE',  ( 0.000000000000000000, 1.000000000000000000, 0.000000000000000000 ) ) ;
#1233 = EDGE_CURVE ( 'NONE', #2056, #1025, #864, .T. ) ;
#1234 = CARTESIAN_POINT ( 'NONE',  ( 79.37499999999991473, 3.000000000000000000, -14.16604609612901555 ) ) ;
#1235 = ORIENTED_EDGE ( 'NONE', *, *, #2078, .T. ) ;
#1236 = DIRECTION ( 'NONE',  ( 0.000000000000000000, -1.000000000000000000, 0.000000000000000000 ) ) ;
#1237 = CARTESIAN_POINT ( 'NONE',  ( 74.87499999999991473, 3.000000000000000000, -16.49999999999998934 ) ) ;
#1238 = DIRECTION ( 'NONE',  ( 0.000000000000000000, -1.000000000000000000, 0.000000000000000000 ) ) ;
#1239 = VERTEX_POINT ( 'NONE', #2620 ) ;
#1240 = EDGE_CURVE ( 'NONE', #414, #2844, #1062, .T. ) ;
#1241 = VECTOR ( 'NONE', #2733, 1000.000000000000000 ) ;
#1242 = ORIENTED_EDGE ( 'NONE', *, *, #2530, .T. ) ;
#1243 = CARTESIAN_POINT ( 'NONE',  ( -79.37499999999991473, 0.000000000000000000, -50.00000000000000000 ) ) ;
#1244 = DIRECTION ( 'NONE',  ( 0.000000000000000000, 0.000000000000000000, -1.000000000000000000 ) ) ;
#1245 = LINE ( 'NONE', #2534, #2268 ) ;
#1246 = ORIENTED_EDGE ( 'NONE', *, *, #555, .T. ) ;
#1247 = DIRECTION ( 'NONE',  ( -0.000000000000000000, -1.000000000000000000, -0.000000000000000000 ) ) ;
#1248 = LINE ( 'NONE', #2127, #1452 ) ;
#1249 = CIRCLE ( 'NONE', #1153, 1.500000000000001332 ) ;
#1250 = ORIENTED_EDGE ( 'NONE', *, *, #1296, .F. ) ;
#1251 = DIRECTION ( 'NONE',  ( 0.000000000000000000, -1.000000000000000000, 0.000000000000000000 ) ) ;
#1252 = DIRECTION ( 'NONE',  ( 0.000000000000000000, 1.000000000000000000, 0.000000000000000000 ) ) ;
#1253 = DIRECTION ( 'NONE',  ( 0.000000000000000000, 0.000000000000000000, -1.000000000000000000 ) ) ;
#1254 = ORIENTED_EDGE ( 'NONE', *, *, #578, .F. ) ;
#1255 = EDGE_LOOP ( 'NONE', ( #1645, #200, #99, #1786 ) ) ;
#1256 = CYLINDRICAL_SURFACE ( 'NONE', #56, 1.500000000000001332 ) ;
#1257 = DIRECTION ( 'NONE',  ( -0.000000000000000000, -1.000000000000000000, -0.000000000000000000 ) ) ;
#1258 = ORIENTED_EDGE ( 'NONE', *, *, #483, .F. ) ;
#1259 = FACE_OUTER_BOUND ( 'NONE', #2, .T. ) ;
#1260 = LINE ( 'NONE', #1707, #389 ) ;
#1261 = VECTOR ( 'NONE', #1765, 1000.000000000000000 ) ;
#1262 = ORIENTED_EDGE ( 'NONE', *, *, #1240, .T. ) ;
#1263 = DIRECTION ( 'NONE',  ( 0.000000000000000000, 0.000000000000000000, -1.000000000000000000 ) ) ;
#1264 = AXIS2_PLACEMENT_3D ( 'NONE', #20, #481, #1148 ) ;
#1265 = CIRCLE ( 'NONE', #430, 1.500000000000001332 ) ;
#1266 = PRODUCT_DEFINITION ( 'UNKNOWN', '', #2639, #611 ) ;
#1267 = DIRECTION ( 'NONE',  ( -0.000000000000000000, -1.000000000000000000, -0.000000000000000000 ) ) ;
#1268 = CIRCLE ( 'NONE', #1541, 1.500000000000001332 ) ;
#1269 = ORIENTED_EDGE ( 'NONE', *, *, #1836, .F. ) ;
#1270 = EDGE_CURVE ( 'NONE', #1795, #2768, #826, .T. ) ;
#1271 = VECTOR ( 'NONE', #1998, 1000.000000000000000 ) ;
#1272 = ORIENTED_EDGE ( 'NONE', *, *, #453, .F. ) ;
#1273 = CARTESIAN_POINT ( 'NONE',  ( -65.20895390387087787, 0.000000000000000000, 1.387778780781445676E-14 ) ) ;
#1274 = CARTESIAN_POINT ( 'NONE',  ( 49.99999999999997158, 3.000000000000000000, -179.5999999999999375 ) ) ;
#1275 = ORIENTED_EDGE ( 'NONE', *, *, #2106, .F. ) ;
#1276 = CARTESIAN_POINT ( 'NONE',  ( -49.99999999999994316, 0.000000000000000000, -178.3499999999999375 ) ) ;
#1277 = ADVANCED_FACE ( 'NONE', ( #1049 ), #650, .F. ) ;
#1278 = FACE_BOUND ( 'NONE', #536, .T. ) ;
#1279 = EDGE_LOOP ( 'NONE', ( #1672, #902, #2175, #530 ) ) ;
#1280 = CARTESIAN_POINT ( 'NONE',  ( 74.87499999999991473, 3.000000000000000000, -17.99999999999998934 ) ) ;
#1281 = DIRECTION ( 'NONE',  ( 0.000000000000000000, 0.000000000000000000, 1.000000000000000000 ) ) ;
#1282 = FACE_OUTER_BOUND ( 'NONE', #1761, .T. ) ;
#1283 = ORIENTED_EDGE ( 'NONE', *, *, #718, .F. ) ;
#1284 = ADVANCED_FACE ( 'NONE', ( #2154 ), #2798, .F. ) ;
#1285 = B_SPLINE_CURVE_WITH_KNOTS ( 'NONE', 3,
 ( #1895, #2083, #2113, #2786, #595, #2342, #2802 ),
 .UNSPECIFIED., .F., .F.,
 ( 4, 1, 1, 1, 4 ),
 ( 0.000000000000000000, 0.2800928068961774375, 0.6713298521798601870, 0.7738865541292181405, 1.000000000000000000 ),
 .UNSPECIFIED. ) ;
#1286 = DIRECTION ( 'NONE',  ( -1.000000000000000000, 0.000000000000000000, -1.747899763146835923E-16 ) ) ;
#1287 = DIRECTION ( 'NONE',  ( 0.000000000000000000, 0.000000000000000000, -1.000000000000000000 ) ) ;
#1288 = EDGE_CURVE ( 'NONE', #245, #2663, #1561, .T. ) ;
#1289 = EDGE_CURVE ( 'NONE', #1690, #651, #1291, .T. ) ;
#1290 = ORIENTED_EDGE ( 'NONE', *, *, #7, .T. ) ;
#1291 = CIRCLE ( 'NONE', #2616, 1.500000000000001332 ) ;
#1292 = CARTESIAN_POINT ( 'NONE',  ( 74.87499999999991473, 3.000000000000000000, -17.99999999999998934 ) ) ;
#1293 = CARTESIAN_POINT ( 'NONE',  ( -65.20895390387087787, 3.000000000000000000, 0.000000000000000000 ) ) ;
#1294 = ORIENTED_EDGE ( 'NONE', *, *, #304, .F. ) ;
#1295 = DIRECTION ( 'NONE',  ( 0.000000000000000000, 0.000000000000000000, 1.000000000000000000 ) ) ;
#1296 = EDGE_CURVE ( 'NONE', #278, #1050, #1791, .T. ) ;
#1297 = DIRECTION ( 'NONE',  ( 0.000000000000000000, -0.000000000000000000, 1.000000000000000000 ) ) ;
#1298 = CARTESIAN_POINT ( 'NONE',  ( 49.99999999999997158, 0.000000000000000000, -188.5999999999999659 ) ) ;
#1299 = VERTEX_POINT ( 'NONE', #1504 ) ;
#1300 = CARTESIAN_POINT ( 'NONE',  ( -12.87499999999991829, 3.000000000000000000, -39.00000000000001421 ) ) ;
#1301 = DIRECTION ( 'NONE',  ( -0.000000000000000000, 1.000000000000000000, -0.000000000000000000 ) ) ;
#1302 = ORIENTED_EDGE ( 'NONE', *, *, #129, .T. ) ;
#1303 = CARTESIAN_POINT ( 'NONE',  ( -12.87499999999991829, 0.000000000000000000, -39.00000000000001421 ) ) ;
#1304 = EDGE_CURVE ( 'NONE', #2320, #2701, #136, .T. ) ;
#1305 = FACE_BOUND ( 'NONE', #1562, .T. ) ;
#1306 = ORIENTED_EDGE ( 'NONE', *, *, #693, .T. ) ;
#1307 = CARTESIAN_POINT ( 'NONE',  ( -74.87499999999991473, 0.000000000000000000, -43.00000000000000000 ) ) ;
#1308 = LINE ( 'NONE', #860, #1311 ) ;
#1309 = CARTESIAN_POINT ( 'NONE',  ( -79.37499999999998579, 3.000000000000000000, -193.7860499750869678 ) ) ;
#1310 = ORIENTED_EDGE ( 'NONE', *, *, #1622, .T. ) ;
#1311 = VECTOR ( 'NONE', #917, 1000.000000000000000 ) ;
#1312 = CIRCLE ( 'NONE', #2049, 1.499999999999994449 ) ;
#1313 = CIRCLE ( 'NONE', #2418, 1.499999999999997780 ) ;
#1314 = DIRECTION ( 'NONE',  ( 0.000000000000000000, 0.000000000000000000, 1.000000000000000000 ) ) ;
#1315 = CARTESIAN_POINT ( 'NONE',  ( 39.37499999999991473, 0.000000000000000000, -7.500000000000000888 ) ) ;
#1316 = CIRCLE ( 'NONE', #1453, 1.500000000000001332 ) ;
#1317 = EDGE_LOOP ( 'NONE', ( #880, #995, #634, #2556 ) ) ;
#1318 = DIRECTION ( 'NONE',  ( 0.000000000000000000, 1.000000000000000000, 0.000000000000000000 ) ) ;
#1319 = EDGE_CURVE ( 'NONE', #1470, #321, #1954, .T. ) ;
#1320 = DIRECTION ( 'NONE',  ( -0.000000000000000000, 1.000000000000000000, -0.000000000000000000 ) ) ;
#1321 = ORIENTED_EDGE ( 'NONE', *, *, #2116, .F. ) ;
#1322 = CIRCLE ( 'NONE', #2058, 1.500000000000001332 ) ;
#1323 = EDGE_CURVE ( 'NONE', #1205, #301, #2347, .T. ) ;
#1324 = LINE ( 'NONE', #674, #665 ) ;
#1325 = DIRECTION ( 'NONE',  ( 0.000000000000000000, 0.000000000000000000, 1.000000000000000000 ) ) ;
#1326 = ORIENTED_EDGE ( 'NONE', *, *, #548, .T. ) ;
#1327 = DIRECTION ( 'NONE',  ( 0.000000000000000000, 1.000000000000000000, 0.000000000000000000 ) ) ;
#1328 = ORIENTED_EDGE ( 'NONE', *, *, #879, .F. ) ;
#1329 = CARTESIAN_POINT ( 'NONE',  ( -49.99999999999994316, 0.000000000000000000, -179.5999999999999091 ) ) ;
#1330 = ADVANCED_FACE ( 'NONE', ( #759 ), #2087, .F. ) ;
#1331 = CARTESIAN_POINT ( 'NONE',  ( 74.37499999999997158, 0.000000000000000000, -168.0000000000000000 ) ) ;
#1332 = CIRCLE ( 'NONE', #547, 1.500000000000000444 ) ;
#1333 = VERTEX_POINT ( 'NONE', #603 ) ;
#1334 = DIRECTION ( 'NONE',  ( 0.000000000000000000, 0.000000000000000000, 1.000000000000000000 ) ) ;
#1335 = LINE ( 'NONE', #1513, #1908 ) ;
#1336 = ORIENTED_EDGE ( 'NONE', *, *, #1319, .T. ) ;
#1337 = EDGE_CURVE ( 'NONE', #566, #2332, #2335, .T. ) ;
#1338 = ORIENTED_EDGE ( 'NONE', *, *, #635, .F. ) ;
#1339 = CARTESIAN_POINT ( 'NONE',  ( -12.87499999999991829, 3.000000000000000000, -37.50000000000001421 ) ) ;
#1340 = EDGE_CURVE ( 'NONE', #2151, #2163, #1042, .T. ) ;
#1341 = ORIENTED_EDGE ( 'NONE', *, *, #1532, .T. ) ;
#1342 = CARTESIAN_POINT ( 'NONE',  ( 39.37499999999992895, 0.000000000000000000, -66.00000000000000000 ) ) ;
#1343 = FACE_OUTER_BOUND ( 'NONE', #1864, .T. ) ;
#1344 = VERTEX_POINT ( 'NONE', #1224 ) ;
#1345 = DIRECTION ( 'NONE',  ( -0.000000000000000000, -1.000000000000000000, -0.000000000000000000 ) ) ;
#1346 = CARTESIAN_POINT ( 'NONE',  ( -39.37499999999991473, 3.000000000000000000, -6.000000000000003553 ) ) ;
#1347 = CARTESIAN_POINT ( 'NONE',  ( -4.374999999999918288, 3.000000000000000000, -5.000000000000018652 ) ) ;
#1348 = EDGE_LOOP ( 'NONE', ( #1529, #855 ) ) ;
#1349 = AXIS2_PLACEMENT_3D ( 'NONE', #999, #1877, #2753 ) ;
#1350 = EDGE_CURVE ( 'NONE', #1100, #740, #2761, .T. ) ;
#1351 = VECTOR ( 'NONE', #2289, 1000.000000000000000 ) ;
#1352 = DIRECTION ( 'NONE',  ( 0.000000000000000000, 0.000000000000000000, 1.000000000000000000 ) ) ;
#1353 = EDGE_CURVE ( 'NONE', #114, #2629, #341, .T. ) ;
#1354 = AXIS2_PLACEMENT_3D ( 'NONE', #355, #1238, #2119 ) ;
#1355 = AXIS2_PLACEMENT_3D ( 'NONE', #2208, #448, #434 ) ;
#1356 = ORIENTED_EDGE ( 'NONE', *, *, #81, .F. ) ;
#1357 = CARTESIAN_POINT ( 'NONE',  ( 49.99999999999997158, 3.000000000000000000, -179.5999999999999375 ) ) ;
#1358 = FACE_BOUND ( 'NONE', #314, .T. ) ;
#1359 = AXIS2_PLACEMENT_3D ( 'NONE', #918, #929, #697 ) ;
#1360 = CARTESIAN_POINT ( 'NONE',  ( -74.37499999999995737, 3.000000000000000000, -193.0000000000000000 ) ) ;
#1361 = ORIENTED_EDGE ( 'NONE', *, *, #1063, .T. ) ;
#1362 = CYLINDRICAL_SURFACE ( 'NONE', #2651, 1.500000000000001332 ) ;
#1363 = EDGE_CURVE ( 'NONE', #2768, #1795, #229, .T. ) ;
#1364 = DIRECTION ( 'NONE',  ( 0.000000000000000000, 0.000000000000000000, -1.000000000000000000 ) ) ;
#1365 = VERTEX_POINT ( 'NONE', #1423 ) ;
#1366 = B_SPLINE_SURFACE_WITH_KNOTS ( 'NONE', 3, 1, ( 
 ( #1542, #445 ),
 ( #922, #1579 ),
 ( #2464, #271 ),
 ( #1152, #50 ),
 ( #935, #1036 ),
 ( #599, #831 ),
 ( #584, #554 ) ),
 .UNSPECIFIED., .F., .F., .F.,
 ( 4, 1, 1, 1, 4 ),
 ( 2, 2 ),
 ( 0.000000000000000000, 0.2800928068961774375, 0.6713298521798601870, 0.7738865541292181405, 1.000000000000000000 ),
 ( 0.000000000000000000, 1.000000000000000000 ),
 .UNSPECIFIED. ) ;
#1367 = ORIENTED_EDGE ( 'NONE', *, *, #1063, .F. ) ;
#1368 = DIRECTION ( 'NONE',  ( -1.000000000000000000, 0.000000000000000000, -1.747899763146835923E-16 ) ) ;
#1369 = EDGE_LOOP ( 'NONE', ( #544, #1578, #2808, #237, #1098, #1821, #1518, #2073, #2337, #1119, #964, #919, #2784, #501, #2107, #2329, #1878 ) ) ;
#1370 = DIRECTION ( 'NONE',  ( 0.000000000000000000, 0.000000000000000000, -1.000000000000000000 ) ) ;
#1371 = CARTESIAN_POINT ( 'NONE',  ( 49.99999999999997868, 3.000000000000000000, -129.8499999999999375 ) ) ;
#1372 = CARTESIAN_POINT ( 'NONE',  ( -12.87499999999991829, 0.000000000000000000, -67.50000000000000000 ) ) ;
#1373 = ORIENTED_EDGE ( 'NONE', *, *, #828, .T. ) ;
#1374 = LINE ( 'NONE', #915, #1746 ) ;
#1375 = AXIS2_PLACEMENT_3D ( 'NONE', #624, #388, #2826 ) ;
#1376 = CARTESIAN_POINT ( 'NONE',  ( -74.87499999999991473, 3.000000000000000000, -44.50000000000000000 ) ) ;
#1377 = ORIENTED_EDGE ( 'NONE', *, *, #1480, .F. ) ;
#1378 = VECTOR ( 'NONE', #2057, 1000.000000000000000 ) ;
#1379 = CARTESIAN_POINT ( 'NONE',  ( 39.37499999999991473, 3.000000000000000000, -7.500000000000000888 ) ) ;
#1380 = EDGE_LOOP ( 'NONE', ( #2589, #2416, #495, #273 ) ) ;
#1381 = LINE ( 'NONE', #2261, #2198 ) ;
#1382 = CIRCLE ( 'NONE', #2257, 1.499999999999997780 ) ;
#1383 = ORIENTED_EDGE ( 'NONE', *, *, #2393, .T. ) ;
#1384 = CARTESIAN_POINT ( 'NONE',  ( -74.87499999999991473, 3.000000000000000000, -43.00000000000000000 ) ) ;
#1385 = DIRECTION ( 'NONE',  ( 0.000000000000000000, 0.000000000000000000, 1.000000000000000000 ) ) ;
#1386 = ORIENTED_EDGE ( 'NONE', *, *, #25, .F. ) ;
#1387 = DIRECTION ( 'NONE',  ( 0.000000000000000000, -1.000000000000000000, 0.000000000000000000 ) ) ;
#1388 = ADVANCED_FACE ( 'NONE', ( #1683 ), #2303, .F. ) ;
#1389 = CARTESIAN_POINT ( 'NONE',  ( -4.374999999999918288, 3.000000000000000000, -6.250000000000018652 ) ) ;
#1390 = EDGE_LOOP ( 'NONE', ( #1750, #779, #1231, #876 ) ) ;
#1391 = DIRECTION ( 'NONE',  ( -0.000000000000000000, -1.000000000000000000, -0.000000000000000000 ) ) ;
#1392 = CIRCLE ( 'NONE', #1077, 1.499999999999997780 ) ;
#1393 = VERTEX_POINT ( 'NONE', #1871 ) ;
#1394 = AXIS2_PLACEMENT_3D ( 'NONE', #1638, #532, #2293 ) ;
#1395 =( GEOMETRIC_REPRESENTATION_CONTEXT ( 3 ) GLOBAL_UNCERTAINTY_ASSIGNED_CONTEXT ( ( #266 ) ) GLOBAL_UNIT_ASSIGNED_CONTEXT ( ( #2213, #2173, #2419 ) ) REPRESENTATION_CONTEXT ( 'NONE', 'WORKASPACE' ) );
#1396 = ORIENTED_EDGE ( 'NONE', *, *, #761, .F. ) ;
#1397 = AXIS2_PLACEMENT_3D ( 'NONE', #2700, #742, #1616 ) ;
#1398 = CARTESIAN_POINT ( 'NONE',  ( -13.37499999999991829, 3.000000000000000000, -9.000000000000015987 ) ) ;
#1399 = LINE ( 'NONE', #957, #667 ) ;
#1400 = AXIS2_PLACEMENT_3D ( 'NONE', #438, #1523, #844 ) ;
#1401 = CIRCLE ( 'NONE', #2462, 1.500000000000001332 ) ;
#1402 = EDGE_CURVE ( 'NONE', #673, #1995, #986, .T. ) ;
#1403 = DIRECTION ( 'NONE',  ( -0.000000000000000000, -1.000000000000000000, -0.000000000000000000 ) ) ;
#1404 = ORIENTED_EDGE ( 'NONE', *, *, #609, .T. ) ;
#1405 = PLANE ( 'NONE',  #272 ) ;
#1406 = CIRCLE ( 'NONE', #2008, 1.250000000000001110 ) ;
#1407 = CARTESIAN_POINT ( 'NONE',  ( -49.99999999999994316, 3.000000000000000000, -177.0999999999999375 ) ) ;
#1408 = EDGE_CURVE ( 'NONE', #704, #1621, #1662, .T. ) ;
#1409 = ORIENTED_EDGE ( 'NONE', *, *, #463, .T. ) ;
#1410 = CARTESIAN_POINT ( 'NONE',  ( 49.37499999999992895, 3.000000000000000000, -49.99999999999999289 ) ) ;
#1411 = EDGE_CURVE ( 'NONE', #1773, #2485, #2371, .T. ) ;
#1412 = ORIENTED_EDGE ( 'NONE', *, *, #1879, .T. ) ;
#1413 = AXIS2_PLACEMENT_3D ( 'NONE', #537, #1247, #1880 ) ;
#1414 = ORIENTED_EDGE ( 'NONE', *, *, #1835, .F. ) ;
#1415 = DIRECTION ( 'NONE',  ( -0.000000000000000000, -1.000000000000000000, -0.000000000000000000 ) ) ;
#1416 = CARTESIAN_POINT ( 'NONE',  ( -79.37499999999992895, 3.000000000000000000, -132.7000000000000171 ) ) ;
#1417 = DIRECTION ( 'NONE',  ( -0.000000000000000000, -1.000000000000000000, -0.000000000000000000 ) ) ;
#1418 = VERTEX_POINT ( 'NONE', #820 ) ;
#1419 = CARTESIAN_POINT ( 'NONE',  ( -74.37499999999995737, 0.000000000000000000, -194.5000000000000000 ) ) ;
#1420 = CARTESIAN_POINT ( 'NONE',  ( 74.87499999999992895, 0.000000000000000000, -42.99999999999999289 ) ) ;
#1421 = ORIENTED_EDGE ( 'NONE', *, *, #2223, .T. ) ;
#1422 = LINE ( 'NONE', #68, #1125 ) ;
#1423 = CARTESIAN_POINT ( 'NONE',  ( 49.37499999999996447, 3.000000000000000000, -117.9999999999999858 ) ) ;
#1424 = EDGE_LOOP ( 'NONE', ( #2236, #2448 ) ) ;
#1425 = AXIS2_PLACEMENT_3D ( 'NONE', #608, #207, #1517 ) ;
#1426 = ADVANCED_FACE ( 'NONE', ( #2774 ), #1696, .T. ) ;
#1427 = VERTEX_POINT ( 'NONE', #2150 ) ;
#1428 = DIRECTION ( 'NONE',  ( -0.000000000000000000, -1.000000000000000000, -0.000000000000000000 ) ) ;
#1429 = EDGE_CURVE ( 'NONE', #2270, #2404, #773, .T. ) ;
#1430 = CARTESIAN_POINT ( 'NONE',  ( -12.87499999999991829, 0.000000000000000000, -37.50000000000001421 ) ) ;
#1431 = ORIENTED_EDGE ( 'NONE', *, *, #2799, .T. ) ;
#1432 = CARTESIAN_POINT ( 'NONE',  ( -4.374999999999918288, 3.000000000000000000, -3.750000000000018208 ) ) ;
#1433 = LINE ( 'NONE', #1868, #1867 ) ;
#1434 = ORIENTED_EDGE ( 'NONE', *, *, #865, .F. ) ;
#1435 = FACE_OUTER_BOUND ( 'NONE', #908, .T. ) ;
#1436 = CARTESIAN_POINT ( 'NONE',  ( 0.000000000000000000, 0.000000000000000000, -228.5999999999999943 ) ) ;
#1437 = CARTESIAN_POINT ( 'NONE',  ( 74.87499999999991473, 0.000000000000000000, -16.49999999999998934 ) ) ;
#1438 = VERTEX_POINT ( 'NONE', #1649 ) ;
#1439 = AXIS2_PLACEMENT_3D ( 'NONE', #1674, #172, #2785 ) ;
#1440 = EDGE_CURVE ( 'NONE', #1952, #1937, #2272, .T. ) ;
#1441 = VERTEX_POINT ( 'NONE', #1437 ) ;
#1442 = AXIS2_PLACEMENT_3D ( 'NONE', #735, #39, #2247 ) ;
#1443 = CARTESIAN_POINT ( 'NONE',  ( 79.37499999999995737, 0.000000000000000000, -132.7000000000000171 ) ) ;
#1444 = LINE ( 'NONE', #1416, #2438 ) ;
#1445 = CARTESIAN_POINT ( 'NONE',  ( -79.37499999999998579, 0.000000000000000000, -193.7860499750869678 ) ) ;
#1446 = EDGE_LOOP ( 'NONE', ( #852, #2204, #1599, #1210 ) ) ;
#1447 = CARTESIAN_POINT ( 'NONE',  ( 73.95259998431582460, 3.000000000000000000, -211.6437262863844353 ) ) ;
#1448 = CIRCLE ( 'NONE', #708, 1.250000000000001110 ) ;
#1449 = CARTESIAN_POINT ( 'NONE',  ( -74.87499999999991473, 3.000000000000000000, -18.00000000000000355 ) ) ;
#1450 = ORIENTED_EDGE ( 'NONE', *, *, #2632, .T. ) ;
#1451 = CARTESIAN_POINT ( 'NONE',  ( -74.37499999999995737, 3.000000000000000000, -194.5000000000000000 ) ) ;
#1452 = VECTOR ( 'NONE', #1034, 1000.000000000000000 ) ;
#1453 = AXIS2_PLACEMENT_3D ( 'NONE', #13, #2815, #856 ) ;
#1454 = CYLINDRICAL_SURFACE ( 'NONE', #891, 14.70000000000001883 ) ;
#1455 = DIRECTION ( 'NONE',  ( -0.000000000000000000, -1.000000000000000000, -0.000000000000000000 ) ) ;
#1456 = ORIENTED_EDGE ( 'NONE', *, *, #1270, .F. ) ;
#1457 = ADVANCED_FACE ( 'NONE', ( #2318 ), #143, .F. ) ;
#1458 = ORIENTED_EDGE ( 'NONE', *, *, #2520, .F. ) ;
#1459 = DIRECTION ( 'NONE',  ( 0.000000000000000000, 0.000000000000000000, 1.000000000000000000 ) ) ;
#1460 = DIRECTION ( 'NONE',  ( 0.000000000000000000, 0.000000000000000000, 1.000000000000000000 ) ) ;
#1461 = CARTESIAN_POINT ( 'NONE',  ( 79.37499999999992895, 3.000000000000000000, -49.99999999999998579 ) ) ;
#1462 = ORIENTED_EDGE ( 'NONE', *, *, #2153, .T. ) ;
#1463 = DIRECTION ( 'NONE',  ( -0.000000000000000000, -1.000000000000000000, -0.000000000000000000 ) ) ;
#1464 = DIRECTION ( 'NONE',  ( 0.000000000000000000, 0.000000000000000000, 1.000000000000000000 ) ) ;
#1465 = ORIENTED_EDGE ( 'NONE', *, *, #2192, .F. ) ;
#1466 = CARTESIAN_POINT ( 'NONE',  ( 13.37499999999992006, 0.000000000000000000, -6.000000000000012434 ) ) ;
#1467 = CARTESIAN_POINT ( 'NONE',  ( 39.37499999999992184, 3.000000000000000000, -39.00000000000000000 ) ) ;
#1468 = DIRECTION ( 'NONE',  ( -0.000000000000000000, -1.000000000000000000, -0.000000000000000000 ) ) ;
#1469 = EDGE_CURVE ( 'NONE', #109, #2215, #339, .T. ) ;
#1470 = VERTEX_POINT ( 'NONE', #1854 ) ;
#1471 = DIRECTION ( 'NONE',  ( 0.000000000000000000, -1.000000000000000000, 0.000000000000000000 ) ) ;
#1472 = DIRECTION ( 'NONE',  ( -0.000000000000000000, -1.000000000000000000, -0.000000000000000000 ) ) ;
#1473 = CYLINDRICAL_SURFACE ( 'NONE', #1009, 1.500000000000001332 ) ;
#1474 = ORIENTED_EDGE ( 'NONE', *, *, #393, .T. ) ;
#1475 = VERTEX_POINT ( 'NONE', #2214 ) ;
#1476 = VECTOR ( 'NONE', #2572, 1000.000000000000000 ) ;
#1477 = DIRECTION ( 'NONE',  ( -0.000000000000000000, -1.000000000000000000, -0.000000000000000000 ) ) ;
#1478 = FACE_BOUND ( 'NONE', #2771, .T. ) ;
#1479 = ORIENTED_EDGE ( 'NONE', *, *, #2562, .T. ) ;
#1480 = EDGE_CURVE ( 'NONE', #1995, #1894, #658, .T. ) ;
#1481 = DIRECTION ( 'NONE',  ( 0.000000000000000000, 1.000000000000000000, 0.000000000000000000 ) ) ;
#1482 = CYLINDRICAL_SURFACE ( 'NONE', #568, 1.500000000000000444 ) ;
#1483 = CARTESIAN_POINT ( 'NONE',  ( 12.87499999999993072, 3.000000000000000000, -69.00000000000000000 ) ) ;
#1484 = ORIENTED_EDGE ( 'NONE', *, *, #1607, .F. ) ;
#1485 = CARTESIAN_POINT ( 'NONE',  ( -49.37499999999994316, 3.000000000000000000, -118.0000000000000000 ) ) ;
#1486 = DIRECTION ( 'NONE',  ( 0.000000000000000000, 0.000000000000000000, -1.000000000000000000 ) ) ;
#1487 = FACE_OUTER_BOUND ( 'NONE', #1684, .T. ) ;
#1488 = AXIS2_PLACEMENT_3D ( 'NONE', #723, #1790, #290 ) ;
#1489 = ORIENTED_EDGE ( 'NONE', *, *, #1565, .F. ) ;
#1490 = DIRECTION ( 'NONE',  ( -0.000000000000000000, -1.000000000000000000, -0.000000000000000000 ) ) ;
#1491 = ADVANCED_FACE ( 'NONE', ( #1282 ), #2834, .F. ) ;
#1492 = FACE_BOUND ( 'NONE', #192, .T. ) ;
#1493 = AXIS2_PLACEMENT_3D ( 'NONE', #2691, #299, #2086 ) ;
#1494 = ADVANCED_FACE ( 'NONE', ( #441 ), #2848, .F. ) ;
#1495 = VERTEX_POINT ( 'NONE', #1965 ) ;
#1496 = CYLINDRICAL_SURFACE ( 'NONE', #1111, 1.499999999999997780 ) ;
#1497 = CIRCLE ( 'NONE', #432, 1.500000000000001332 ) ;
#1498 = ADVANCED_FACE ( 'NONE', ( #1739 ), #1096, .F. ) ;
#1499 = FACE_OUTER_BOUND ( 'NONE', #1390, .T. ) ;
#1500 = LINE ( 'NONE', #633, #2731 ) ;
#1501 = ORIENTED_EDGE ( 'NONE', *, *, #2655, .F. ) ;
#1502 = CIRCLE ( 'NONE', #21, 1.499999999999994449 ) ;
#1503 = FACE_OUTER_BOUND ( 'NONE', #1999, .T. ) ;
#1504 = CARTESIAN_POINT ( 'NONE',  ( -13.37499999999991829, 3.000000000000000000, -9.000000000000015987 ) ) ;
#1505 = ORIENTED_EDGE ( 'NONE', *, *, #1480, .T. ) ;
#1506 = CYLINDRICAL_SURFACE ( 'NONE', #1439, 1.500000000000001332 ) ;
#1507 = DIRECTION ( 'NONE',  ( -0.000000000000000000, -1.000000000000000000, -0.000000000000000000 ) ) ;
#1508 = DIRECTION ( 'NONE',  ( 0.000000000000000000, 0.000000000000000000, -1.000000000000000000 ) ) ;
#1509 = ORIENTED_EDGE ( 'NONE', *, *, #906, .F. ) ;
#1510 = CARTESIAN_POINT ( 'NONE',  ( -13.37499999999991829, 3.000000000000000000, -7.500000000000015099 ) ) ;
#1511 = EDGE_CURVE ( 'NONE', #1605, #1495, #1546, .T. ) ;
#1512 = DIRECTION ( 'NONE',  ( 0.000000000000000000, 1.000000000000000000, 0.000000000000000000 ) ) ;
#1513 = CARTESIAN_POINT ( 'NONE',  ( -39.37499999999991473, 3.000000000000000000, -9.000000000000010658 ) ) ;
#1514 = VERTEX_POINT ( 'NONE', #2188 ) ;
#1515 = ORIENTED_EDGE ( 'NONE', *, *, #483, .T. ) ;
#1516 = ADVANCED_FACE ( 'NONE', ( #1991 ), #219, .F. ) ;
#1517 = DIRECTION ( 'NONE',  ( 0.000000000000000000, 0.000000000000000000, 1.000000000000000000 ) ) ;
#1518 = ORIENTED_EDGE ( 'NONE', *, *, #1569, .T. ) ;
#1519 = DIRECTION ( 'NONE',  ( 0.000000000000000000, -1.000000000000000000, 0.000000000000000000 ) ) ;
#1520 = DIRECTION ( 'NONE',  ( -0.000000000000000000, -1.000000000000000000, -0.000000000000000000 ) ) ;
#1521 = FACE_BOUND ( 'NONE', #1833, .T. ) ;
#1522 = VERTEX_POINT ( 'NONE', #1538 ) ;
#1523 = DIRECTION ( 'NONE',  ( 1.000000000000000000, -0.000000000000000000, 0.000000000000000000 ) ) ;
#1524 = CARTESIAN_POINT ( 'NONE',  ( 79.37499999999995737, 3.000000000000000000, -132.7000000000000171 ) ) ;
#1525 = EDGE_LOOP ( 'NONE', ( #647, #1929, #1110, #482 ) ) ;
#1526 = CARTESIAN_POINT ( 'NONE',  ( 39.37499999999991473, 3.000000000000000000, -7.500000000000000888 ) ) ;
#1527 = CARTESIAN_POINT ( 'NONE',  ( 39.37499999999992895, 3.000000000000000000, -66.00000000000000000 ) ) ;
#1528 = EDGE_CURVE ( 'NONE', #1099, #442, #622, .T. ) ;
#1529 = ORIENTED_EDGE ( 'NONE', *, *, #2558, .T. ) ;
#1530 = DIRECTION ( 'NONE',  ( -0.000000000000000000, -1.000000000000000000, -0.000000000000000000 ) ) ;
#1531 = AXIS2_PLACEMENT_3D ( 'NONE', #672, #1133, #491 ) ;
#1532 = EDGE_CURVE ( 'NONE', #1174, #1595, #1127, .T. ) ;
#1533 = DIRECTION ( 'NONE',  ( -0.000000000000000000, -1.000000000000000000, -0.000000000000000000 ) ) ;
#1534 = EDGE_LOOP ( 'NONE', ( #128, #2211, #1275, #1784 ) ) ;
#1535 = CARTESIAN_POINT ( 'NONE',  ( -74.87499999999991473, 3.000000000000000000, -19.50000000000000000 ) ) ;
#1536 = CIRCLE ( 'NONE', #1905, 1.500000000000001332 ) ;
#1537 = CARTESIAN_POINT ( 'NONE',  ( -79.37499999999991473, 3.000000000000000000, -14.16604609612902976 ) ) ;
#1538 = CARTESIAN_POINT ( 'NONE',  ( 74.37499999999998579, 0.000000000000000000, -191.5000000000000000 ) ) ;
#1539 = EDGE_LOOP ( 'NONE', ( #375, #1321, #343, #222 ) ) ;
#1540 = VECTOR ( 'NONE', #1778, 1000.000000000000000 ) ;
#1541 = AXIS2_PLACEMENT_3D ( 'NONE', #1066, #1507, #868 ) ;
#1542 = CARTESIAN_POINT ( 'NONE',  ( 2.260144074701980317E-15, 3.000000000000000000, -228.5999999999999943 ) ) ;
#1543 = ORIENTED_EDGE ( 'NONE', *, *, #2116, .T. ) ;
#1544 = FILL_AREA_STYLE_COLOUR ( '', #468 ) ;
#1545 = CARTESIAN_POINT ( 'NONE',  ( -39.37499999999991473, 0.000000000000000000, -67.50000000000000000 ) ) ;
#1546 = B_SPLINE_CURVE_WITH_KNOTS ( 'NONE', 3,
 ( #398, #2807, #2162, #618, #2403, #1936, #1309 ),
 .UNSPECIFIED., .F., .F.,
 ( 4, 1, 1, 1, 4 ),
 ( 0.000000000000000000, 0.2800928068961774375, 0.6713298521798601870, 0.7738865541292181405, 1.000000000000000000 ),
 .UNSPECIFIED. ) ;
#1547 = FACE_OUTER_BOUND ( 'NONE', #1732, .T. ) ;
#1548 = ORIENTED_EDGE ( 'NONE', *, *, #1862, .T. ) ;
#1549 = DIRECTION ( 'NONE',  ( -0.000000000000000000, -1.000000000000000000, -0.000000000000000000 ) ) ;
#1550 = EDGE_CURVE ( 'NONE', #1239, #196, #191, .T. ) ;
#1551 = AXIS2_PLACEMENT_3D ( 'NONE', #1629, #493, #1793 ) ;
#1552 = CARTESIAN_POINT ( 'NONE',  ( -74.87499999999991473, 0.000000000000000000, -19.50000000000000000 ) ) ;
#1553 = VERTEX_POINT ( 'NONE', #1298 ) ;
#1554 = VECTOR ( 'NONE', #893, 1000.000000000000000 ) ;
#1555 = EDGE_CURVE ( 'NONE', #2473, #1889, #2202, .T. ) ;
#1556 = CARTESIAN_POINT ( 'NONE',  ( -74.87499999999991473, 0.000000000000000000, -18.00000000000000355 ) ) ;
#1557 = VERTEX_POINT ( 'NONE', #875 ) ;
#1558 = LINE ( 'NONE', #2440, #1956 ) ;
#1559 = DIRECTION ( 'NONE',  ( 0.000000000000000000, 0.000000000000000000, -1.000000000000000000 ) ) ;
#1560 = CARTESIAN_POINT ( 'NONE',  ( -49.99999999999994316, 3.000000000000000000, -178.3499999999999375 ) ) ;
#1561 = CIRCLE ( 'NONE', #189, 1.500000000000003997 ) ;
#1562 = EDGE_LOOP ( 'NONE', ( #563, #2079 ) ) ;
#1563 = DIRECTION ( 'NONE',  ( 1.000000000000000000, -0.000000000000000000, -0.000000000000000000 ) ) ;
#1564 = CARTESIAN_POINT ( 'NONE',  ( 12.87499999999993072, 3.000000000000000000, -67.50000000000000000 ) ) ;
#1565 = EDGE_CURVE ( 'NONE', #2719, #26, #1580, .T. ) ;
#1566 = ORIENTED_EDGE ( 'NONE', *, *, #1289, .T. ) ;
#1567 = CARTESIAN_POINT ( 'NONE',  ( -4.374999999999918288, 0.000000000000000000, -5.000000000000018652 ) ) ;
#1568 = ORIENTED_EDGE ( 'NONE', *, *, #295, .F. ) ;
#1569 = EDGE_CURVE ( 'NONE', #204, #2546, #1500, .T. ) ;
#1570 = DIRECTION ( 'NONE',  ( 0.000000000000000000, 1.000000000000000000, 0.000000000000000000 ) ) ;
#1571 = DIRECTION ( 'NONE',  ( 0.000000000000000000, 1.000000000000000000, 0.000000000000000000 ) ) ;
#1572 = VERTEX_POINT ( 'NONE', #2433 ) ;
#1573 = CARTESIAN_POINT ( 'NONE',  ( 29.54570341712947368, 3.000000000000000000, -228.1829055582983585 ) ) ;
#1574 = CIRCLE ( 'NONE', #516, 1.500000000000001332 ) ;
#1575 = FACE_OUTER_BOUND ( 'NONE', #1651, .T. ) ;
#1576 = EDGE_LOOP ( 'NONE', ( #233, #1796 ) ) ;
#1577 = CIRCLE ( 'NONE', #2633, 1.500000000000001332 ) ;
#1578 = ORIENTED_EDGE ( 'NONE', *, *, #393, .F. ) ;
#1579 = CARTESIAN_POINT ( 'NONE',  ( -9.188135391866486756, 0.000000000000000000, -228.1714929705271118 ) ) ;
#1580 = CIRCLE ( 'NONE', #799, 1.500000000000001332 ) ;
#1581 = AXIS2_PLACEMENT_3D ( 'NONE', #628, #1520, #612 ) ;
#1582 = EDGE_LOOP ( 'NONE', ( #58, #2031, #1666, #1543 ) ) ;
#1583 = AXIS2_PLACEMENT_3D ( 'NONE', #2597, #2386, #1076 ) ;
#1584 = CARTESIAN_POINT ( 'NONE',  ( 74.37499999999997158, 0.000000000000000000, -166.5000000000000000 ) ) ;
#1585 = FACE_BOUND ( 'NONE', #620, .T. ) ;
#1586 = LINE ( 'NONE', #694, #1855 ) ;
#1587 = VERTEX_POINT ( 'NONE', #452 ) ;
#1588 = CARTESIAN_POINT ( 'NONE',  ( -79.37499999999992895, 0.000000000000000000, -132.7000000000000171 ) ) ;
#1589 = PLANE ( 'NONE',  #1264 ) ;
#1590 = ORIENTED_EDGE ( 'NONE', *, *, #1961, .T. ) ;
#1591 = DIRECTION ( 'NONE',  ( -1.000000000000000000, 0.000000000000000000, -1.747899763146835923E-16 ) ) ;
#1592 = ORIENTED_EDGE ( 'NONE', *, *, #1647, .F. ) ;
#1593 = DIRECTION ( 'NONE',  ( 0.000000000000000000, 1.000000000000000000, 0.000000000000000000 ) ) ;
#1594 = EDGE_CURVE ( 'NONE', #23, #478, #1335, .T. ) ;
#1595 = VERTEX_POINT ( 'NONE', #203 ) ;
#1596 = DIRECTION ( 'NONE',  ( 0.000000000000000000, 0.000000000000000000, -1.000000000000000000 ) ) ;
#1597 = PLANE ( 'NONE',  #210 ) ;
#1598 = PLANE ( 'NONE',  #980 ) ;
#1599 = ORIENTED_EDGE ( 'NONE', *, *, #1150, .T. ) ;
#1600 = CARTESIAN_POINT ( 'NONE',  ( 39.37499999999992184, 3.000000000000000000, -36.00000000000000000 ) ) ;
#1601 = VECTOR ( 'NONE', #2349, 1000.000000000000000 ) ;
#1602 = DIRECTION ( 'NONE',  ( 0.000000000000000000, 0.000000000000000000, -1.000000000000000000 ) ) ;
#1603 = VERTEX_POINT ( 'NONE', #1083 ) ;
#1604 = LINE ( 'NONE', #513, #164 ) ;
#1605 = VERTEX_POINT ( 'NONE', #294 ) ;
#1606 = VECTOR ( 'NONE', #2557, 1000.000000000000000 ) ;
#1607 = EDGE_CURVE ( 'NONE', #2404, #2581, #2002, .T. ) ;
#1608 = ORIENTED_EDGE ( 'NONE', *, *, #1233, .F. ) ;
#1609 = CYLINDRICAL_SURFACE ( 'NONE', #2136, 1.500000000000001332 ) ;
#1610 = CARTESIAN_POINT ( 'NONE',  ( -39.37499999999991473, 3.000000000000000000, -67.50000000000000000 ) ) ;
#1611 = ADVANCED_FACE ( 'NONE', ( #239 ), #1589, .F. ) ;
#1612 = DIRECTION ( 'NONE',  ( -0.000000000000000000, -1.000000000000000000, -0.000000000000000000 ) ) ;
#1613 = ORIENTED_EDGE ( 'NONE', *, *, #2659, .T. ) ;
#1614 = FACE_OUTER_BOUND ( 'NONE', #1181, .T. ) ;
#1615 = EDGE_CURVE ( 'NONE', #2522, #1205, #2040, .T. ) ;
#1616 = DIRECTION ( 'NONE',  ( 0.000000000000000000, 0.000000000000000000, 1.000000000000000000 ) ) ;
#1617 = ORIENTED_EDGE ( 'NONE', *, *, #600, .F. ) ;
#1618 = DIRECTION ( 'NONE',  ( 0.000000000000000000, -1.000000000000000000, 0.000000000000000000 ) ) ;
#1619 = STYLED_ITEM ( 'NONE', ( #2426 ), #2278 ) ;
#1620 = ADVANCED_FACE ( 'NONE', ( #2241 ), #2472, .F. ) ;
#1621 = VERTEX_POINT ( 'NONE', #1806 ) ;
#1622 = EDGE_CURVE ( 'NONE', #2543, #604, #1177, .T. ) ;
#1623 = ORIENTED_EDGE ( 'NONE', *, *, #2718, .F. ) ;
#1624 = VECTOR ( 'NONE', #712, 1000.000000000000000 ) ;
#1625 = CARTESIAN_POINT ( 'NONE',  ( 39.37499999999992895, 0.000000000000000000, -69.00000000000000000 ) ) ;
#1626 = DIRECTION ( 'NONE',  ( 0.000000000000000000, 0.000000000000000000, 1.000000000000000000 ) ) ;
#1627 = DIRECTION ( 'NONE',  ( -0.000000000000000000, 1.000000000000000000, -0.000000000000000000 ) ) ;
#1628 = ORIENTED_EDGE ( 'NONE', *, *, #2179, .F. ) ;
#1629 = CARTESIAN_POINT ( 'NONE',  ( -39.37499999999991473, 3.000000000000000000, -67.50000000000000000 ) ) ;
#1630 = CIRCLE ( 'NONE', #757, 14.16604609612902266 ) ;
#1631 = CARTESIAN_POINT ( 'NONE',  ( -49.99999999999994316, 3.000000000000000000, -186.0999999999999375 ) ) ;
#1632 = ORIENTED_EDGE ( 'NONE', *, *, #2607, .F. ) ;
#1633 = ADVANCED_FACE ( 'NONE', ( #727 ), #904, .F. ) ;
#1634 = CARTESIAN_POINT ( 'NONE',  ( -49.99999999999996447, 0.000000000000000000, -128.5999999999999659 ) ) ;
#1635 = CARTESIAN_POINT ( 'NONE',  ( -39.37499999999991473, 3.000000000000000000, -7.500000000000007105 ) ) ;
#1636 = ORIENTED_EDGE ( 'NONE', *, *, #1660, .F. ) ;
#1637 = EDGE_LOOP ( 'NONE', ( #1328, #383 ) ) ;
#1638 = CARTESIAN_POINT ( 'NONE',  ( 13.37499999999992006, 0.000000000000000000, -7.500000000000012434 ) ) ;
#1639 = CARTESIAN_POINT ( 'NONE',  ( -74.87499999999991473, 3.000000000000000000, -16.50000000000000355 ) ) ;
#1640 = CARTESIAN_POINT ( 'NONE',  ( 49.37499999999992895, 3.000000000000000000, -49.99999999999999289 ) ) ;
#1641 = ORIENTED_EDGE ( 'NONE', *, *, #1337, .T. ) ;
#1642 = UNCERTAINTY_MEASURE_WITH_UNIT (LENGTH_MEASURE( 1.000000000000000082E-05 ), #458, 'distance_accuracy_value', 'NONE');
#1643 = CARTESIAN_POINT ( 'NONE',  ( -12.87499999999991829, 3.000000000000000000, -37.50000000000001421 ) ) ;
#1644 = DIRECTION ( 'NONE',  ( 0.000000000000000000, 0.000000000000000000, 1.000000000000000000 ) ) ;
#1645 = ORIENTED_EDGE ( 'NONE', *, *, #2835, .F. ) ;
#1646 = DIRECTION ( 'NONE',  ( -0.000000000000000000, -1.000000000000000000, -0.000000000000000000 ) ) ;
#1647 = EDGE_CURVE ( 'NONE', #750, #2754, #510, .T. ) ;
#1648 = FACE_OUTER_BOUND ( 'NONE', #1279, .T. ) ;
#1649 = CARTESIAN_POINT ( 'NONE',  ( 49.99999999999997158, 0.000000000000000000, -177.0999999999999375 ) ) ;
#1650 = EDGE_LOOP ( 'NONE', ( #1404, #144 ) ) ;
#1651 = EDGE_LOOP ( 'NONE', ( #659, #2560, #2567, #1592 ) ) ;
#1652 = CARTESIAN_POINT ( 'NONE',  ( 39.37499999999991473, 0.000000000000000000, -7.500000000000000888 ) ) ;
#1653 = CARTESIAN_POINT ( 'NONE',  ( -74.37499999999994316, 0.000000000000000000, -141.5000000000000284 ) ) ;
#1654 = CARTESIAN_POINT ( 'NONE',  ( 39.37499999999992184, 3.000000000000000000, -36.00000000000000000 ) ) ;
#1655 = EDGE_LOOP ( 'NONE', ( #550, #1755, #842, #1151 ) ) ;
#1656 = CARTESIAN_POINT ( 'NONE',  ( 29.54570341712947368, 3.000000000000000000, -228.1829055582983585 ) ) ;
#1657 = DIRECTION ( 'NONE',  ( -0.000000000000000000, -1.000000000000000000, -0.000000000000000000 ) ) ;
#1658 = EDGE_LOOP ( 'NONE', ( #1326, #1044, #1258, #1940 ) ) ;
#1659 = DIRECTION ( 'NONE',  ( 0.000000000000000000, 0.000000000000000000, 1.000000000000000000 ) ) ;
#1660 = EDGE_CURVE ( 'NONE', #1061, #1100, #385, .T. ) ;
#1661 = DIRECTION ( 'NONE',  ( 1.000000000000000000, 0.000000000000000000, -0.000000000000000000 ) ) ;
#1662 = LINE ( 'NONE', #993, #2093 ) ;
#1663 = ORIENTED_EDGE ( 'NONE', *, *, #500, .F. ) ;
#1664 = ADVANCED_FACE ( 'NONE', ( #1575 ), #1122, .F. ) ;
#1665 = CIRCLE ( 'NONE', #700, 1.500000000000001332 ) ;
#1666 = ORIENTED_EDGE ( 'NONE', *, *, #916, .F. ) ;
#1667 = VECTOR ( 'NONE', #1700, 1000.000000000000000 ) ;
#1668 = LINE ( 'NONE', #823, #2775 ) ;
#1669 = CARTESIAN_POINT ( 'NONE',  ( 49.37499999999996447, 3.000000000000000000, -117.9999999999999858 ) ) ;
#1670 = AXIS2_PLACEMENT_3D ( 'NONE', #2821, #887, #1325 ) ;
#1671 = LINE ( 'NONE', #1654, #2540 ) ;
#1672 = ORIENTED_EDGE ( 'NONE', *, *, #854, .T. ) ;
#1673 = AXIS2_PLACEMENT_3D ( 'NONE', #976, #1853, #2746 ) ;
#1674 = CARTESIAN_POINT ( 'NONE',  ( 12.87499999999992539, 3.000000000000000000, -37.50000000000001421 ) ) ;
#1675 = DIRECTION ( 'NONE',  ( 0.000000000000000000, 0.000000000000000000, -1.000000000000000000 ) ) ;
#1676 = CIRCLE ( 'NONE', #2143, 1.500000000000000444 ) ;
#1677 = CIRCLE ( 'NONE', #2829, 14.16604609612902266 ) ;
#1678 = DIRECTION ( 'NONE',  ( 0.000000000000000000, 0.000000000000000000, -1.000000000000000000 ) ) ;
#1679 = ORIENTED_EDGE ( 'NONE', *, *, #1706, .F. ) ;
#1680 = CARTESIAN_POINT ( 'NONE',  ( -39.37499999999991473, 3.000000000000000000, -66.00000000000000000 ) ) ;
#1681 = CIRCLE ( 'NONE', #298, 1.500000000000001332 ) ;
#1682 = CARTESIAN_POINT ( 'NONE',  ( -74.37499999999994316, 3.000000000000000000, -168.0000000000000000 ) ) ;
#1683 = FACE_OUTER_BOUND ( 'NONE', #1849, .T. ) ;
#1684 = EDGE_LOOP ( 'NONE', ( #1010, #183, #1336, #84 ) ) ;
#1685 = CARTESIAN_POINT ( 'NONE',  ( -79.37499999999992895, 3.000000000000000000, -132.7000000000000171 ) ) ;
#1686 = CARTESIAN_POINT ( 'NONE',  ( 49.99999999999997158, 0.000000000000000000, -186.0999999999999375 ) ) ;
#1687 = CARTESIAN_POINT ( 'NONE',  ( 12.87499999999993072, 3.000000000000000000, -69.00000000000000000 ) ) ;
#1688 = EDGE_CURVE ( 'NONE', #356, #1968, #754, .T. ) ;
#1689 = AXIS2_PLACEMENT_3D ( 'NONE', #878, #2436, #2451 ) ;
#1690 = VERTEX_POINT ( 'NONE', #1781 ) ;
#1691 = CARTESIAN_POINT ( 'NONE',  ( 74.37499999999997158, 3.000000000000000000, -141.5000000000000284 ) ) ;
#1692 = CARTESIAN_POINT ( 'NONE',  ( 39.37499999999991473, 3.000000000000000000, -5.999999999999996447 ) ) ;
#1693 = ORIENTED_EDGE ( 'NONE', *, *, #2851, .F. ) ;
#1694 = CARTESIAN_POINT ( 'NONE',  ( -39.37499999999991473, 0.000000000000000000, -69.00000000000000000 ) ) ;
#1695 = CARTESIAN_POINT ( 'NONE',  ( -49.99999999999994316, 0.000000000000000000, -177.0999999999999375 ) ) ;
#1696 = CYLINDRICAL_SURFACE ( 'NONE', #1859, 14.16604609612902266 ) ;
#1697 = ORIENTED_EDGE ( 'NONE', *, *, #1841, .F. ) ;
#1698 = AXIS2_PLACEMENT_3D ( 'NONE', #1088, #2839, #1287 ) ;
#1699 = CARTESIAN_POINT ( 'NONE',  ( 79.37499999999991473, 3.000000000000000000, -14.16604609612901555 ) ) ;
#1700 = DIRECTION ( 'NONE',  ( 0.000000000000000000, -1.000000000000000000, 0.000000000000000000 ) ) ;
#1701 = DIRECTION ( 'NONE',  ( 0.000000000000000000, 0.000000000000000000, -1.000000000000000000 ) ) ;
#1702 = ADVANCED_FACE ( 'NONE', ( #525 ), #494, .F. ) ;
#1703 = EDGE_LOOP ( 'NONE', ( #2825, #310, #1807, #2535 ) ) ;
#1704 = CIRCLE ( 'NONE', #2442, 1.500000000000001332 ) ;
#1705 = DIRECTION ( 'NONE',  ( 0.000000000000000000, 0.000000000000000000, 1.000000000000000000 ) ) ;
#1706 = EDGE_CURVE ( 'NONE', #450, #1557, #1497, .T. ) ;
#1707 = CARTESIAN_POINT ( 'NONE',  ( 74.37499999999998579, 3.000000000000000000, -194.5000000000000000 ) ) ;
#1708 = EDGE_LOOP ( 'NONE', ( #225, #593 ) ) ;
#1709 = DIRECTION ( 'NONE',  ( -0.000000000000000000, -1.000000000000000000, -0.000000000000000000 ) ) ;
#1710 = CARTESIAN_POINT ( 'NONE',  ( -13.37499999999991829, 0.000000000000000000, -7.500000000000015099 ) ) ;
#1711 = DIRECTION ( 'NONE',  ( 0.000000000000000000, -1.000000000000000000, 0.000000000000000000 ) ) ;
#1712 = ORIENTED_EDGE ( 'NONE', *, *, #605, .F. ) ;
#1713 = EDGE_LOOP ( 'NONE', ( #1242, #2375 ) ) ;
#1714 = DIRECTION ( 'NONE',  ( 0.000000000000000000, 0.000000000000000000, 1.000000000000000000 ) ) ;
#1715 = ADVANCED_FACE ( 'NONE', ( #282 ), #465, .F. ) ;
#1716 = AXIS2_PLACEMENT_3D ( 'NONE', #2635, #668, #2181 ) ;
#1717 = EDGE_LOOP ( 'NONE', ( #1178, #1106 ) ) ;
#1718 = DIRECTION ( 'NONE',  ( 0.000000000000000000, 0.000000000000000000, 1.000000000000000000 ) ) ;
#1719 = FACE_OUTER_BOUND ( 'NONE', #35, .T. ) ;
#1720 = EDGE_LOOP ( 'NONE', ( #410, #1942, #2703, #228 ) ) ;
#1721 = CARTESIAN_POINT ( 'NONE',  ( 74.37499999999997158, 0.000000000000000000, -143.0000000000000284 ) ) ;
#1722 = VECTOR ( 'NONE', #1711, 1000.000000000000000 ) ;
#1723 = AXIS2_PLACEMENT_3D ( 'NONE', #1610, #1570, #1170 ) ;
#1724 = DIRECTION ( 'NONE',  ( -0.000000000000000000, -1.000000000000000000, -0.000000000000000000 ) ) ;
#1725 = DIRECTION ( 'NONE',  ( 0.000000000000000000, 1.000000000000000000, 0.000000000000000000 ) ) ;
#1726 = EDGE_CURVE ( 'NONE', #1605, #2670, #1137, .T. ) ;
#1727 = ORIENTED_EDGE ( 'NONE', *, *, #2619, .T. ) ;
#1728 = AXIS2_PLACEMENT_3D ( 'NONE', #755, #309, #1644 ) ;
#1729 = EDGE_LOOP ( 'NONE', ( #2217, #352 ) ) ;
#1730 = DIRECTION ( 'NONE',  ( 0.000000000000000000, 0.000000000000000000, 1.000000000000000000 ) ) ;
#1731 = ADVANCED_FACE ( 'NONE', ( #2016 ), #1794, .F. ) ;
#1732 = EDGE_LOOP ( 'NONE', ( #1474, #1980, #2280, #914 ) ) ;
#1733 = CARTESIAN_POINT ( 'NONE',  ( -13.37499999999991829, 0.000000000000000000, -9.000000000000015987 ) ) ;
#1734 = CARTESIAN_POINT ( 'NONE',  ( -74.37499999999994316, 3.000000000000000000, -144.5000000000000284 ) ) ;
#1735 = PLANE ( 'NONE',  #948 ) ;
#1736 = VERTEX_POINT ( 'NONE', #2029 ) ;
#1737 = CARTESIAN_POINT ( 'NONE',  ( 74.37499999999998579, 3.000000000000000000, -193.0000000000000000 ) ) ;
#1738 = EDGE_CURVE ( 'NONE', #2828, #478, #573, .T. ) ;
#1739 = FACE_OUTER_BOUND ( 'NONE', #572, .T. ) ;
#1740 = ORIENTED_EDGE ( 'NONE', *, *, #2515, .T. ) ;
#1741 = EDGE_CURVE ( 'NONE', #2266, #598, #335, .T. ) ;
#1742 = ORIENTED_EDGE ( 'NONE', *, *, #892, .T. ) ;
#1743 = DIRECTION ( 'NONE',  ( 0.000000000000000000, -1.000000000000000000, 0.000000000000000000 ) ) ;
#1744 = AXIS2_PLACEMENT_3D ( 'NONE', #2384, #2166, #1730 ) ;
#1745 = ORIENTED_EDGE ( 'NONE', *, *, #1074, .T. ) ;
#1746 = VECTOR ( 'NONE', #1135, 1000.000000000000000 ) ;
#1747 = LINE ( 'NONE', #2622, #1808 ) ;
#1748 = LINE ( 'NONE', #1958, #169 ) ;
#1749 = FACE_BOUND ( 'NONE', #1090, .T. ) ;
#1750 = ORIENTED_EDGE ( 'NONE', *, *, #1469, .F. ) ;
#1751 = DIRECTION ( 'NONE',  ( 0.000000000000000000, 1.000000000000000000, 0.000000000000000000 ) ) ;
#1752 = EDGE_CURVE ( 'NONE', #1393, #686, #1772, .T. ) ;
#1753 = CARTESIAN_POINT ( 'NONE',  ( 0.000000000000000000, 0.000000000000000000, 0.000000000000000000 ) ) ;
#1754 = DIRECTION ( 'NONE',  ( 0.000000000000000000, 0.000000000000000000, 1.000000000000000000 ) ) ;
#1755 = ORIENTED_EDGE ( 'NONE', *, *, #217, .T. ) ;
#1756 = CARTESIAN_POINT ( 'NONE',  ( 39.37499999999992895, 3.000000000000000000, -67.50000000000000000 ) ) ;
#1757 = ORIENTED_EDGE ( 'NONE', *, *, #2649, .F. ) ;
#1758 = CARTESIAN_POINT ( 'NONE',  ( 12.87499999999992539, 0.000000000000000000, -37.50000000000001421 ) ) ;
#1759 = VECTOR ( 'NONE', #652, 1000.000000000000000 ) ;
#1760 = PLANE ( 'NONE',  #1815 ) ;
#1761 = EDGE_LOOP ( 'NONE', ( #426, #2292, #588, #756 ) ) ;
#1762 = PLANE ( 'NONE',  #1400 ) ;
#1763 = CIRCLE ( 'NONE', #936, 14.70000000000000462 ) ;
#1764 = CIRCLE ( 'NONE', #1039, 14.70000000000000462 ) ;
#1765 = DIRECTION ( 'NONE',  ( -0.000000000000000000, -1.000000000000000000, -0.000000000000000000 ) ) ;
#1766 = CARTESIAN_POINT ( 'NONE',  ( -49.99999999999994316, 0.000000000000000000, -186.0999999999999375 ) ) ;
#1767 = EDGE_LOOP ( 'NONE', ( #884, #848 ) ) ;
#1768 = AXIS2_PLACEMENT_3D ( 'NONE', #1524, #2614, #646 ) ;
#1769 = VECTOR ( 'NONE', #2445, 1000.000000000000000 ) ;
#1770 = CIRCLE ( 'NONE', #1355, 1.500000000000001332 ) ;
#1771 = CARTESIAN_POINT ( 'NONE',  ( -12.87499999999991829, 3.000000000000000000, -67.50000000000000000 ) ) ;
#1772 = CIRCLE ( 'NONE', #1728, 1.500000000000001332 ) ;
#1773 = VERTEX_POINT ( 'NONE', #1234 ) ;
#1774 = FACE_BOUND ( 'NONE', #797, .T. ) ;
#1775 = EDGE_CURVE ( 'NONE', #1050, #278, #2601, .T. ) ;
#1776 = DIRECTION ( 'NONE',  ( 1.000000000000000000, 0.000000000000000000, 1.110223024625156540E-15 ) ) ;
#1777 = ORIENTED_EDGE ( 'NONE', *, *, #786, .F. ) ;
#1778 = DIRECTION ( 'NONE',  ( 1.000000000000000000, 0.000000000000000000, 0.000000000000000000 ) ) ;
#1779 = VECTOR ( 'NONE', #1387, 1000.000000000000000 ) ;
#1780 = CARTESIAN_POINT ( 'NONE',  ( -49.99999999999994316, 0.000000000000000000, -177.0999999999999375 ) ) ;
#1781 = CARTESIAN_POINT ( 'NONE',  ( 39.37499999999992184, 3.000000000000000000, -39.00000000000000000 ) ) ;
#1782 = VERTEX_POINT ( 'NONE', #538 ) ;
#1783 = EDGE_CURVE ( 'NONE', #1514, #450, #1433, .T. ) ;
#1784 = ORIENTED_EDGE ( 'NONE', *, *, #2157, .F. ) ;
#1785 = DIRECTION ( 'NONE',  ( 0.000000000000000000, 0.000000000000000000, 1.000000000000000000 ) ) ;
#1786 = ORIENTED_EDGE ( 'NONE', *, *, #843, .F. ) ;
#1787 = SURFACE_STYLE_USAGE ( .BOTH. , #2398 ) ;
#1788 = FACE_BOUND ( 'NONE', #1713, .T. ) ;
#1789 = EDGE_CURVE ( 'NONE', #1025, #2392, #2234, .T. ) ;
#1790 = DIRECTION ( 'NONE',  ( 0.000000000000000000, -1.000000000000000000, 0.000000000000000000 ) ) ;
#1791 = CIRCLE ( 'NONE', #1375, 1.250000000000000222 ) ;
#1792 = VERTEX_POINT ( 'NONE', #2313 ) ;
#1793 = DIRECTION ( 'NONE',  ( 0.000000000000000000, 0.000000000000000000, -1.000000000000000000 ) ) ;
#1794 = CYLINDRICAL_SURFACE ( 'NONE', #1359, 1.499999999999997780 ) ;
#1795 = VERTEX_POINT ( 'NONE', #123 ) ;
#1796 = ORIENTED_EDGE ( 'NONE', *, *, #896, .F. ) ;
#1797 = LINE ( 'NONE', #2476, #1554 ) ;
#1798 = EDGE_CURVE ( 'NONE', #673, #1889, #139, .T. ) ;
#1799 = ORIENTED_EDGE ( 'NONE', *, *, #82, .T. ) ;
#1800 = DIRECTION ( 'NONE',  ( -0.000000000000000000, -1.000000000000000000, -0.000000000000000000 ) ) ;
#1801 = DIRECTION ( 'NONE',  ( -0.000000000000000000, -1.000000000000000000, -0.000000000000000000 ) ) ;
#1802 = PLANE ( 'NONE',  #1531 ) ;
#1803 = ORIENTED_EDGE ( 'NONE', *, *, #1028, .F. ) ;
#1804 = CARTESIAN_POINT ( 'NONE',  ( -13.37499999999991829, 3.000000000000000000, -6.000000000000014211 ) ) ;
#1805 = CIRCLE ( 'NONE', #2823, 1.250000000000000222 ) ;
#1806 = CARTESIAN_POINT ( 'NONE',  ( -4.374999999999918288, 0.000000000000000000, -3.750000000000018208 ) ) ;
#1807 = ORIENTED_EDGE ( 'NONE', *, *, #786, .T. ) ;
#1808 = VECTOR ( 'NONE', #433, 1000.000000000000000 ) ;
#1809 = ADVANCED_FACE ( 'NONE', ( #2286 ), #2510, .F. ) ;
#1810 = LINE ( 'NONE', #1223, #751 ) ;
#1811 = EDGE_LOOP ( 'NONE', ( #1024, #1367 ) ) ;
#1812 = AXIS2_PLACEMENT_3D ( 'NONE', #1682, #1724, #1918 ) ;
#1813 = DIRECTION ( 'NONE',  ( -1.000000000000000000, 0.000000000000000000, -1.747899763146835923E-16 ) ) ;
#1814 = CIRCLE ( 'NONE', #2187, 14.70000000000000462 ) ;
#1815 = AXIS2_PLACEMENT_3D ( 'NONE', #1, #2400, #869 ) ;
#1816 = EDGE_LOOP ( 'NONE', ( #2146, #2253, #1988, #2744 ) ) ;
#1817 = CIRCLE ( 'NONE', #574, 1.500000000000003997 ) ;
#1818 = CYLINDRICAL_SURFACE ( 'NONE', #519, 1.500000000000001332 ) ;
#1819 = FACE_BOUND ( 'NONE', #1576, .T. ) ;
#1820 = CARTESIAN_POINT ( 'NONE',  ( -39.37499999999991473, 0.000000000000000000, -67.50000000000000000 ) ) ;
#1821 = ORIENTED_EDGE ( 'NONE', *, *, #2809, .T. ) ;
#1822 = CARTESIAN_POINT ( 'NONE',  ( 73.95259998431582460, 3.000000000000000000, -211.6437262863844353 ) ) ;
#1823 = DIRECTION ( 'NONE',  ( 0.000000000000000000, 0.000000000000000000, 1.000000000000000000 ) ) ;
#1824 = ORIENTED_EDGE ( 'NONE', *, *, #2046, .F. ) ;
#1825 = DIRECTION ( 'NONE',  ( -1.747899763146835923E-16, 0.000000000000000000, 1.000000000000000000 ) ) ;
#1826 = ORIENTED_EDGE ( 'NONE', *, *, #2718, .T. ) ;
#1827 = DIRECTION ( 'NONE',  ( 0.000000000000000000, 0.000000000000000000, 1.000000000000000000 ) ) ;
#1828 = EDGE_CURVE ( 'NONE', #196, #816, #2189, .T. ) ;
#1829 = ORIENTED_EDGE ( 'NONE', *, *, #2619, .F. ) ;
#1830 = CARTESIAN_POINT ( 'NONE',  ( 64.67499999999995453, 0.000000000000000000, -118.0000000000000000 ) ) ;
#1831 = CARTESIAN_POINT ( 'NONE',  ( 49.37499999999996447, 3.000000000000000000, -117.9999999999999858 ) ) ;
#1832 = FACE_OUTER_BOUND ( 'NONE', #1703, .T. ) ;
#1833 = EDGE_LOOP ( 'NONE', ( #642, #2314 ) ) ;
#1834 = DIRECTION ( 'NONE',  ( 1.110223024625156343E-15, 0.000000000000000000, -1.000000000000000000 ) ) ;
#1835 = EDGE_CURVE ( 'NONE', #2195, #278, #320, .T. ) ;
#1836 = EDGE_CURVE ( 'NONE', #1928, #1239, #2736, .T. ) ;
#1837 = AXIS2_PLACEMENT_3D ( 'NONE', #323, #803, #784 ) ;
#1838 = CARTESIAN_POINT ( 'NONE',  ( 49.99999999999997158, 3.000000000000000000, -178.3499999999999375 ) ) ;
#1839 = ORIENTED_EDGE ( 'NONE', *, *, #1688, .T. ) ;
#1840 = FACE_OUTER_BOUND ( 'NONE', #1720, .T. ) ;
#1841 = EDGE_CURVE ( 'NONE', #2571, #1344, #170, .T. ) ;
#1842 = VERTEX_POINT ( 'NONE', #1692 ) ;
#1843 = CIRCLE ( 'NONE', #601, 1.500000000000001332 ) ;
#1844 = ORIENTED_EDGE ( 'NONE', *, *, #2041, .F. ) ;
#1845 = DIRECTION ( 'NONE',  ( 0.000000000000000000, -1.000000000000000000, 0.000000000000000000 ) ) ;
#1846 = DIRECTION ( 'NONE',  ( 0.000000000000000000, 0.000000000000000000, 1.000000000000000000 ) ) ;
#1847 = EDGE_CURVE ( 'NONE', #349, #114, #108, .T. ) ;
#1848 = DIRECTION ( 'NONE',  ( -0.000000000000000000, -0.000000000000000000, 1.000000000000000000 ) ) ;
#1849 = EDGE_LOOP ( 'NONE', ( #327, #1909, #1226, #488 ) ) ;
#1850 = CARTESIAN_POINT ( 'NONE',  ( 4.374999999999919176, 3.000000000000000000, -5.000000000000017764 ) ) ;
#1851 = CARTESIAN_POINT ( 'NONE',  ( -79.37499999999992895, 3.000000000000000000, -132.7000000000000171 ) ) ;
#1852 = ORIENTED_EDGE ( 'NONE', *, *, #81, .T. ) ;
#1853 = DIRECTION ( 'NONE',  ( 0.000000000000000000, 0.000000000000000000, 1.000000000000000000 ) ) ;
#1854 = CARTESIAN_POINT ( 'NONE',  ( -39.37499999999991473, 3.000000000000000000, -69.00000000000000000 ) ) ;
#1855 = VECTOR ( 'NONE', #2669, 1000.000000000000000 ) ;
#1856 = EDGE_LOOP ( 'NONE', ( #2033, #1396, #71, #76 ) ) ;
#1857 = AXIS2_PLACEMENT_3D ( 'NONE', #2317, #529, #496 ) ;
#1858 = ORIENTED_EDGE ( 'NONE', *, *, #1053, .T. ) ;
#1859 = AXIS2_PLACEMENT_3D ( 'NONE', #1919, #1468, #382 ) ;
#1860 = PLANE ( 'NONE',  #159 ) ;
#1861 = DIRECTION ( 'NONE',  ( 0.000000000000000000, 0.000000000000000000, -1.000000000000000000 ) ) ;
#1862 = EDGE_CURVE ( 'NONE', #1792, #1427, #2148, .T. ) ;
#1863 = CARTESIAN_POINT ( 'NONE',  ( 74.37499999999998579, 0.000000000000000000, -193.0000000000000000 ) ) ;
#1864 = EDGE_LOOP ( 'NONE', ( #728, #2795, #1844, #69 ) ) ;
#1865 = FACE_OUTER_BOUND ( 'NONE', #2017, .T. ) ;
#1866 = ADVANCED_FACE ( 'NONE', ( #565 ), #2537, .F. ) ;
#1867 = VECTOR ( 'NONE', #1002, 1000.000000000000000 ) ;
#1868 = CARTESIAN_POINT ( 'NONE',  ( -74.37499999999994316, 3.000000000000000000, -166.5000000000000000 ) ) ;
#1869 = EDGE_LOOP ( 'NONE', ( #300, #166, #2082, #2434 ) ) ;
#1870 = CYLINDRICAL_SURFACE ( 'NONE', #2001, 1.500000000000003997 ) ;
#1871 = CARTESIAN_POINT ( 'NONE',  ( -74.37499999999995737, 0.000000000000000000, -191.5000000000000000 ) ) ;
#1872 = ORIENTED_EDGE ( 'NONE', *, *, #390, .T. ) ;
#1873 = EDGE_CURVE ( 'NONE', #2543, #2698, #1502, .T. ) ;
#1874 = VERTEX_POINT ( 'NONE', #2570 ) ;
#1875 = CARTESIAN_POINT ( 'NONE',  ( -13.37499999999991829, 3.000000000000000000, -7.500000000000015099 ) ) ;
#1876 = CARTESIAN_POINT ( 'NONE',  ( 64.67499999999996874, 3.000000000000000000, -132.7000000000000171 ) ) ;
#1877 = DIRECTION ( 'NONE',  ( 0.000000000000000000, 1.000000000000000000, 0.000000000000000000 ) ) ;
#1878 = ORIENTED_EDGE ( 'NONE', *, *, #854, .F. ) ;
#1879 = EDGE_CURVE ( 'NONE', #1365, #1603, #2770, .T. ) ;
#1880 = DIRECTION ( 'NONE',  ( 0.000000000000000000, 0.000000000000000000, -1.000000000000000000 ) ) ;
#1881 = DIRECTION ( 'NONE',  ( 1.000000000000000000, 0.000000000000000000, -2.271842395027065735E-16 ) ) ;
#1882 = ORIENTED_EDGE ( 'NONE', *, *, #761, .T. ) ;
#1883 = FACE_OUTER_BOUND ( 'NONE', #470, .T. ) ;
#1884 = DIRECTION ( 'NONE',  ( 0.000000000000000000, 0.000000000000000000, -1.000000000000000000 ) ) ;
#1885 = DIRECTION ( 'NONE',  ( -0.000000000000000000, -1.000000000000000000, -0.000000000000000000 ) ) ;
#1886 = EDGE_CURVE ( 'NONE', #539, #204, #1248, .T. ) ;
#1887 = ORIENTED_EDGE ( 'NONE', *, *, #1528, .T. ) ;
#1888 = CIRCLE ( 'NONE', #873, 1.249999999999973355 ) ;
#1889 = VERTEX_POINT ( 'NONE', #1914 ) ;
#1890 = DIRECTION ( 'NONE',  ( -0.000000000000000000, -1.000000000000000000, -0.000000000000000000 ) ) ;
#1891 = DIRECTION ( 'NONE',  ( -0.000000000000000000, -1.000000000000000000, -0.000000000000000000 ) ) ;
#1892 = AXIS2_PLACEMENT_3D ( 'NONE', #1699, #1286, #2605 ) ;
#1893 = DIRECTION ( 'NONE',  ( 0.000000000000000000, 0.000000000000000000, 1.000000000000000000 ) ) ;
#1894 = VERTEX_POINT ( 'NONE', #2843 ) ;
#1895 = CARTESIAN_POINT ( 'NONE',  ( 0.000000000000000000, 0.000000000000000000, -228.5999999999999943 ) ) ;
#1896 = DIRECTION ( 'NONE',  ( 0.000000000000000000, 0.000000000000000000, 1.000000000000000000 ) ) ;
#1897 = ORIENTED_EDGE ( 'NONE', *, *, #699, .F. ) ;
#1898 = CARTESIAN_POINT ( 'NONE',  ( 79.37499999999991473, 3.000000000000000000, -14.16604609612901555 ) ) ;
#1899 = DIRECTION ( 'NONE',  ( 0.000000000000000000, 0.000000000000000000, -1.000000000000000000 ) ) ;
#1900 = DIRECTION ( 'NONE',  ( 0.000000000000000000, 0.000000000000000000, -1.000000000000000000 ) ) ;
#1901 = ORIENTED_EDGE ( 'NONE', *, *, #1706, .T. ) ;
#1902 = EDGE_CURVE ( 'NONE', #285, #1470, #1681, .T. ) ;
#1903 = CIRCLE ( 'NONE', #2088, 1.499999999999994449 ) ;
#1904 = ORIENTED_EDGE ( 'NONE', *, *, #2006, .F. ) ;
#1905 = AXIS2_PLACEMENT_3D ( 'NONE', #117, #346, #2564 ) ;
#1906 = LINE ( 'NONE', #1227, #1033 ) ;
#1907 = LINE ( 'NONE', #1669, #1195 ) ;
#1908 = VECTOR ( 'NONE', #2174, 1000.000000000000000 ) ;
#1909 = ORIENTED_EDGE ( 'NONE', *, *, #718, .T. ) ;
#1910 = VECTOR ( 'NONE', #397, 1000.000000000000000 ) ;
#1911 = CARTESIAN_POINT ( 'NONE',  ( 74.87499999999991473, 0.000000000000000000, -19.49999999999998579 ) ) ;
#1912 = VECTOR ( 'NONE', #2160, 1000.000000000000000 ) ;
#1913 = AXIS2_PLACEMENT_3D ( 'NONE', #1758, #2623, #212 ) ;
#1914 = CARTESIAN_POINT ( 'NONE',  ( -49.99999999999994316, 0.000000000000000000, -186.0999999999999375 ) ) ;
#1915 = ORIENTED_EDGE ( 'NONE', *, *, #2128, .T. ) ;
#1916 = CARTESIAN_POINT ( 'NONE',  ( -49.99999999999994316, 3.000000000000000000, -179.5999999999999375 ) ) ;
#1917 = VECTOR ( 'NONE', #1190, 1000.000000000000000 ) ;
#1918 = DIRECTION ( 'NONE',  ( 0.000000000000000000, 0.000000000000000000, -1.000000000000000000 ) ) ;
#1919 = CARTESIAN_POINT ( 'NONE',  ( -65.20895390387087787, 3.000000000000000000, -14.16604609612900845 ) ) ;
#1920 = ORIENTED_EDGE ( 'NONE', *, *, #2153, .F. ) ;
#1921 = EDGE_CURVE ( 'NONE', #1928, #816, #1959, .T. ) ;
#1922 = ADVANCED_FACE ( 'NONE', ( #2625, #1749, #199, #394, #2158, #2387, #174, #857, #613, #1987, #1104, #2583, #1305, #1478, #224, #1521, #185, #1067, #1492, #2374, #2803, #2831, #2199, #1078, #1946, #2816, #641, #1278 ), #1760, .T. ) ;
#1923 = ORIENTED_EDGE ( 'NONE', *, *, #1028, .T. ) ;
#1924 = FACE_OUTER_BOUND ( 'NONE', #400, .T. ) ;
#1925 = CARTESIAN_POINT ( 'NONE',  ( -74.87499999999991473, 3.000000000000000000, -19.50000000000000000 ) ) ;
#1926 = VECTOR ( 'NONE', #711, 1000.000000000000000 ) ;
#1927 = CIRCLE ( 'NONE', #2290, 1.250000000000000222 ) ;
#1928 = VERTEX_POINT ( 'NONE', #2638 ) ;
#1929 = ORIENTED_EDGE ( 'NONE', *, *, #1192, .F. ) ;
#1930 = DIRECTION ( 'NONE',  ( -0.000000000000000000, -1.000000000000000000, -0.000000000000000000 ) ) ;
#1931 = DIRECTION ( 'NONE',  ( 0.000000000000000000, 0.000000000000000000, 1.000000000000000000 ) ) ;
#1932 = ORIENTED_EDGE ( 'NONE', *, *, #2203, .T. ) ;
#1933 = DIRECTION ( 'NONE',  ( 0.000000000000000000, 1.000000000000000000, 0.000000000000000000 ) ) ;
#1934 = ADVANCED_FACE ( 'NONE', ( #2145 ), #1735, .F. ) ;
#1935 = DIRECTION ( 'NONE',  ( -0.000000000000000000, -1.000000000000000000, -0.000000000000000000 ) ) ;
#1936 = CARTESIAN_POINT ( 'NONE',  ( -78.78397985763585609, 3.000000000000000000, -199.9640896339807909 ) ) ;
#1937 = VERTEX_POINT ( 'NONE', #2359 ) ;
#1938 = EDGE_CURVE ( 'NONE', #2075, #2577, #1260, .T. ) ;
#1939 = AXIS2_PLACEMENT_3D ( 'NONE', #2194, #412, #1701 ) ;
#1940 = ORIENTED_EDGE ( 'NONE', *, *, #2396, .F. ) ;
#1941 = DIRECTION ( 'NONE',  ( -5.829602059562853645E-16, 0.000000000000000000, 1.000000000000000000 ) ) ;
#1942 = ORIENTED_EDGE ( 'NONE', *, *, #1835, .T. ) ;
#1943 = B_SPLINE_CURVE_WITH_KNOTS ( 'NONE', 3,
 ( #252, #292, #1573, #2459, #1822, #2699, #1147 ),
 .UNSPECIFIED., .F., .F.,
 ( 4, 1, 1, 1, 4 ),
 ( 0.000000000000000000, 0.2800928068961774375, 0.6713298521798601870, 0.7738865541292181405, 1.000000000000000000 ),
 .UNSPECIFIED. ) ;
#1944 = FACE_OUTER_BOUND ( 'NONE', #1655, .T. ) ;
#1945 = EDGE_CURVE ( 'NONE', #301, #1216, #377, .T. ) ;
#1946 = FACE_BOUND ( 'NONE', #1220, .T. ) ;
#1947 = ORIENTED_EDGE ( 'NONE', *, *, #230, .F. ) ;
#1948 = DIRECTION ( 'NONE',  ( 0.000000000000000000, 0.000000000000000000, 1.000000000000000000 ) ) ;
#1949 = LINE ( 'NONE', #1467, #2228 ) ;
#1950 = DIRECTION ( 'NONE',  ( -4.019742158173901904E-16, 0.000000000000000000, 1.000000000000000000 ) ) ;
#1951 = ADVANCED_FACE ( 'NONE', ( #1719 ), #2611, .T. ) ;
#1952 = VERTEX_POINT ( 'NONE', #215 ) ;
#1953 = LINE ( 'NONE', #1072, #2715 ) ;
#1954 = LINE ( 'NONE', #853, #2118 ) ;
#1955 = AXIS2_PLACEMENT_3D ( 'NONE', #1820, #2481, #1385 ) ;
#1956 = VECTOR ( 'NONE', #968, 1000.000000000000000 ) ;
#1957 = ORIENTED_EDGE ( 'NONE', *, *, #365, .F. ) ;
#1958 = CARTESIAN_POINT ( 'NONE',  ( -49.37499999999992184, 0.000000000000000000, -50.00000000000000000 ) ) ;
#1959 = LINE ( 'NONE', #1093, #435 ) ;
#1960 = EDGE_LOOP ( 'NONE', ( #2800, #743 ) ) ;
#1961 = EDGE_CURVE ( 'NONE', #2854, #923, #1976, .T. ) ;
#1962 = CYLINDRICAL_SURFACE ( 'NONE', #644, 1.499999999999994449 ) ;
#1963 = AXIS2_PLACEMENT_3D ( 'NONE', #1564, #2661, #1364 ) ;
#1964 = CIRCLE ( 'NONE', #1913, 1.500000000000001332 ) ;
#1965 = CARTESIAN_POINT ( 'NONE',  ( -79.37499999999998579, 3.000000000000000000, -193.7860499750869678 ) ) ;
#1966 = VECTOR ( 'NONE', #551, 1000.000000000000000 ) ;
#1967 = EDGE_LOOP ( 'NONE', ( #2112, #1509, #2717, #678 ) ) ;
#1968 = VERTEX_POINT ( 'NONE', #2413 ) ;
#1969 = CARTESIAN_POINT ( 'NONE',  ( 49.37499999999996447, 0.000000000000000000, -117.9999999999999858 ) ) ;
#1970 = EDGE_CURVE ( 'NONE', #1438, #2517, #1406, .T. ) ;
#1971 = EDGE_LOOP ( 'NONE', ( #676, #1361, #154, #871 ) ) ;
#1972 = DIRECTION ( 'NONE',  ( -4.019742158173901904E-16, 0.000000000000000000, 1.000000000000000000 ) ) ;
#1973 = CARTESIAN_POINT ( 'NONE',  ( 49.99999999999997158, 3.000000000000000000, -187.3499999999999375 ) ) ;
#1974 = ADVANCED_FACE ( 'NONE', ( #449 ), #2429, .F. ) ;
#1975 = EDGE_CURVE ( 'NONE', #1184, #2461, #2656, .T. ) ;
#1976 = LINE ( 'NONE', #654, #671 ) ;
#1977 = ORIENTED_EDGE ( 'NONE', *, *, #1945, .F. ) ;
#1978 = CARTESIAN_POINT ( 'NONE',  ( -74.37499999999994316, 0.000000000000000000, -166.5000000000000000 ) ) ;
#1979 = DIRECTION ( 'NONE',  ( 0.000000000000000000, 0.000000000000000000, 1.000000000000000000 ) ) ;
#1980 = ORIENTED_EDGE ( 'NONE', *, *, #729, .F. ) ;
#1981 = ORIENTED_EDGE ( 'NONE', *, *, #2428, .T. ) ;
#1982 = VECTOR ( 'NONE', #2133, 1000.000000000000000 ) ;
#1983 = ORIENTED_EDGE ( 'NONE', *, *, #97, .F. ) ;
#1984 = DIRECTION ( 'NONE',  ( 0.000000000000000000, -1.000000000000000000, 0.000000000000000000 ) ) ;
#1985 = LINE ( 'NONE', #1329, #571 ) ;
#1986 = VECTOR ( 'NONE', #2147, 1000.000000000000000 ) ;
#1987 = FACE_OUTER_BOUND ( 'NONE', #2115, .T. ) ;
#1988 = ORIENTED_EDGE ( 'NONE', *, *, #1789, .T. ) ;
#1989 = CARTESIAN_POINT ( 'NONE',  ( 39.37499999999991473, 3.000000000000000000, -7.500000000000000888 ) ) ;
#1990 = VECTOR ( 'NONE', #386, 1000.000000000000000 ) ;
#1991 = FACE_OUTER_BOUND ( 'NONE', #1539, .T. ) ;
#1992 = ORIENTED_EDGE ( 'NONE', *, *, #1565, .T. ) ;
#1993 = DIRECTION ( 'NONE',  ( 0.000000000000000000, 0.000000000000000000, -1.000000000000000000 ) ) ;
#1994 = EDGE_CURVE ( 'NONE', #2629, #2065, #1630, .T. ) ;
#1995 = VERTEX_POINT ( 'NONE', #2443 ) ;
#1996 = DIRECTION ( 'NONE',  ( 0.000000000000000000, 0.000000000000000000, 1.000000000000000000 ) ) ;
#1997 = VECTOR ( 'NONE', #765, 1000.000000000000000 ) ;
#1998 = DIRECTION ( 'NONE',  ( -0.000000000000000000, -1.000000000000000000, -0.000000000000000000 ) ) ;
#1999 = EDGE_LOOP ( 'NONE', ( #2341, #2666, #1060, #1613 ) ) ;
#2000 = LINE ( 'NONE', #1107, #1769 ) ;
#2001 = AXIS2_PLACEMENT_3D ( 'NONE', #1379, #340, #541 ) ;
#2002 = LINE ( 'NONE', #2687, #2232 ) ;
#2003 = EDGE_LOOP ( 'NONE', ( #1803, #1019, #996, #863 ) ) ;
#2004 = AXIS2_PLACEMENT_3D ( 'NONE', #961, #2269, #1823 ) ;
#2005 = EDGE_CURVE ( 'NONE', #2332, #2102, #845, .T. ) ;
#2006 = EDGE_CURVE ( 'NONE', #750, #704, #1805, .T. ) ;
#2007 = FACE_OUTER_BOUND ( 'NONE', #1816, .T. ) ;
#2008 = AXIS2_PLACEMENT_3D ( 'NONE', #436, #1320, #1158 ) ;
#2009 = ADVANCED_FACE ( 'NONE', ( #1832 ), #477, .F. ) ;
#2010 = ORIENTED_EDGE ( 'NONE', *, *, #2530, .F. ) ;
#2011 = LINE ( 'NONE', #2264, #1086 ) ;
#2012 = ADVANCED_FACE ( 'NONE', ( #57 ), #2013, .F. ) ;
#2013 = CYLINDRICAL_SURFACE ( 'NONE', #156, 1.250000000000001110 ) ;
#2014 = EDGE_LOOP ( 'NONE', ( #2837, #782, #2360, #105 ) ) ;
#2015 = DIRECTION ( 'NONE',  ( 0.000000000000000000, 0.000000000000000000, 1.000000000000000000 ) ) ;
#2016 = FACE_OUTER_BOUND ( 'NONE', #934, .T. ) ;
#2017 = EDGE_LOOP ( 'NONE', ( #283, #2356, #181, #2397 ) ) ;
#2018 = EDGE_CURVE ( 'NONE', #2108, #1553, #1118, .T. ) ;
#2019 = EDGE_LOOP ( 'NONE', ( #1484, #1202, #2737, #558 ) ) ;
#2020 = CARTESIAN_POINT ( 'NONE',  ( 4.374999999999919176, 3.000000000000000000, -6.250000000000017764 ) ) ;
#2021 = ADVANCED_FACE ( 'NONE', ( #1343 ), #250, .F. ) ;
#2022 = EDGE_LOOP ( 'NONE', ( #2225, #2063 ) ) ;
#2023 = CYLINDRICAL_SURFACE ( 'NONE', #1442, 1.249999999999973355 ) ;
#2024 = FACE_BOUND ( 'NONE', #1637, .T. ) ;
#2025 = DIRECTION ( 'NONE',  ( 0.000000000000000000, 0.000000000000000000, 1.000000000000000000 ) ) ;
#2026 = EDGE_LOOP ( 'NONE', ( #1409, #1134 ) ) ;
#2027 = CARTESIAN_POINT ( 'NONE',  ( -49.37499999999992184, 3.000000000000000000, -50.00000000000000000 ) ) ;
#2028 = ADVANCED_FACE ( 'NONE', ( #75 ), #1802, .F. ) ;
#2029 = CARTESIAN_POINT ( 'NONE',  ( -74.87499999999991473, 0.000000000000000000, -16.50000000000000355 ) ) ;
#2030 = EDGE_LOOP ( 'NONE', ( #146, #825, #2652, #1194 ) ) ;
#2031 = ORIENTED_EDGE ( 'NONE', *, *, #1798, .F. ) ;
#2032 = CARTESIAN_POINT ( 'NONE',  ( -49.99999999999996447, 3.000000000000000000, -129.8499999999999375 ) ) ;
#2033 = ORIENTED_EDGE ( 'NONE', *, *, #1337, .F. ) ;
#2034 = CARTESIAN_POINT ( 'NONE',  ( -49.99999999999996447, 3.000000000000000000, -131.0999999999999091 ) ) ;
#2035 = FACE_BOUND ( 'NONE', #583, .T. ) ;
#2036 = DIRECTION ( 'NONE',  ( 0.000000000000000000, 0.000000000000000000, -1.000000000000000000 ) ) ;
#2037 = ORIENTED_EDGE ( 'NONE', *, *, #88, .F. ) ;
#2038 = CARTESIAN_POINT ( 'NONE',  ( 49.99999999999997868, 0.000000000000000000, -129.8499999999999375 ) ) ;
#2039 = ADVANCED_FACE ( 'NONE', ( #2683 ), #913, .F. ) ;
#2040 = LINE ( 'NONE', #1407, #1037 ) ;
#2041 = EDGE_CURVE ( 'NONE', #2372, #1209, #1586, .T. ) ;
#2042 = ORIENTED_EDGE ( 'NONE', *, *, #930, .F. ) ;
#2043 = AXIS2_PLACEMENT_3D ( 'NONE', #1652, #2547, #358 ) ;
#2044 = AXIS2_PLACEMENT_3D ( 'NONE', #2495, #2230, #1602 ) ;
#2045 = CARTESIAN_POINT ( 'NONE',  ( 39.37499999999992895, 3.000000000000000000, -69.00000000000000000 ) ) ;
#2046 = EDGE_CURVE ( 'NONE', #719, #2159, #1574, .T. ) ;
#2047 = ORIENTED_EDGE ( 'NONE', *, *, #2005, .T. ) ;
#2048 = AXIS2_PLACEMENT_3D ( 'NONE', #2122, #1472, #560 ) ;
#2049 = AXIS2_PLACEMENT_3D ( 'NONE', #1307, #407, #1295 ) ;
#2050 = DIRECTION ( 'NONE',  ( 0.000000000000000000, -1.000000000000000000, 0.000000000000000000 ) ) ;
#2051 = CIRCLE ( 'NONE', #64, 1.500000000000001332 ) ;
#2052 = ORIENTED_EDGE ( 'NONE', *, *, #122, .F. ) ;
#2053 = CARTESIAN_POINT ( 'NONE',  ( 49.99999999999997158, 3.000000000000000000, -177.0999999999999375 ) ) ;
#2054 = DIRECTION ( 'NONE',  ( -0.000000000000000000, -1.000000000000000000, -0.000000000000000000 ) ) ;
#2055 = DIRECTION ( 'NONE',  ( 0.000000000000000000, 0.000000000000000000, 1.000000000000000000 ) ) ;
#2056 = VERTEX_POINT ( 'NONE', #958 ) ;
#2057 = DIRECTION ( 'NONE',  ( 4.081702296416016983E-16, 0.000000000000000000, 1.000000000000000000 ) ) ;
#2058 = AXIS2_PLACEMENT_3D ( 'NONE', #2636, #1530, #1996 ) ;
#2059 = DIRECTION ( 'NONE',  ( -1.000000000000000000, -0.000000000000000000, 5.551115123125782702E-16 ) ) ;
#2060 = ORIENTED_EDGE ( 'NONE', *, *, #413, .F. ) ;
#2061 = DIRECTION ( 'NONE',  ( 0.000000000000000000, 1.000000000000000000, 0.000000000000000000 ) ) ;
#2062 = AXIS2_PLACEMENT_3D ( 'NONE', #1339, #8, #1993 ) ;
#2063 = ORIENTED_EDGE ( 'NONE', *, *, #1469, .T. ) ;
#2064 = ADVANCED_FACE ( 'NONE', ( #1547 ), #1598, .F. ) ;
#2065 = VERTEX_POINT ( 'NONE', #944 ) ;
#2066 = CYLINDRICAL_SURFACE ( 'NONE', #113, 1.500000000000001332 ) ;
#2067 = EDGE_CURVE ( 'NONE', #321, #361, #2178, .T. ) ;
#2068 = DIRECTION ( 'NONE',  ( -0.000000000000000000, -1.000000000000000000, -0.000000000000000000 ) ) ;
#2069 = ORIENTED_EDGE ( 'NONE', *, *, #1206, .F. ) ;
#2070 = CARTESIAN_POINT ( 'NONE',  ( 79.37500000000001421, 3.000000000000000000, -193.7860499750869678 ) ) ;
#2071 = VECTOR ( 'NONE', #1743, 1000.000000000000000 ) ;
#2072 = DIRECTION ( 'NONE',  ( -0.000000000000000000, -1.000000000000000000, -0.000000000000000000 ) ) ;
#2073 = ORIENTED_EDGE ( 'NONE', *, *, #258, .T. ) ;
#2074 = DIRECTION ( 'NONE',  ( 0.000000000000000000, 0.000000000000000000, 1.000000000000000000 ) ) ;
#2075 = VERTEX_POINT ( 'NONE', #2265 ) ;
#2076 = AXIS2_PLACEMENT_3D ( 'NONE', #125, #1646, #798 ) ;
#2077 = PRODUCT_RELATED_PRODUCT_CATEGORY ( 'part', '', ( #1183 ) ) ;
#2078 = EDGE_CURVE ( 'NONE', #2473, #1553, #244, .T. ) ;
#2079 = ORIENTED_EDGE ( 'NONE', *, *, #1304, .F. ) ;
#2080 = CARTESIAN_POINT ( 'NONE',  ( -39.37499999999991473, 3.000000000000000000, -39.00000000000000711 ) ) ;
#2081 = DIRECTION ( 'NONE',  ( 0.000000000000000000, 0.000000000000000000, 1.000000000000000000 ) ) ;
#2082 = ORIENTED_EDGE ( 'NONE', *, *, #2382, .F. ) ;
#2083 = CARTESIAN_POINT ( 'NONE',  ( -9.188135391866486756, 0.000000000000000000, -228.1714929705271118 ) ) ;
#2084 = CARTESIAN_POINT ( 'NONE',  ( -12.87499999999991829, 3.000000000000000000, -67.50000000000000000 ) ) ;
#2085 = ORIENTED_EDGE ( 'NONE', *, *, #527, .F. ) ;
#2086 = DIRECTION ( 'NONE',  ( 0.000000000000000000, 0.000000000000000000, 1.000000000000000000 ) ) ;
#2087 = CYLINDRICAL_SURFACE ( 'NONE', #2850, 1.500000000000003997 ) ;
#2088 = AXIS2_PLACEMENT_3D ( 'NONE', #2328, #1215, #2081 ) ;
#2089 = ORIENTED_EDGE ( 'NONE', *, *, #1270, .T. ) ;
#2090 = EDGE_CURVE ( 'NONE', #2242, #2466, #1014, .T. ) ;
#2091 = AXIS2_PLACEMENT_3D ( 'NONE', #2751, #776, #147 ) ;
#2092 = ORIENTED_EDGE ( 'NONE', *, *, #1738, .T. ) ;
#2093 = VECTOR ( 'NONE', #542, 1000.000000000000000 ) ;
#2094 = DIRECTION ( 'NONE',  ( 1.000000000000000000, 0.000000000000000000, -4.081702296416016983E-16 ) ) ;
#2095 = CARTESIAN_POINT ( 'NONE',  ( 74.37499999999998579, 3.000000000000000000, -191.5000000000000000 ) ) ;
#2096 = CIRCLE ( 'NONE', #2782, 1.249999999999973355 ) ;
#2097 = CARTESIAN_POINT ( 'NONE',  ( -12.87499999999991829, 3.000000000000000000, -39.00000000000001421 ) ) ;
#2098 = EDGE_LOOP ( 'NONE', ( #2184, #1632, #511, #766 ) ) ;
#2099 = CARTESIAN_POINT ( 'NONE',  ( -39.37499999999991473, 3.000000000000000000, -37.50000000000000711 ) ) ;
#2100 = ADVANCED_BREP_SHAPE_REPRESENTATION ( 'CarPlexiPlate', ( #2278, #1171 ), #1395 ) ;
#2101 = DIRECTION ( 'NONE',  ( -0.000000000000000000, -1.000000000000000000, -0.000000000000000000 ) ) ;
#2102 = VERTEX_POINT ( 'NONE', #150 ) ;
#2103 = LINE ( 'NONE', #1898, #1986 ) ;
#2104 = DIRECTION ( 'NONE',  ( -0.000000000000000000, -1.000000000000000000, -0.000000000000000000 ) ) ;
#2105 = DIRECTION ( 'NONE',  ( -1.747899763146835923E-16, 0.000000000000000000, 1.000000000000000000 ) ) ;
#2106 = EDGE_CURVE ( 'NONE', #775, #2466, #1030, .T. ) ;
#2107 = ORIENTED_EDGE ( 'NONE', *, *, #840, .F. ) ;
#2108 = VERTEX_POINT ( 'NONE', #317 ) ;
#2109 = DIRECTION ( 'NONE',  ( -1.000000000000000000, -0.000000000000000000, -5.551115123125780730E-16 ) ) ;
#2110 = DIRECTION ( 'NONE',  ( 0.000000000000000000, 1.000000000000000000, 0.000000000000000000 ) ) ;
#2111 = CARTESIAN_POINT ( 'NONE',  ( 39.37499999999991473, 3.000000000000000000, -9.000000000000005329 ) ) ;
#2112 = ORIENTED_EDGE ( 'NONE', *, *, #966, .F. ) ;
#2113 = CARTESIAN_POINT ( 'NONE',  ( -29.54570341712943460, 0.000000000000000000, -228.1829055582983585 ) ) ;
#2114 = DIRECTION ( 'NONE',  ( 0.000000000000000000, 0.000000000000000000, 1.000000000000000000 ) ) ;
#2115 = EDGE_LOOP ( 'NONE', ( #2439, #1872, #1932, #2840, #1071, #1154, #1947, #370, #2401, #690, #2750, #2206, #2155, #1094, #2239, #2168, #1149 ) ) ;
#2116 = EDGE_CURVE ( 'NONE', #2274, #2473, #1245, .T. ) ;
#2117 = CARTESIAN_POINT ( 'NONE',  ( -64.67499999999994031, 3.000000000000000000, -118.0000000000000142 ) ) ;
#2118 = VECTOR ( 'NONE', #637, 1000.000000000000000 ) ;
#2119 = DIRECTION ( 'NONE',  ( 0.000000000000000000, 0.000000000000000000, -1.000000000000000000 ) ) ;
#2120 = ORIENTED_EDGE ( 'NONE', *, *, #1350, .F. ) ;
#2121 = ORIENTED_EDGE ( 'NONE', *, *, #1112, .T. ) ;
#2122 = CARTESIAN_POINT ( 'NONE',  ( 39.37499999999992895, 3.000000000000000000, -67.50000000000000000 ) ) ;
#2123 = LINE ( 'NONE', #1639, #965 ) ;
#2124 = DIRECTION ( 'NONE',  ( 0.000000000000000000, 0.000000000000000000, -1.000000000000000000 ) ) ;
#2125 = ORIENTED_EDGE ( 'NONE', *, *, #1074, .F. ) ;
#2126 = CARTESIAN_POINT ( 'NONE',  ( 9.188135391866527613, 3.000000000000000000, -228.1714929705271118 ) ) ;
#2127 = CARTESIAN_POINT ( 'NONE',  ( 79.37500000000001421, 3.000000000000000000, -193.7860499750869678 ) ) ;
#2128 = EDGE_CURVE ( 'NONE', #1522, #2577, #331, .T. ) ;
#2129 = ORIENTED_EDGE ( 'NONE', *, *, #281, .T. ) ;
#2130 = DIRECTION ( 'NONE',  ( -0.000000000000000000, -1.000000000000000000, -0.000000000000000000 ) ) ;
#2131 = EDGE_CURVE ( 'NONE', #2701, #2320, #1665, .T. ) ;
#2132 = FACE_OUTER_BOUND ( 'NONE', #713, .T. ) ;
#2133 = DIRECTION ( 'NONE',  ( 0.000000000000000000, -1.000000000000000000, 0.000000000000000000 ) ) ;
#2134 = VERTEX_POINT ( 'NONE', #1445 ) ;
#2135 = VERTEX_POINT ( 'NONE', #2723 ) ;
#2136 = AXIS2_PLACEMENT_3D ( 'NONE', #87, #1415, #1370 ) ;
#2137 = CARTESIAN_POINT ( 'NONE',  ( -12.87499999999991829, 3.000000000000000000, -67.50000000000000000 ) ) ;
#2138 = DIRECTION ( 'NONE',  ( -0.000000000000000000, -1.000000000000000000, -0.000000000000000000 ) ) ;
#2139 = CIRCLE ( 'NONE', #1493, 1.500000000000001332 ) ;
#2140 = EDGE_CURVE ( 'NONE', #2466, #775, #889, .T. ) ;
#2141 = VERTEX_POINT ( 'NONE', #2111 ) ;
#2142 = LINE ( 'NONE', #1052, #74 ) ;
#2143 = AXIS2_PLACEMENT_3D ( 'NONE', #2389, #1549, #1948 ) ;
#2144 = CIRCLE ( 'NONE', #297, 1.250000000000028866 ) ;
#2145 = FACE_OUTER_BOUND ( 'NONE', #1869, .T. ) ;
#2146 = ORIENTED_EDGE ( 'NONE', *, *, #1097, .F. ) ;
#2147 = DIRECTION ( 'NONE',  ( -1.747899763146835923E-16, 0.000000000000000000, 1.000000000000000000 ) ) ;
#2148 = CIRCLE ( 'NONE', #2550, 1.500000000000001332 ) ;
#2149 = LINE ( 'NONE', #408, #664 ) ;
#2150 = CARTESIAN_POINT ( 'NONE',  ( 12.87499999999992539, 3.000000000000000000, -36.00000000000001421 ) ) ;
#2151 = VERTEX_POINT ( 'NONE', #1640 ) ;
#2152 = LINE ( 'NONE', #1087, #2763 ) ;
#2153 = EDGE_CURVE ( 'NONE', #1239, #1928, #1903, .T. ) ;
#2154 = FACE_OUTER_BOUND ( 'NONE', #785, .T. ) ;
#2155 = ORIENTED_EDGE ( 'NONE', *, *, #619, .F. ) ;
#2156 = DIRECTION ( 'NONE',  ( 0.000000000000000000, 1.000000000000000000, 0.000000000000000000 ) ) ;
#2157 = EDGE_CURVE ( 'NONE', #63, #775, #2521, .T. ) ;
#2158 = FACE_BOUND ( 'NONE', #395, .T. ) ;
#2159 = VERTEX_POINT ( 'NONE', #2490 ) ;
#2160 = DIRECTION ( 'NONE',  ( -1.000000000000000000, 0.000000000000000000, 0.000000000000000000 ) ) ;
#2161 = DIRECTION ( 'NONE',  ( 0.000000000000000000, -1.000000000000000000, 0.000000000000000000 ) ) ;
#2162 = CARTESIAN_POINT ( 'NONE',  ( -29.54570341712943460, 3.000000000000000000, -228.1829055582983585 ) ) ;
#2163 = VERTEX_POINT ( 'NONE', #1461 ) ;
#2164 = AXIS2_PLACEMENT_3D ( 'NONE', #1213, #1027, #2739 ) ;
#2165 = ORIENTED_EDGE ( 'NONE', *, *, #828, .F. ) ;
#2166 = DIRECTION ( 'NONE',  ( 0.000000000000000000, 1.000000000000000000, 0.000000000000000000 ) ) ;
#2167 = EDGE_CURVE ( 'NONE', #2320, #1099, #2767, .T. ) ;
#2168 = ORIENTED_EDGE ( 'NONE', *, *, #2655, .T. ) ;
#2169 = CARTESIAN_POINT ( 'NONE',  ( -12.87499999999991829, 3.000000000000000000, -37.50000000000001421 ) ) ;
#2170 = DIRECTION ( 'NONE',  ( 0.000000000000000000, 0.000000000000000000, -1.000000000000000000 ) ) ;
#2171 = ORIENTED_EDGE ( 'NONE', *, *, #1350, .T. ) ;
#2172 = FACE_OUTER_BOUND ( 'NONE', #682, .T. ) ;
#2173 =( NAMED_UNIT ( * ) PLANE_ANGLE_UNIT ( ) SI_UNIT ( $, .RADIAN. ) );
#2174 = DIRECTION ( 'NONE',  ( -0.000000000000000000, -1.000000000000000000, -0.000000000000000000 ) ) ;
#2175 = ORIENTED_EDGE ( 'NONE', *, *, #390, .F. ) ;
#2176 = CARTESIAN_POINT ( 'NONE',  ( 74.37499999999998579, 3.000000000000000000, -191.5000000000000000 ) ) ;
#2177 = LINE ( 'NONE', #1969, #733 ) ;
#2178 = CIRCLE ( 'NONE', #1955, 1.500000000000001332 ) ;
#2179 = EDGE_CURVE ( 'NONE', #651, #1937, #1671, .T. ) ;
#2180 = ORIENTED_EDGE ( 'NONE', *, *, #1550, .F. ) ;
#2181 = DIRECTION ( 'NONE',  ( 0.000000000000000000, 0.000000000000000000, -1.000000000000000000 ) ) ;
#2182 = CARTESIAN_POINT ( 'NONE',  ( -65.20895390387087787, 0.000000000000000000, -14.16604609612900845 ) ) ;
#2183 = CARTESIAN_POINT ( 'NONE',  ( 65.20895390387087787, 3.000000000000000000, -14.16604609612899779 ) ) ;
#2184 = ORIENTED_EDGE ( 'NONE', *, *, #1196, .T. ) ;
#2185 = CARTESIAN_POINT ( 'NONE',  ( -13.37499999999991829, 0.000000000000000000, -7.500000000000015099 ) ) ;
#2186 = ADVANCED_FACE ( 'NONE', ( #520 ), #104, .F. ) ;
#2187 = AXIS2_PLACEMENT_3D ( 'NONE', #1876, #1257, #347 ) ;
#2188 = CARTESIAN_POINT ( 'NONE',  ( -74.37499999999994316, 3.000000000000000000, -166.5000000000000000 ) ) ;
#2189 = CIRCLE ( 'NONE', #214, 1.499999999999994449 ) ;
#2190 = AXIS2_PLACEMENT_3D ( 'NONE', #1643, #1232, #767 ) ;
#2191 = ORIENTED_EDGE ( 'NONE', *, *, #1945, .T. ) ;
#2192 = EDGE_CURVE ( 'NONE', #695, #1441, #1392, .T. ) ;
#2193 = EDGE_LOOP ( 'NONE', ( #1904, #364 ) ) ;
#2194 = CARTESIAN_POINT ( 'NONE',  ( -39.37499999999991473, 3.000000000000000000, -7.500000000000007105 ) ) ;
#2195 = VERTEX_POINT ( 'NONE', #2296 ) ;
#2196 = CARTESIAN_POINT ( 'NONE',  ( 49.99999999999997868, 3.000000000000000000, -128.5999999999999659 ) ) ;
#2197 = CARTESIAN_POINT ( 'NONE',  ( -39.37499999999991473, 3.000000000000000000, -7.500000000000007105 ) ) ;
#2198 = VECTOR ( 'NONE', #1813, 1000.000000000000000 ) ;
#2199 = FACE_BOUND ( 'NONE', #2817, .T. ) ;
#2200 = ORIENTED_EDGE ( 'NONE', *, *, #1221, .T. ) ;
#2201 = DIRECTION ( 'NONE',  ( 0.000000000000000000, 1.000000000000000000, 0.000000000000000000 ) ) ;
#2202 = LINE ( 'NONE', #1766, #474 ) ;
#2203 = EDGE_CURVE ( 'NONE', #953, #2854, #549, .T. ) ;
#2204 = ORIENTED_EDGE ( 'NONE', *, *, #1879, .F. ) ;
#2205 = CYLINDRICAL_SURFACE ( 'NONE', #2062, 1.500000000000001332 ) ;
#2206 = ORIENTED_EDGE ( 'NONE', *, *, #2301, .F. ) ;
#2207 = CARTESIAN_POINT ( 'NONE',  ( 79.37499999999995737, 3.000000000000000000, -132.7000000000000171 ) ) ;
#2208 = CARTESIAN_POINT ( 'NONE',  ( -74.37499999999994316, 3.000000000000000000, -168.0000000000000000 ) ) ;
#2209 = CIRCLE ( 'NONE', #970, 1.499999999999997780 ) ;
#2210 = CARTESIAN_POINT ( 'NONE',  ( -49.99999999999994316, 0.000000000000000000, -188.5999999999999943 ) ) ;
#2211 = ORIENTED_EDGE ( 'NONE', *, *, #2090, .T. ) ;
#2212 = DIRECTION ( 'NONE',  ( -0.000000000000000000, -1.000000000000000000, -0.000000000000000000 ) ) ;
#2213 =( LENGTH_UNIT ( ) NAMED_UNIT ( * ) SI_UNIT ( .MILLI., .METRE. ) );
#2214 = CARTESIAN_POINT ( 'NONE',  ( -49.99999999999996447, 0.000000000000000000, -131.0999999999999091 ) ) ;
#2215 = VERTEX_POINT ( 'NONE', #562 ) ;
#2216 = EDGE_CURVE ( 'NONE', #442, #1099, #2590, .T. ) ;
#2217 = ORIENTED_EDGE ( 'NONE', *, *, #548, .F. ) ;
#2218 = DIRECTION ( 'NONE',  ( 0.000000000000000000, 0.000000000000000000, 1.000000000000000000 ) ) ;
#2219 = ORIENTED_EDGE ( 'NONE', *, *, #818, .F. ) ;
#2220 = DIRECTION ( 'NONE',  ( 0.000000000000000000, 0.000000000000000000, -1.000000000000000000 ) ) ;
#2221 = FACE_BOUND ( 'NONE', #1255, .T. ) ;
#2222 = AXIS2_PLACEMENT_3D ( 'NONE', #1331, #277, #2055 ) ;
#2223 = EDGE_CURVE ( 'NONE', #1557, #450, #107, .T. ) ;
#2224 = CARTESIAN_POINT ( 'NONE',  ( 65.20895390387087787, 0.000000000000000000, -14.16604609612899779 ) ) ;
#2225 = ORIENTED_EDGE ( 'NONE', *, *, #1192, .T. ) ;
#2226 = DIRECTION ( 'NONE',  ( 0.000000000000000000, 0.000000000000000000, 1.000000000000000000 ) ) ;
#2227 = EDGE_CURVE ( 'NONE', #2735, #2546, #2507, .T. ) ;
#2228 = VECTOR ( 'NONE', #157, 1000.000000000000000 ) ;
#2229 = APPLICATION_PROTOCOL_DEFINITION ( 'draft international standard', 'automotive_design', 1998, #942 ) ;
#2230 = DIRECTION ( 'NONE',  ( 0.000000000000000000, -1.000000000000000000, 0.000000000000000000 ) ) ;
#2231 = ORIENTED_EDGE ( 'NONE', *, *, #2301, .T. ) ;
#2232 = VECTOR ( 'NONE', #2484, 1000.000000000000000 ) ;
#2233 = DIRECTION ( 'NONE',  ( 0.000000000000000000, -1.000000000000000000, 0.000000000000000000 ) ) ;
#2234 = CIRCLE ( 'NONE', #807, 1.500000000000001332 ) ;
#2235 = ADVANCED_FACE ( 'NONE', ( #360 ), #1506, .F. ) ;
#2236 = ORIENTED_EDGE ( 'NONE', *, *, #945, .F. ) ;
#2237 = FACE_OUTER_BOUND ( 'NONE', #2684, .T. ) ;
#2238 = DIRECTION ( 'NONE',  ( 0.000000000000000000, 0.000000000000000000, -1.000000000000000000 ) ) ;
#2239 = ORIENTED_EDGE ( 'NONE', *, *, #714, .T. ) ;
#2240 = CARTESIAN_POINT ( 'NONE',  ( -74.37499999999994316, 3.000000000000000000, -168.0000000000000000 ) ) ;
#2241 = FACE_OUTER_BOUND ( 'NONE', #793, .T. ) ;
#2242 = VERTEX_POINT ( 'NONE', #1051 ) ;
#2243 = ORIENTED_EDGE ( 'NONE', *, *, #1688, .F. ) ;
#2244 = DIRECTION ( 'NONE',  ( 0.000000000000000000, 0.000000000000000000, 1.000000000000000000 ) ) ;
#2245 = ADVANCED_FACE ( 'NONE', ( #2801 ), #447, .F. ) ;
#2246 = VERTEX_POINT ( 'NONE', #1733 ) ;
#2247 = DIRECTION ( 'NONE',  ( 0.000000000000000000, 0.000000000000000000, -1.000000000000000000 ) ) ;
#2248 = DIRECTION ( 'NONE',  ( 0.000000000000000000, 0.000000000000000000, 1.000000000000000000 ) ) ;
#2249 = AXIS2_PLACEMENT_3D ( 'NONE', #811, #2110, #1199 ) ;
#2250 = EDGE_CURVE ( 'NONE', #1475, #140, #2609, .T. ) ;
#2251 = VECTOR ( 'NONE', #2254, 1000.000000000000000 ) ;
#2252 = CARTESIAN_POINT ( 'NONE',  ( -49.37499999999994316, 3.000000000000000000, -118.0000000000000000 ) ) ;
#2253 = ORIENTED_EDGE ( 'NONE', *, *, #1233, .T. ) ;
#2254 = DIRECTION ( 'NONE',  ( 0.000000000000000000, -1.000000000000000000, 0.000000000000000000 ) ) ;
#2255 = DIRECTION ( 'NONE',  ( 0.000000000000000000, 1.000000000000000000, 0.000000000000000000 ) ) ;
#2256 = ORIENTED_EDGE ( 'NONE', *, *, #2607, .T. ) ;
#2257 = AXIS2_PLACEMENT_3D ( 'NONE', #1556, #1593, #1785 ) ;
#2258 = ADVANCED_FACE ( 'NONE', ( #211 ), #881, .F. ) ;
#2259 = DIRECTION ( 'NONE',  ( 0.000000000000000000, 0.000000000000000000, 1.000000000000000000 ) ) ;
#2260 = VERTEX_POINT ( 'NONE', #911 ) ;
#2261 = CARTESIAN_POINT ( 'NONE',  ( 49.37499999999996447, 3.000000000000000000, -117.9999999999999858 ) ) ;
#2262 = ORIENTED_EDGE ( 'NONE', *, *, #2819, .T. ) ;
#2263 = DIRECTION ( 'NONE',  ( 0.000000000000000000, 0.000000000000000000, 1.000000000000000000 ) ) ;
#2264 = CARTESIAN_POINT ( 'NONE',  ( 74.87499999999991473, 3.000000000000000000, -16.49999999999998934 ) ) ;
#2265 = CARTESIAN_POINT ( 'NONE',  ( 74.37499999999998579, 3.000000000000000000, -194.5000000000000000 ) ) ;
#2266 = VERTEX_POINT ( 'NONE', #262 ) ;
#2267 = FACE_OUTER_BOUND ( 'NONE', #1380, .T. ) ;
#2268 = VECTOR ( 'NONE', #2283, 1000.000000000000000 ) ;
#2269 = DIRECTION ( 'NONE',  ( -0.000000000000000000, -1.000000000000000000, -0.000000000000000000 ) ) ;
#2270 = VERTEX_POINT ( 'NONE', #2196 ) ;
#2271 = CIRCLE ( 'NONE', #2319, 1.250000000000000222 ) ;
#2272 = CIRCLE ( 'NONE', #707, 1.500000000000001332 ) ;
#2273 = DIRECTION ( 'NONE',  ( -0.000000000000000000, -1.000000000000000000, -0.000000000000000000 ) ) ;
#2274 = VERTEX_POINT ( 'NONE', #12 ) ;
#2275 = CIRCLE ( 'NONE', #2091, 1.500000000000003997 ) ;
#2276 = CIRCLE ( 'NONE', #2640, 1.500000000000001332 ) ;
#2277 = AXIS2_PLACEMENT_3D ( 'NONE', #1292, #1092, #2399 ) ;
#2278 = MANIFOLD_SOLID_BREP ( 'Mirror4', #877 ) ;
#2279 = AXIS2_PLACEMENT_3D ( 'NONE', #1347, #254, #1161 ) ;
#2280 = ORIENTED_EDGE ( 'NONE', *, *, #29, .F. ) ;
#2281 = DIRECTION ( 'NONE',  ( 0.000000000000000000, 0.000000000000000000, -1.000000000000000000 ) ) ;
#2282 = FACE_BOUND ( 'NONE', #2678, .T. ) ;
#2283 = DIRECTION ( 'NONE',  ( 0.000000000000000000, -1.000000000000000000, 0.000000000000000000 ) ) ;
#2284 = ORIENTED_EDGE ( 'NONE', *, *, #1783, .F. ) ;
#2285 = FACE_OUTER_BOUND ( 'NONE', #2030, .T. ) ;
#2286 = FACE_OUTER_BOUND ( 'NONE', #406, .T. ) ;
#2287 = EDGE_LOOP ( 'NONE', ( #422, #2383 ) ) ;
#2288 = ADVANCED_FACE ( 'NONE', ( #2454 ), #471, .F. ) ;
#2289 = DIRECTION ( 'NONE',  ( 0.000000000000000000, -1.000000000000000000, 0.000000000000000000 ) ) ;
#2290 = AXIS2_PLACEMENT_3D ( 'NONE', #1567, #677, #2218 ) ;
#2291 = ORIENTED_EDGE ( 'NONE', *, *, #1921, .F. ) ;
#2292 = ORIENTED_EDGE ( 'NONE', *, *, #1018, .F. ) ;
#2293 = DIRECTION ( 'NONE',  ( 0.000000000000000000, 0.000000000000000000, 1.000000000000000000 ) ) ;
#2294 = DIRECTION ( 'NONE',  ( 0.000000000000000000, 1.000000000000000000, 0.000000000000000000 ) ) ;
#2295 = EDGE_CURVE ( 'NONE', #1216, #2517, #2841, .T. ) ;
#2296 = CARTESIAN_POINT ( 'NONE',  ( 4.374999999999919176, 3.000000000000000000, -3.750000000000017319 ) ) ;
#2297 = ORIENTED_EDGE ( 'NONE', *, *, #1429, .F. ) ;
#2298 = CARTESIAN_POINT ( 'NONE',  ( 54.66045604183072015, 0.000000000000000000, -223.6018425576303912 ) ) ;
#2299 = DIRECTION ( 'NONE',  ( 0.000000000000000000, 0.000000000000000000, 1.000000000000000000 ) ) ;
#2300 = ORIENTED_EDGE ( 'NONE', *, *, #259, .F. ) ;
#2301 = EDGE_CURVE ( 'NONE', #539, #2735, #1142, .T. ) ;
#2302 = CARTESIAN_POINT ( 'NONE',  ( 79.37499999999991473, 3.000000000000000000, -14.16604609612901555 ) ) ;
#2303 = CYLINDRICAL_SURFACE ( 'NONE', #163, 1.500000000000001332 ) ;
#2304 = ORIENTED_EDGE ( 'NONE', *, *, #1873, .T. ) ;
#2305 = EDGE_LOOP ( 'NONE', ( #312, #1462 ) ) ;
#2306 = DIRECTION ( 'NONE',  ( 0.000000000000000000, 0.000000000000000000, 1.000000000000000000 ) ) ;
#2307 = ADVANCED_FACE ( 'NONE', ( #867 ), #899, .F. ) ;
#2308 = DIRECTION ( 'NONE',  ( -0.000000000000000000, -1.000000000000000000, -0.000000000000000000 ) ) ;
#2309 = CARTESIAN_POINT ( 'NONE',  ( -74.37499999999994316, 3.000000000000000000, -143.0000000000000284 ) ) ;
#2310 = ORIENTED_EDGE ( 'NONE', *, *, #2227, .T. ) ;
#2311 = DIRECTION ( 'NONE',  ( -0.000000000000000000, -1.000000000000000000, -0.000000000000000000 ) ) ;
#2312 = EDGE_CURVE ( 'NONE', #2215, #559, #1747, .T. ) ;
#2313 = CARTESIAN_POINT ( 'NONE',  ( 12.87499999999992539, 3.000000000000000000, -39.00000000000001421 ) ) ;
#2314 = ORIENTED_EDGE ( 'NONE', *, *, #217, .F. ) ;
#2315 = CARTESIAN_POINT ( 'NONE',  ( -12.87499999999991829, 3.000000000000000000, -37.50000000000001421 ) ) ;
#2316 = AXIS2_PLACEMENT_3D ( 'NONE', #1863, #1417, #1029 ) ;
#2317 = CARTESIAN_POINT ( 'NONE',  ( 4.374999999999919176, 3.000000000000000000, -5.000000000000017764 ) ) ;
#2318 = FACE_OUTER_BOUND ( 'NONE', #437, .T. ) ;
#2319 = AXIS2_PLACEMENT_3D ( 'NONE', #101, #747, #2306 ) ;
#2320 = VERTEX_POINT ( 'NONE', #2855 ) ;
#2321 = AXIS2_PLACEMENT_3D ( 'NONE', #1410, #1825, #1591 ) ;
#2322 = ORIENTED_EDGE ( 'NONE', *, *, #444, .F. ) ;
#2323 = DIRECTION ( 'NONE',  ( -4.081702296416016983E-16, 0.000000000000000000, -1.000000000000000000 ) ) ;
#2324 = CARTESIAN_POINT ( 'NONE',  ( -74.87499999999991473, 0.000000000000000000, -18.00000000000000355 ) ) ;
#2325 = CIRCLE ( 'NONE', #1723, 1.500000000000001332 ) ;
#2326 = EDGE_CURVE ( 'NONE', #2485, #2065, #1558, .T. ) ;
#2327 = AXIS2_PLACEMENT_3D ( 'NONE', #2554, #2311, #333 ) ;
#2328 = CARTESIAN_POINT ( 'NONE',  ( 74.87499999999992895, 3.000000000000000000, -42.99999999999999289 ) ) ;
#2329 = ORIENTED_EDGE ( 'NONE', *, *, #2727, .F. ) ;
#2330 = LINE ( 'NONE', #2742, #949 ) ;
#2331 = DIRECTION ( 'NONE',  ( -0.000000000000000000, -1.000000000000000000, -0.000000000000000000 ) ) ;
#2332 = VERTEX_POINT ( 'NONE', #1584 ) ;
#2333 = CARTESIAN_POINT ( 'NONE',  ( -39.37499999999991473, 0.000000000000000000, -66.00000000000000000 ) ) ;
#2334 = CYLINDRICAL_SURFACE ( 'NONE', #1812, 1.500000000000001332 ) ;
#2335 = LINE ( 'NONE', #177, #1241 ) ;
#2336 = EDGE_LOOP ( 'NONE', ( #2365, #858, #2385, #186 ) ) ;
#2337 = ORIENTED_EDGE ( 'NONE', *, *, #88, .T. ) ;
#2338 = CYLINDRICAL_SURFACE ( 'NONE', #161, 1.500000000000001332 ) ;
#2339 = CARTESIAN_POINT ( 'NONE',  ( -39.37499999999991473, 3.000000000000000000, -37.50000000000000711 ) ) ;
#2340 = DIRECTION ( 'NONE',  ( 0.000000000000000000, -1.000000000000000000, 0.000000000000000000 ) ) ;
#2341 = ORIENTED_EDGE ( 'NONE', *, *, #1353, .F. ) ;
#2342 = CARTESIAN_POINT ( 'NONE',  ( -78.78397985763585609, 0.000000000000000000, -199.9640896339807909 ) ) ;
#2343 = EDGE_CURVE ( 'NONE', #1792, #2719, #2518, .T. ) ;
#2344 = DIRECTION ( 'NONE',  ( 0.000000000000000000, -1.000000000000000000, 0.000000000000000000 ) ) ;
#2345 = EDGE_LOOP ( 'NONE', ( #553, #171 ) ) ;
#2346 = CARTESIAN_POINT ( 'NONE',  ( -12.87499999999991829, 3.000000000000000000, -69.00000000000000000 ) ) ;
#2347 = CIRCLE ( 'NONE', #316, 1.250000000000001110 ) ;
#2348 = CARTESIAN_POINT ( 'NONE',  ( -74.37499999999995737, 3.000000000000000000, -193.0000000000000000 ) ) ;
#2349 = DIRECTION ( 'NONE',  ( 1.000000000000000000, 0.000000000000000000, 1.747899763146835923E-16 ) ) ;
#2350 = ORIENTED_EDGE ( 'NONE', *, *, #2648, .T. ) ;
#2351 = CIRCLE ( 'NONE', #1200, 1.500000000000001332 ) ;
#2352 = ORIENTED_EDGE ( 'NONE', *, *, #1741, .F. ) ;
#2353 = CARTESIAN_POINT ( 'NONE',  ( 65.20895390387087787, 3.000000000000000000, 2.527565931617734051E-14 ) ) ;
#2354 = CARTESIAN_POINT ( 'NONE',  ( 74.37499999999997158, 3.000000000000000000, -168.0000000000000000 ) ) ;
#2355 = ADVANCED_FACE ( 'NONE', ( #1155 ), #1609, .F. ) ;
#2356 = ORIENTED_EDGE ( 'NONE', *, *, #1726, .F. ) ;
#2357 = VERTEX_POINT ( 'NONE', #1830 ) ;
#2358 = CARTESIAN_POINT ( 'NONE',  ( -74.37499999999994316, 3.000000000000000000, -169.5000000000000000 ) ) ;
#2359 = CARTESIAN_POINT ( 'NONE',  ( 39.37499999999992184, 0.000000000000000000, -36.00000000000000000 ) ) ;
#2360 = ORIENTED_EDGE ( 'NONE', *, *, #1938, .T. ) ;
#2361 = CARTESIAN_POINT ( 'NONE',  ( -74.37499999999995737, 3.000000000000000000, -193.0000000000000000 ) ) ;
#2362 = CARTESIAN_POINT ( 'NONE',  ( 13.37499999999992006, 3.000000000000000000, -7.500000000000012434 ) ) ;
#2363 = DIRECTION ( 'NONE',  ( 0.000000000000000000, -1.000000000000000000, 0.000000000000000000 ) ) ;
#2364 = ADVANCED_FACE ( 'NONE', ( #72 ), #1860, .F. ) ;
#2365 = ORIENTED_EDGE ( 'NONE', *, *, #1847, .F. ) ;
#2366 = AXIS2_PLACEMENT_3D ( 'NONE', #2697, #709, #926 ) ;
#2367 = LINE ( 'NONE', #2591, #648 ) ;
#2368 = DIRECTION ( 'NONE',  ( 0.000000000000000000, 0.000000000000000000, -1.000000000000000000 ) ) ;
#2369 = CARTESIAN_POINT ( 'NONE',  ( -39.37499999999991473, 0.000000000000000000, -37.50000000000000711 ) ) ;
#2370 = CIRCLE ( 'NONE', #248, 1.500000000000001332 ) ;
#2371 = CIRCLE ( 'NONE', #523, 14.16604609612902266 ) ;
#2372 = VERTEX_POINT ( 'NONE', #2034 ) ;
#2373 = DIRECTION ( 'NONE',  ( -0.000000000000000000, 1.000000000000000000, -0.000000000000000000 ) ) ;
#2374 = FACE_BOUND ( 'NONE', #1650, .T. ) ;
#2375 = ORIENTED_EDGE ( 'NONE', *, *, #1752, .T. ) ;
#2376 = LINE ( 'NONE', #2346, #832 ) ;
#2377 = VECTOR ( 'NONE', #950, 1000.000000000000000 ) ;
#2378 = EDGE_CURVE ( 'NONE', #655, #2676, #1763, .T. ) ;
#2379 = CARTESIAN_POINT ( 'NONE',  ( 13.37499999999992006, 3.000000000000000000, -6.000000000000012434 ) ) ;
#2380 = CARTESIAN_POINT ( 'NONE',  ( 49.99999999999997158, 3.000000000000000000, -187.3499999999999375 ) ) ;
#2381 = EDGE_LOOP ( 'NONE', ( #2814, #1056, #1742, #734 ) ) ;
#2382 = EDGE_CURVE ( 'NONE', #1184, #2485, #924, .T. ) ;
#2383 = ORIENTED_EDGE ( 'NONE', *, *, #907, .T. ) ;
#2384 = CARTESIAN_POINT ( 'NONE',  ( -74.37499999999994316, 3.000000000000000000, -143.0000000000000284 ) ) ;
#2385 = ORIENTED_EDGE ( 'NONE', *, *, #1340, .T. ) ;
#2386 = DIRECTION ( 'NONE',  ( -0.000000000000000000, -1.000000000000000000, -0.000000000000000000 ) ) ;
#2387 = FACE_BOUND ( 'NONE', #332, .T. ) ;
#2388 = EDGE_LOOP ( 'NONE', ( #1636, #80, #1981, #2120 ) ) ;
#2389 = CARTESIAN_POINT ( 'NONE',  ( 13.37499999999992006, 0.000000000000000000, -7.500000000000012434 ) ) ;
#2390 = CARTESIAN_POINT ( 'NONE',  ( 74.87499999999991473, 0.000000000000000000, -17.99999999999998934 ) ) ;
#2391 = DIRECTION ( 'NONE',  ( 1.000000000000000000, 0.000000000000000000, -5.551115123125781716E-16 ) ) ;
#2392 = VERTEX_POINT ( 'NONE', #1625 ) ;
#2393 = EDGE_CURVE ( 'NONE', #704, #750, #2271, .T. ) ;
#2394 = LINE ( 'NONE', #2176, #1113 ) ;
#2395 = CARTESIAN_POINT ( 'NONE',  ( -49.99999999999994316, 3.000000000000000000, -178.3499999999999375 ) ) ;
#2396 = EDGE_CURVE ( 'NONE', #1299, #2246, #2738, .T. ) ;
#2397 = ORIENTED_EDGE ( 'NONE', *, *, #1886, .T. ) ;
#2398 = SURFACE_SIDE_STYLE ('',( #246 ) ) ;
#2399 = DIRECTION ( 'NONE',  ( 0.000000000000000000, 0.000000000000000000, 1.000000000000000000 ) ) ;
#2400 = DIRECTION ( 'NONE',  ( 0.000000000000000000, 1.000000000000000000, 0.000000000000000000 ) ) ;
#2401 = ORIENTED_EDGE ( 'NONE', *, *, #1150, .F. ) ;
#2402 = CARTESIAN_POINT ( 'NONE',  ( -39.37499999999991473, 0.000000000000000000, -9.000000000000010658 ) ) ;
#2403 = CARTESIAN_POINT ( 'NONE',  ( -73.95259998431579618, 3.000000000000000000, -211.6437262863844353 ) ) ;
#2404 = VERTEX_POINT ( 'NONE', #2467 ) ;
#2405 = LINE ( 'NONE', #2526, #1606 ) ;
#2406 = CARTESIAN_POINT ( 'NONE',  ( 13.37499999999992006, 3.000000000000000000, -7.500000000000012434 ) ) ;
#2407 = PRESENTATION_LAYER_ASSIGNMENT (  '', '', ( #1619 ) ) ;
#2408 = AXIS2_PLACEMENT_3D ( 'NONE', #373, #2532, #1459 ) ;
#2409 = ORIENTED_EDGE ( 'NONE', *, *, #592, .F. ) ;
#2410 = CARTESIAN_POINT ( 'NONE',  ( -79.37499999999991473, 0.000000000000000000, -14.16604609612902976 ) ) ;
#2411 = EDGE_CURVE ( 'NONE', #559, #216, #2682, .T. ) ;
#2412 = VECTOR ( 'NONE', #2542, 1000.000000000000000 ) ;
#2413 = CARTESIAN_POINT ( 'NONE',  ( -74.37499999999995737, 3.000000000000000000, -191.5000000000000000 ) ) ;
#2414 = CIRCLE ( 'NONE', #706, 1.499999999999994449 ) ;
#2415 = AXIS2_PLACEMENT_3D ( 'NONE', #1737, #1069, #2642 ) ;
#2416 = ORIENTED_EDGE ( 'NONE', *, *, #1304, .T. ) ;
#2417 = DIRECTION ( 'NONE',  ( 0.000000000000000000, 0.000000000000000000, 1.000000000000000000 ) ) ;
#2418 = AXIS2_PLACEMENT_3D ( 'NONE', #2324, #374, #1626 ) ;
#2419 =( NAMED_UNIT ( * ) SI_UNIT ( $, .STERADIAN. ) SOLID_ANGLE_UNIT ( ) );
#2420 = DIRECTION ( 'NONE',  ( 5.551115123125781716E-16, -0.000000000000000000, 1.000000000000000000 ) ) ;
#2421 = AXIS2_PLACEMENT_3D ( 'NONE', #2555, #1204, #363 ) ;
#2422 = ORIENTED_EDGE ( 'NONE', *, *, #2819, .F. ) ;
#2423 = CARTESIAN_POINT ( 'NONE',  ( 39.37499999999992184, 3.000000000000000000, -37.50000000000000000 ) ) ;
#2424 = VECTOR ( 'NONE', #197, 1000.000000000000000 ) ;
#2425 = ORIENTED_EDGE ( 'NONE', *, *, #1828, .F. ) ;
#2426 = PRESENTATION_STYLE_ASSIGNMENT (( #1787 ) ) ;
#2427 = LINE ( 'NONE', #2842, #1043 ) ;
#2428 = EDGE_CURVE ( 'NONE', #514, #740, #890, .T. ) ;
#2429 = CYLINDRICAL_SURFACE ( 'NONE', #2503, 1.250000000000028866 ) ;
#2430 = ORIENTED_EDGE ( 'NONE', *, *, #729, .T. ) ;
#2431 = EDGE_CURVE ( 'NONE', #651, #1690, #1577, .T. ) ;
#2432 = DIRECTION ( 'NONE',  ( 0.000000000000000000, 0.000000000000000000, 1.000000000000000000 ) ) ;
#2433 = CARTESIAN_POINT ( 'NONE',  ( 74.37499999999997158, 3.000000000000000000, -169.5000000000000000 ) ) ;
#2434 = ORIENTED_EDGE ( 'NONE', *, *, #1975, .T. ) ;
#2435 = ADVANCED_FACE ( 'NONE', ( #956 ), #2023, .F. ) ;
#2436 = DIRECTION ( 'NONE',  ( 0.000000000000000000, -1.000000000000000000, 0.000000000000000000 ) ) ;
#2437 = ADVANCED_FACE ( 'NONE', ( #274 ), #1818, .F. ) ;
#2438 = VECTOR ( 'NONE', #2519, 1000.000000000000000 ) ;
#2439 = ORIENTED_EDGE ( 'NONE', *, *, #1741, .T. ) ;
#2440 = CARTESIAN_POINT ( 'NONE',  ( 65.20895390387087787, 3.000000000000000000, 2.527565931617734051E-14 ) ) ;
#2441 = CARTESIAN_POINT ( 'NONE',  ( 39.37499999999992895, 3.000000000000000000, -67.50000000000000000 ) ) ;
#2442 = AXIS2_PLACEMENT_3D ( 'NONE', #2361, #1933, #2772 ) ;
#2443 = CARTESIAN_POINT ( 'NONE',  ( -49.99999999999994316, 3.000000000000000000, -188.5999999999999659 ) ) ;
#2444 = ORIENTED_EDGE ( 'NONE', *, *, #2477, .F. ) ;
#2445 = DIRECTION ( 'NONE',  ( 2.271842395027065735E-16, -0.000000000000000000, 1.000000000000000000 ) ) ;
#2446 = LINE ( 'NONE', #1346, #1261 ) ;
#2447 = DIRECTION ( 'NONE',  ( 0.000000000000000000, 0.000000000000000000, 1.000000000000000000 ) ) ;
#2448 = ORIENTED_EDGE ( 'NONE', *, *, #2128, .F. ) ;
#2449 = PRODUCT_DEFINITION_SHAPE ( 'NONE', 'NONE',  #1266 ) ;
#2450 = EDGE_CURVE ( 'NONE', #2522, #1438, #288, .T. ) ;
#2451 = DIRECTION ( 'NONE',  ( 0.000000000000000000, 0.000000000000000000, -1.000000000000000000 ) ) ;
#2452 = ORIENTED_EDGE ( 'NONE', *, *, #243, .F. ) ;
#2453 = VECTOR ( 'NONE', #1230, 1000.000000000000000 ) ;
#2454 = FACE_OUTER_BOUND ( 'NONE', #38, .T. ) ;
#2455 = CARTESIAN_POINT ( 'NONE',  ( -79.37499999999991473, 3.000000000000000000, -50.00000000000000000 ) ) ;
#2456 = AXIS2_PLACEMENT_3D ( 'NONE', #2709, #348, #1201 ) ;
#2457 = DIRECTION ( 'NONE',  ( 0.000000000000000000, 0.000000000000000000, 1.000000000000000000 ) ) ;
#2458 = VERTEX_POINT ( 'NONE', #387 ) ;
#2459 = CARTESIAN_POINT ( 'NONE',  ( 54.66045604183072015, 3.000000000000000000, -223.6018425576303912 ) ) ;
#2460 = CARTESIAN_POINT ( 'NONE',  ( -4.374999999999918288, 3.000000000000000000, -5.000000000000018652 ) ) ;
#2461 = VERTEX_POINT ( 'NONE', #1273 ) ;
#2462 = AXIS2_PLACEMENT_3D ( 'NONE', #2339, #2294, #1846 ) ;
#2463 = ORIENTED_EDGE ( 'NONE', *, *, #1841, .T. ) ;
#2464 = CARTESIAN_POINT ( 'NONE',  ( -29.54570341712943460, 3.000000000000000000, -228.1829055582983585 ) ) ;
#2465 = ADVANCED_FACE ( 'NONE', ( #2765 ), #1256, .F. ) ;
#2466 = VERTEX_POINT ( 'NONE', #1212 ) ;
#2467 = CARTESIAN_POINT ( 'NONE',  ( 49.99999999999997868, 0.000000000000000000, -128.5999999999999659 ) ) ;
#2468 = DIRECTION ( 'NONE',  ( 1.747899763146835923E-16, 0.000000000000000000, -1.000000000000000000 ) ) ;
#2469 = DIRECTION ( 'NONE',  ( 0.000000000000000000, 0.000000000000000000, -1.000000000000000000 ) ) ;
#2470 = ORIENTED_EDGE ( 'NONE', *, *, #2799, .F. ) ;
#2471 = DIRECTION ( 'NONE',  ( -1.000000000000000000, 0.000000000000000000, -1.110223024625156343E-15 ) ) ;
#2472 = CYLINDRICAL_SURFACE ( 'NONE', #2044, 1.499999999999994449 ) ;
#2473 = VERTEX_POINT ( 'NONE', #1686 ) ;
#2474 = DIRECTION ( 'NONE',  ( 0.000000000000000000, -1.000000000000000000, 0.000000000000000000 ) ) ;
#2475 = ORIENTED_EDGE ( 'NONE', *, *, #1902, .F. ) ;
#2476 = CARTESIAN_POINT ( 'NONE',  ( 79.37499999999992895, 3.000000000000000000, -49.99999999999998579 ) ) ;
#2477 = EDGE_CURVE ( 'NONE', #2663, #245, #424, .T. ) ;
#2478 = ORIENTED_EDGE ( 'NONE', *, *, #2378, .T. ) ;
#2479 = DIRECTION ( 'NONE',  ( 0.000000000000000000, -1.000000000000000000, 0.000000000000000000 ) ) ;
#2480 = AXIS2_PLACEMENT_3D ( 'NONE', #2721, #2308, #1244 ) ;
#2481 = DIRECTION ( 'NONE',  ( 0.000000000000000000, 1.000000000000000000, 0.000000000000000000 ) ) ;
#2482 = ORIENTED_EDGE ( 'NONE', *, *, #987, .F. ) ;
#2483 = LINE ( 'NONE', #507, #1779 ) ;
#2484 = DIRECTION ( 'NONE',  ( -1.000000000000000000, -0.000000000000000000, -5.551115123125780730E-16 ) ) ;
#2485 = VERTEX_POINT ( 'NONE', #2353 ) ;
#2486 = CARTESIAN_POINT ( 'NONE',  ( 39.37499999999991473, 0.000000000000000000, -9.000000000000005329 ) ) ;
#2487 = EDGE_LOOP ( 'NONE', ( #531, #1250 ) ) ;
#2488 = ORIENTED_EDGE ( 'NONE', *, *, #41, .F. ) ;
#2489 = FACE_BOUND ( 'NONE', #745, .T. ) ;
#2490 = CARTESIAN_POINT ( 'NONE',  ( -12.87499999999991829, 0.000000000000000000, -69.00000000000000000 ) ) ;
#2491 = ORIENTED_EDGE ( 'NONE', *, *, #1615, .T. ) ;
#2492 = LINE ( 'NONE', #696, #178 ) ;
#2493 = EDGE_CURVE ( 'NONE', #270, #1333, #795, .T. ) ;
#2494 =( GEOMETRIC_REPRESENTATION_CONTEXT ( 3 ) GLOBAL_UNCERTAINTY_ASSIGNED_CONTEXT ( ( #1642 ) ) GLOBAL_UNIT_ASSIGNED_CONTEXT ( ( #458, #1130, #234 ) ) REPRESENTATION_CONTEXT ( 'NONE', 'WORKASPACE' ) );
#2495 = CARTESIAN_POINT ( 'NONE',  ( 74.87499999999992895, 3.000000000000000000, -42.99999999999999289 ) ) ;
#2496 = EDGE_LOOP ( 'NONE', ( #836, #1168, #630, #2219 ) ) ;
#2497 = VECTOR ( 'NONE', #632, 1000.000000000000000 ) ;
#2498 = AXIS2_PLACEMENT_3D ( 'NONE', #861, #2420, #2391 ) ;
#2499 = PLANE ( 'NONE',  #1673 ) ;
#2500 = ORIENTED_EDGE ( 'NONE', *, *, #1775, .T. ) ;
#2501 = AXIS2_PLACEMENT_3D ( 'NONE', #1080, #656, #187 ) ;
#2502 = AXIS2_PLACEMENT_3D ( 'NONE', #1384, #289, #518 ) ;
#2503 = AXIS2_PLACEMENT_3D ( 'NONE', #16, #236, #2238 ) ;
#2504 = ORIENTED_EDGE ( 'NONE', *, *, #475, .F. ) ;
#2505 = CARTESIAN_POINT ( 'NONE',  ( 12.87499999999992539, 3.000000000000000000, -39.00000000000001421 ) ) ;
#2506 = CARTESIAN_POINT ( 'NONE',  ( -65.20895390387087787, 3.000000000000000000, -14.16604609612900845 ) ) ;
#2507 = LINE ( 'NONE', #579, #2679 ) ;
#2508 = ORIENTED_EDGE ( 'NONE', *, *, #2179, .T. ) ;
#2509 = CARTESIAN_POINT ( 'NONE',  ( 78.78397985763589872, 0.000000000000000000, -199.9640896339807909 ) ) ;
#2510 = PLANE ( 'NONE',  #1132 ) ;
#2511 = ADVANCED_FACE ( 'NONE', ( #1924 ), #576, .F. ) ;
#2512 = EDGE_LOOP ( 'NONE', ( #466, #291, #2626, #805 ) ) ;
#2513 = CARTESIAN_POINT ( 'NONE',  ( -49.37499999999994316, 0.000000000000000000, -118.0000000000000000 ) ) ;
#2514 = CARTESIAN_POINT ( 'NONE',  ( 74.37499999999997158, 3.000000000000000000, -143.0000000000000284 ) ) ;
#2515 = EDGE_CURVE ( 'NONE', #301, #1418, #1906, .T. ) ;
#2516 = EDGE_LOOP ( 'NONE', ( #1757, #770, #1310, #2470 ) ) ;
#2517 = VERTEX_POINT ( 'NONE', #1011 ) ;
#2518 = LINE ( 'NONE', #2505, #703 ) ;
#2519 = DIRECTION ( 'NONE',  ( -0.000000000000000000, -1.000000000000000000, -0.000000000000000000 ) ) ;
#2520 = EDGE_CURVE ( 'NONE', #2270, #2260, #1668, .T. ) ;
#2521 = LINE ( 'NONE', #2097, #2453 ) ;
#2522 = VERTEX_POINT ( 'NONE', #167 ) ;
#2523 = DIRECTION ( 'NONE',  ( 2.271842395027065735E-16, -0.000000000000000000, 1.000000000000000000 ) ) ;
#2524 = DIRECTION ( 'NONE',  ( 1.000000000000000000, 0.000000000000000000, 1.747899763146835923E-16 ) ) ;
#2525 = EDGE_LOOP ( 'NONE', ( #1306, #1712, #888, #2706 ) ) ;
#2526 = CARTESIAN_POINT ( 'NONE',  ( 74.87499999999991473, 3.000000000000000000, -19.49999999999998579 ) ) ;
#2527 = PLANE ( 'NONE',  #621 ) ;
#2528 = DIRECTION ( 'NONE',  ( -0.000000000000000000, -1.000000000000000000, -0.000000000000000000 ) ) ;
#2529 = ORIENTED_EDGE ( 'NONE', *, *, #1921, .T. ) ;
#2530 = EDGE_CURVE ( 'NONE', #686, #1393, #1536, .T. ) ;
#2531 = ORIENTED_EDGE ( 'NONE', *, *, #439, .T. ) ;
#2532 = DIRECTION ( 'NONE',  ( -0.000000000000000000, -1.000000000000000000, -0.000000000000000000 ) ) ;
#2533 = CARTESIAN_POINT ( 'NONE',  ( -74.37499999999995737, 3.000000000000000000, -191.5000000000000000 ) ) ;
#2534 = CARTESIAN_POINT ( 'NONE',  ( 49.99999999999997158, 3.000000000000000000, -186.0999999999999375 ) ) ;
#2535 = ORIENTED_EDGE ( 'NONE', *, *, #1752, .F. ) ;
#2536 = CARTESIAN_POINT ( 'NONE',  ( 3.769684451083469194E-14, 0.000000000000000000, -228.5999999999999943 ) ) ;
#2537 = CYLINDRICAL_SURFACE ( 'NONE', #991, 1.499999999999997780 ) ;
#2538 = ORIENTED_EDGE ( 'NONE', *, *, #401, .T. ) ;
#2539 = LINE ( 'NONE', #1005, #94 ) ;
#2540 = VECTOR ( 'NONE', #971, 1000.000000000000000 ) ;
#2541 = DIRECTION ( 'NONE',  ( -0.000000000000000000, -1.000000000000000000, -0.000000000000000000 ) ) ;
#2542 = DIRECTION ( 'NONE',  ( 0.000000000000000000, -1.000000000000000000, 0.000000000000000000 ) ) ;
#2543 = VERTEX_POINT ( 'NONE', #997 ) ;
#2544 = CIRCLE ( 'NONE', #849, 1.500000000000001332 ) ;
#2545 = ADVANCED_FACE ( 'NONE', ( #607 ), #2338, .F. ) ;
#2546 = VERTEX_POINT ( 'NONE', #1443 ) ;
#2547 = DIRECTION ( 'NONE',  ( -0.000000000000000000, -1.000000000000000000, -0.000000000000000000 ) ) ;
#2548 = CARTESIAN_POINT ( 'NONE',  ( 12.87499999999993072, 3.000000000000000000, -66.00000000000000000 ) ) ;
#2549 = AXIS2_PLACEMENT_3D ( 'NONE', #2182, #184, #2582 ) ;
#2550 = AXIS2_PLACEMENT_3D ( 'NONE', #552, #1657, #1464 ) ;
#2551 = AXIS2_PLACEMENT_3D ( 'NONE', #2755, #1463, #1675 ) ;
#2552 = DIRECTION ( 'NONE',  ( 0.000000000000000000, 1.000000000000000000, 0.000000000000000000 ) ) ;
#2553 = VERTEX_POINT ( 'NONE', #1243 ) ;
#2554 = CARTESIAN_POINT ( 'NONE',  ( 74.37499999999998579, 3.000000000000000000, -193.0000000000000000 ) ) ;
#2555 = CARTESIAN_POINT ( 'NONE',  ( 74.87499999999992895, 3.000000000000000000, -42.99999999999999289 ) ) ;
#2556 = ORIENTED_EDGE ( 'NONE', *, *, #1018, .T. ) ;
#2557 = DIRECTION ( 'NONE',  ( 0.000000000000000000, -1.000000000000000000, 0.000000000000000000 ) ) ;
#2558 = EDGE_CURVE ( 'NONE', #937, #2056, #984, .T. ) ;
#2559 = DIRECTION ( 'NONE',  ( 0.000000000000000000, 0.000000000000000000, 1.000000000000000000 ) ) ;
#2560 = ORIENTED_EDGE ( 'NONE', *, *, #1408, .T. ) ;
#2561 = EDGE_CURVE ( 'NONE', #23, #2675, #2275, .T. ) ;
#2562 = EDGE_CURVE ( 'NONE', #1333, #270, #2544, .T. ) ;
#2563 = CARTESIAN_POINT ( 'NONE',  ( 12.87499999999992539, 0.000000000000000000, -36.00000000000001421 ) ) ;
#2564 = DIRECTION ( 'NONE',  ( 0.000000000000000000, 0.000000000000000000, 1.000000000000000000 ) ) ;
#2565 = DIRECTION ( 'NONE',  ( 0.000000000000000000, 0.000000000000000000, 1.000000000000000000 ) ) ;
#2566 = VERTEX_POINT ( 'NONE', #810 ) ;
#2567 = ORIENTED_EDGE ( 'NONE', *, *, #82, .F. ) ;
#2568 = DIRECTION ( 'NONE',  ( -0.000000000000000000, -1.000000000000000000, -0.000000000000000000 ) ) ;
#2569 = EDGE_CURVE ( 'NONE', #746, #1514, #1085, .T. ) ;
#2570 = CARTESIAN_POINT ( 'NONE',  ( -74.87499999999991473, 0.000000000000000000, -41.50000000000000711 ) ) ;
#2571 = VERTEX_POINT ( 'NONE', #2732 ) ;
#2572 = DIRECTION ( 'NONE',  ( -0.000000000000000000, -1.000000000000000000, -0.000000000000000000 ) ) ;
#2573 = CIRCLE ( 'NONE', #1065, 1.250000000000028866 ) ;
#2574 = DIRECTION ( 'NONE',  ( 0.000000000000000000, 0.000000000000000000, 1.000000000000000000 ) ) ;
#2575 = DIRECTION ( 'NONE',  ( 0.000000000000000000, 0.000000000000000000, 1.000000000000000000 ) ) ;
#2576 = ADVANCED_FACE ( 'NONE', ( #1840 ), #111, .F. ) ;
#2577 = VERTEX_POINT ( 'NONE', #772 ) ;
#2578 = LINE ( 'NONE', #1485, #1990 ) ;
#2579 = DIRECTION ( 'NONE',  ( 0.000000000000000000, 1.000000000000000000, 0.000000000000000000 ) ) ;
#2580 = CARTESIAN_POINT ( 'NONE',  ( 39.37499999999992184, 3.000000000000000000, -37.50000000000000000 ) ) ;
#2581 = VERTEX_POINT ( 'NONE', #1634 ) ;
#2582 = DIRECTION ( 'NONE',  ( 0.000000000000000000, 0.000000000000000000, 1.000000000000000000 ) ) ;
#2583 = FACE_BOUND ( 'NONE', #1729, .T. ) ;
#2584 = ORIENTED_EDGE ( 'NONE', *, *, #1402, .T. ) ;
#2585 = ADVANCED_FACE ( 'NONE', ( #2716 ), #1870, .F. ) ;
#2586 = CARTESIAN_POINT ( 'NONE',  ( 64.67499999999995453, 3.000000000000000000, -118.0000000000000000 ) ) ;
#2587 = CARTESIAN_POINT ( 'NONE',  ( 12.87499999999993072, 3.000000000000000000, -67.50000000000000000 ) ) ;
#2588 = DIRECTION ( 'NONE',  ( -1.000000000000000000, -0.000000000000000000, -0.000000000000000000 ) ) ;
#2589 = ORIENTED_EDGE ( 'NONE', *, *, #2167, .F. ) ;
#2590 = CIRCLE ( 'NONE', #1349, 1.500000000000001332 ) ;
#2591 = CARTESIAN_POINT ( 'NONE',  ( 49.99999999999997868, 3.000000000000000000, -131.0999999999999091 ) ) ;
#2592 = DIRECTION ( 'NONE',  ( 0.000000000000000000, 0.000000000000000000, 1.000000000000000000 ) ) ;
#2593 = AXIS2_PLACEMENT_3D ( 'NONE', #1710, #1252, #2574 ) ;
#2594 = AXIS2_PLACEMENT_3D ( 'NONE', #1023, #158, #2793 ) ;
#2595 = ORIENTED_EDGE ( 'NONE', *, *, #808, .T. ) ;
#2596 = CIRCLE ( 'NONE', #898, 1.500000000000001332 ) ;
#2597 = CARTESIAN_POINT ( 'NONE',  ( 74.87499999999992895, 0.000000000000000000, -42.99999999999999289 ) ) ;
#2598 = CARTESIAN_POINT ( 'NONE',  ( -39.37499999999991473, 3.000000000000000000, -67.50000000000000000 ) ) ;
#2599 = ORIENTED_EDGE ( 'NONE', *, *, #1117, .T. ) ;
#2600 = DIRECTION ( 'NONE',  ( 0.000000000000000000, -1.000000000000000000, 0.000000000000000000 ) ) ;
#2601 = CIRCLE ( 'NONE', #1045, 1.250000000000000222 ) ;
#2602 = CARTESIAN_POINT ( 'NONE',  ( -79.37499999999991473, 3.000000000000000000, -50.00000000000000000 ) ) ;
#2603 = CARTESIAN_POINT ( 'NONE',  ( 74.87499999999992895, 3.000000000000000000, -41.49999999999999289 ) ) ;
#2604 = EDGE_LOOP ( 'NONE', ( #2488, #2762, #862, #1824 ) ) ;
#2605 = DIRECTION ( 'NONE',  ( 1.747899763146835923E-16, 0.000000000000000000, -1.000000000000000000 ) ) ;
#2606 = DIRECTION ( 'NONE',  ( -0.000000000000000000, -1.000000000000000000, -0.000000000000000000 ) ) ;
#2607 = EDGE_CURVE ( 'NONE', #1995, #2108, #311, .T. ) ;
#2608 = ORIENTED_EDGE ( 'NONE', *, *, #1440, .T. ) ;
#2609 = LINE ( 'NONE', #415, #1759 ) ;
#2610 = DIRECTION ( 'NONE',  ( -1.000000000000000000, 0.000000000000000000, 0.000000000000000000 ) ) ;
#2611 = CYLINDRICAL_SURFACE ( 'NONE', #2783, 14.16604609612902088 ) ;
#2612 = ORIENTED_EDGE ( 'NONE', *, *, #1886, .F. ) ;
#2613 = DIRECTION ( 'NONE',  ( -0.000000000000000000, -1.000000000000000000, -0.000000000000000000 ) ) ;
#2614 = DIRECTION ( 'NONE',  ( -1.000000000000000000, 0.000000000000000000, -4.019742158173901904E-16 ) ) ;
#2615 = ORIENTED_EDGE ( 'NONE', *, *, #1288, .T. ) ;
#2616 = AXIS2_PLACEMENT_3D ( 'NONE', #2580, #2606, #2592 ) ;
#2617 = AXIS2_PLACEMENT_3D ( 'NONE', #2711, #1160, #2015 ) ;
#2618 = ORIENTED_EDGE ( 'NONE', *, *, #2477, .T. ) ;
#2619 = EDGE_CURVE ( 'NONE', #2141, #2663, #1810, .T. ) ;
#2620 = CARTESIAN_POINT ( 'NONE',  ( 74.87499999999992895, 3.000000000000000000, -41.49999999999999289 ) ) ;
#2621 = VERTEX_POINT ( 'NONE', #2513 ) ;
#2622 = CARTESIAN_POINT ( 'NONE',  ( 13.37499999999992006, 3.000000000000000000, -9.000000000000012434 ) ) ;
#2623 = DIRECTION ( 'NONE',  ( -0.000000000000000000, -1.000000000000000000, -0.000000000000000000 ) ) ;
#2624 = CIRCLE ( 'NONE', #371, 1.500000000000003997 ) ;
#2625 = FACE_BOUND ( 'NONE', #2003, .T. ) ;
#2626 = ORIENTED_EDGE ( 'NONE', *, *, #1206, .T. ) ;
#2627 = DIRECTION ( 'NONE',  ( 0.000000000000000000, 0.000000000000000000, 1.000000000000000000 ) ) ;
#2628 = DIRECTION ( 'NONE',  ( -0.000000000000000000, -1.000000000000000000, -0.000000000000000000 ) ) ;
#2629 = VERTEX_POINT ( 'NONE', #1163 ) ;
#2630 = EDGE_CURVE ( 'NONE', #1427, #1792, #2370, .T. ) ;
#2631 = DIRECTION ( 'NONE',  ( -0.000000000000000000, -1.000000000000000000, -0.000000000000000000 ) ) ;
#2632 = EDGE_CURVE ( 'NONE', #937, #2392, #284, .T. ) ;
#2633 = AXIS2_PLACEMENT_3D ( 'NONE', #1198, #545, #489 ) ;
#2634 = EDGE_LOOP ( 'NONE', ( #2284, #116, #2129, #1679 ) ) ;
#2635 = CARTESIAN_POINT ( 'NONE',  ( -12.87499999999991829, 3.000000000000000000, -67.50000000000000000 ) ) ;
#2636 = CARTESIAN_POINT ( 'NONE',  ( 74.37499999999997158, 0.000000000000000000, -143.0000000000000284 ) ) ;
#2637 = AXIS2_PLACEMENT_3D ( 'NONE', #2460, #2713, #34 ) ;
#2638 = CARTESIAN_POINT ( 'NONE',  ( 74.87499999999992895, 3.000000000000000000, -44.49999999999998579 ) ) ;
#2639 = PRODUCT_DEFINITION_FORMATION_WITH_SPECIFIED_SOURCE ( 'ANY', '', #1183, .NOT_KNOWN. ) ;
#2640 = AXIS2_PLACEMENT_3D ( 'NONE', #1510, #1751, #2627 ) ;
#2641 = ORIENTED_EDGE ( 'NONE', *, *, #2851, .T. ) ;
#2642 = DIRECTION ( 'NONE',  ( 0.000000000000000000, 0.000000000000000000, 1.000000000000000000 ) ) ;
#2643 = CIRCLE ( 'NONE', #2502, 1.499999999999994449 ) ;
#2644 = CARTESIAN_POINT ( 'NONE',  ( 12.87499999999992539, 0.000000000000000000, -37.50000000000001421 ) ) ;
#2645 = AXIS2_PLACEMENT_3D ( 'NONE', #2084, #989, #815 ) ;
#2646 = ORIENTED_EDGE ( 'NONE', *, *, #381, .F. ) ;
#2647 = EDGE_CURVE ( 'NONE', #2372, #1475, #1422, .T. ) ;
#2648 = EDGE_CURVE ( 'NONE', #740, #514, #2139, .T. ) ;
#2649 = EDGE_CURVE ( 'NONE', #2698, #1874, #932, .T. ) ;
#2650 = DIRECTION ( 'NONE',  ( 0.000000000000000000, 0.000000000000000000, 1.000000000000000000 ) ) ;
#2651 = AXIS2_PLACEMENT_3D ( 'NONE', #2240, #46, #928 ) ;
#2652 = ORIENTED_EDGE ( 'NONE', *, *, #2067, .F. ) ;
#2653 = CARTESIAN_POINT ( 'NONE',  ( 74.37499999999998579, 3.000000000000000000, -193.0000000000000000 ) ) ;
#2654 = DIRECTION ( 'NONE',  ( -0.000000000000000000, -1.000000000000000000, -0.000000000000000000 ) ) ;
#2655 = EDGE_CURVE ( 'NONE', #6, #589, #1764, .T. ) ;
#2656 = LINE ( 'NONE', #264, #1271 ) ;
#2657 = ORIENTED_EDGE ( 'NONE', *, *, #1862, .F. ) ;
#2658 = DIRECTION ( 'NONE',  ( 0.000000000000000000, 0.000000000000000000, 1.000000000000000000 ) ) ;
#2659 = EDGE_CURVE ( 'NONE', #1773, #2629, #83, .T. ) ;
#2660 = DIRECTION ( 'NONE',  ( -1.000000000000000000, -0.000000000000000000, 5.551115123125782702E-16 ) ) ;
#2661 = DIRECTION ( 'NONE',  ( 0.000000000000000000, -1.000000000000000000, 0.000000000000000000 ) ) ;
#2662 = ORIENTED_EDGE ( 'NONE', *, *, #149, .T. ) ;
#2663 = VERTEX_POINT ( 'NONE', #2486 ) ;
#2664 = CARTESIAN_POINT ( 'NONE',  ( 49.99999999999997868, 0.000000000000000000, -131.0999999999999091 ) ) ;
#2665 = VECTOR ( 'NONE', #1073, 1000.000000000000000 ) ;
#2666 = ORIENTED_EDGE ( 'NONE', *, *, #103, .F. ) ;
#2667 = DIRECTION ( 'NONE',  ( 0.000000000000000000, -1.000000000000000000, 0.000000000000000000 ) ) ;
#2668 = FACE_BOUND ( 'NONE', #2287, .T. ) ;
#2669 = DIRECTION ( 'NONE',  ( 1.000000000000000000, 0.000000000000000000, 0.000000000000000000 ) ) ;
#2670 = VERTEX_POINT ( 'NONE', #1436 ) ;
#2671 = CARTESIAN_POINT ( 'NONE',  ( -74.87499999999991473, 0.000000000000000000, -44.50000000000000000 ) ) ;
#2672 = ADVANCED_FACE ( 'NONE', ( #322 ), #715, .F. ) ;
#2673 = DIRECTION ( 'NONE',  ( 0.000000000000000000, -1.000000000000000000, 0.000000000000000000 ) ) ;
#2674 = EDGE_CURVE ( 'NONE', #2260, #2581, #1604, .T. ) ;
#2675 = VERTEX_POINT ( 'NONE', #1207 ) ;
#2676 = VERTEX_POINT ( 'NONE', #963 ) ;
#2677 = FACE_OUTER_BOUND ( 'NONE', #990, .T. ) ;
#2678 = EDGE_LOOP ( 'NONE', ( #48, #1887 ) ) ;
#2679 = VECTOR ( 'NONE', #2340, 1000.000000000000000 ) ;
#2680 = CARTESIAN_POINT ( 'NONE',  ( 12.87499999999993072, 0.000000000000000000, -67.50000000000000000 ) ) ;
#2681 = FACE_OUTER_BOUND ( 'NONE', #251, .T. ) ;
#2682 = CIRCLE ( 'NONE', #1394, 1.500000000000000444 ) ;
#2683 = FACE_OUTER_BOUND ( 'NONE', #2381, .T. ) ;
#2684 = EDGE_LOOP ( 'NONE', ( #2037, #2452, #1302, #1412 ) ) ;
#2685 = LINE ( 'NONE', #1804, #1926 ) ;
#2686 = ADVANCED_FACE ( 'NONE', ( #98 ), #2499, .F. ) ;
#2687 = CARTESIAN_POINT ( 'NONE',  ( -49.99999999999996447, 0.000000000000000000, -128.5999999999999659 ) ) ;
#2688 = ORIENTED_EDGE ( 'NONE', *, *, #65, .F. ) ;
#2689 = VECTOR ( 'NONE', #2344, 1000.000000000000000 ) ;
#2690 = AXIS2_PLACEMENT_3D ( 'NONE', #2169, #1490, #653 ) ;
#2691 = CARTESIAN_POINT ( 'NONE',  ( 12.87499999999993072, 0.000000000000000000, -67.50000000000000000 ) ) ;
#2692 = ORIENTED_EDGE ( 'NONE', *, *, #4, .T. ) ;
#2693 = CARTESIAN_POINT ( 'NONE',  ( 74.37499999999997158, 3.000000000000000000, -168.0000000000000000 ) ) ;
#2694 = ORIENTED_EDGE ( 'NONE', *, *, #768, .T. ) ;
#2695 = CARTESIAN_POINT ( 'NONE',  ( 74.37499999999998579, 3.000000000000000000, -193.0000000000000000 ) ) ;
#2696 = FACE_BOUND ( 'NONE', #2345, .T. ) ;
#2697 = CARTESIAN_POINT ( 'NONE',  ( -49.99999999999996447, 3.000000000000000000, -131.0999999999999091 ) ) ;
#2698 = VERTEX_POINT ( 'NONE', #992 ) ;
#2699 = CARTESIAN_POINT ( 'NONE',  ( 78.78397985763589872, 3.000000000000000000, -199.9640896339807909 ) ) ;
#2700 = CARTESIAN_POINT ( 'NONE',  ( -74.37499999999995737, 3.000000000000000000, -193.0000000000000000 ) ) ;
#2701 = VERTEX_POINT ( 'NONE', #758 ) ;
#2702 = DIRECTION ( 'NONE',  ( -0.000000000000000000, -1.000000000000000000, -0.000000000000000000 ) ) ;
#2703 = ORIENTED_EDGE ( 'NONE', *, *, #1296, .T. ) ;
#2704 = CARTESIAN_POINT ( 'NONE',  ( 39.37499999999992895, 0.000000000000000000, -67.50000000000000000 ) ) ;
#2705 = ADVANCED_FACE ( 'NONE', ( #1648 ), #2527, .F. ) ;
#2706 = ORIENTED_EDGE ( 'NONE', *, *, #1726, .T. ) ;
#2707 = FACE_BOUND ( 'NONE', #2836, .T. ) ;
#2708 = AXIS2_PLACEMENT_3D ( 'NONE', #2406, #168, #427 ) ;
#2709 = CARTESIAN_POINT ( 'NONE',  ( -12.87499999999991829, 0.000000000000000000, -37.50000000000001421 ) ) ;
#2710 = EDGE_LOOP ( 'NONE', ( #1566, #821 ) ) ;
#2711 = CARTESIAN_POINT ( 'NONE',  ( -13.37499999999991829, 3.000000000000000000, -7.500000000000015099 ) ) ;
#2712 = VECTOR ( 'NONE', #1709, 1000.000000000000000 ) ;
#2713 = DIRECTION ( 'NONE',  ( -0.000000000000000000, -1.000000000000000000, -0.000000000000000000 ) ) ;
#2714 = ORIENTED_EDGE ( 'NONE', *, *, #2569, .T. ) ;
#2715 = VECTOR ( 'NONE', #636, 1000.000000000000000 ) ;
#2716 = FACE_OUTER_BOUND ( 'NONE', #1197, .T. ) ;
#2717 = ORIENTED_EDGE ( 'NONE', *, *, #198, .T. ) ;
#2718 = EDGE_CURVE ( 'NONE', #418, #2246, #2777, .T. ) ;
#2719 = VERTEX_POINT ( 'NONE', #142 ) ;
#2720 = CARTESIAN_POINT ( 'NONE',  ( -64.67499999999994031, 0.000000000000000000, -132.7000000000000171 ) ) ;
#2721 = CARTESIAN_POINT ( 'NONE',  ( -49.99999999999996447, 3.000000000000000000, -129.8499999999999375 ) ) ;
#2722 = ADVANCED_FACE ( 'NONE', ( #2132 ), #1022, .F. ) ;
#2723 = CARTESIAN_POINT ( 'NONE',  ( 74.37499999999997158, 0.000000000000000000, -141.5000000000000284 ) ) ;
#2724 = VERTEX_POINT ( 'NONE', #1237 ) ;
#2725 = DIRECTION ( 'NONE',  ( -0.000000000000000000, -1.000000000000000000, -0.000000000000000000 ) ) ;
#2726 = AXIS2_PLACEMENT_3D ( 'NONE', #1360, #901, #2469 ) ;
#2727 = EDGE_CURVE ( 'NONE', #2553, #923, #2149, .T. ) ;
#2728 = CARTESIAN_POINT ( 'NONE',  ( -49.37499999999994316, 3.000000000000000000, -118.0000000000000000 ) ) ;
#2729 = ORIENTED_EDGE ( 'NONE', *, *, #768, .F. ) ;
#2730 = VECTOR ( 'NONE', #1618, 1000.000000000000000 ) ;
#2731 = VECTOR ( 'NONE', #1950, 1000.000000000000000 ) ;
#2732 = CARTESIAN_POINT ( 'NONE',  ( -12.87499999999991829, 3.000000000000000000, -69.00000000000000000 ) ) ;
#2733 = DIRECTION ( 'NONE',  ( 0.000000000000000000, -1.000000000000000000, 0.000000000000000000 ) ) ;
#2734 = ADVANCED_FACE ( 'NONE', ( #2820 ), #1454, .T. ) ;
#2735 = VERTEX_POINT ( 'NONE', #846 ) ;
#2736 = CIRCLE ( 'NONE', #2421, 1.499999999999994449 ) ;
#2737 = ORIENTED_EDGE ( 'NONE', *, *, #2250, .F. ) ;
#2738 = LINE ( 'NONE', #1398, #1081 ) ;
#2739 = DIRECTION ( 'NONE',  ( 0.000000000000000000, 0.000000000000000000, -1.000000000000000000 ) ) ;
#2740 = DIRECTION ( 'NONE',  ( 0.000000000000000000, 0.000000000000000000, 1.000000000000000000 ) ) ;
#2741 = ORIENTED_EDGE ( 'NONE', *, *, #2759, .T. ) ;
#2742 = CARTESIAN_POINT ( 'NONE',  ( -79.37499999999992895, 3.000000000000000000, -132.7000000000000171 ) ) ;
#2743 = CARTESIAN_POINT ( 'NONE',  ( 39.37499999999992895, 0.000000000000000000, -67.50000000000000000 ) ) ;
#2744 = ORIENTED_EDGE ( 'NONE', *, *, #2632, .F. ) ;
#2745 = ADVANCED_FACE ( 'NONE', ( #1041 ), #2334, .F. ) ;
#2746 = DIRECTION ( 'NONE',  ( 1.000000000000000000, 0.000000000000000000, -0.000000000000000000 ) ) ;
#2747 = CARTESIAN_POINT ( 'NONE',  ( 65.20895390387087787, 3.000000000000000000, -14.16604609612899779 ) ) ;
#2748 = ORIENTED_EDGE ( 'NONE', *, *, #1411, .T. ) ;
#2749 = EDGE_CURVE ( 'NONE', #953, #2553, #1006, .T. ) ;
#2750 = ORIENTED_EDGE ( 'NONE', *, *, #1053, .F. ) ;
#2751 = CARTESIAN_POINT ( 'NONE',  ( -39.37499999999991473, 3.000000000000000000, -7.500000000000007105 ) ) ;
#2752 = CARTESIAN_POINT ( 'NONE',  ( 39.37499999999992895, 3.000000000000000000, -67.50000000000000000 ) ) ;
#2753 = DIRECTION ( 'NONE',  ( 0.000000000000000000, 0.000000000000000000, 1.000000000000000000 ) ) ;
#2754 = VERTEX_POINT ( 'NONE', #2760 ) ;
#2755 = CARTESIAN_POINT ( 'NONE',  ( -39.37499999999991473, 3.000000000000000000, -37.50000000000000711 ) ) ;
#2756 = CARTESIAN_POINT ( 'NONE',  ( 4.374999999999919176, 3.000000000000000000, -3.750000000000017319 ) ) ;
#2757 = ORIENTED_EDGE ( 'NONE', *, *, #2140, .T. ) ;
#2758 = CARTESIAN_POINT ( 'NONE',  ( -39.37499999999991473, 3.000000000000000000, -36.00000000000000711 ) ) ;
#2759 = EDGE_CURVE ( 'NONE', #1100, #1061, #429, .T. ) ;
#2760 = CARTESIAN_POINT ( 'NONE',  ( -4.374999999999918288, 0.000000000000000000, -6.250000000000018652 ) ) ;
#2761 = LINE ( 'NONE', #1483, #1982 ) ;
#2762 = ORIENTED_EDGE ( 'NONE', *, *, #65, .T. ) ;
#2763 = VECTOR ( 'NONE', #194, 1000.000000000000000 ) ;
#2764 = VERTEX_POINT ( 'NONE', #1695 ) ;
#2765 = FACE_OUTER_BOUND ( 'NONE', #11, .T. ) ;
#2766 = DIRECTION ( 'NONE',  ( 0.000000000000000000, 0.000000000000000000, 1.000000000000000000 ) ) ;
#2767 = LINE ( 'NONE', #306, #933 ) ;
#2768 = VERTEX_POINT ( 'NONE', #2773 ) ;
#2769 = CARTESIAN_POINT ( 'NONE',  ( 79.37500000000001421, 0.000000000000000000, -193.7860499750869678 ) ) ;
#2770 = LINE ( 'NONE', #796, #2689 ) ;
#2771 = EDGE_LOOP ( 'NONE', ( #2243, #1568 ) ) ;
#2772 = DIRECTION ( 'NONE',  ( 0.000000000000000000, 0.000000000000000000, 1.000000000000000000 ) ) ;
#2773 = CARTESIAN_POINT ( 'NONE',  ( -39.37499999999991473, 0.000000000000000000, -36.00000000000000711 ) ) ;
#2774 = FACE_OUTER_BOUND ( 'NONE', #1079, .T. ) ;
#2775 = VECTOR ( 'NONE', #2109, 1000.000000000000000 ) ;
#2776 = ORIENTED_EDGE ( 'NONE', *, *, #1128, .T. ) ;
#2777 = CIRCLE ( 'NONE', #2593, 1.500000000000001332 ) ;
#2778 = AXIS2_PLACEMENT_3D ( 'NONE', #238, #2845, #2658 ) ;
#2779 = EDGE_LOOP ( 'NONE', ( #2482, #2475 ) ) ;
#2780 = DIRECTION ( 'NONE',  ( 0.000000000000000000, 0.000000000000000000, 1.000000000000000000 ) ) ;
#2781 = DIRECTION ( 'NONE',  ( -5.829602059562853645E-16, 0.000000000000000000, 1.000000000000000000 ) ) ;
#2782 = AXIS2_PLACEMENT_3D ( 'NONE', #1371, #1131, #2248 ) ;
#2783 = AXIS2_PLACEMENT_3D ( 'NONE', #2183, #629, #1508 ) ;
#2784 = ORIENTED_EDGE ( 'NONE', *, *, #1994, .T. ) ;
#2785 = DIRECTION ( 'NONE',  ( 0.000000000000000000, 0.000000000000000000, -1.000000000000000000 ) ) ;
#2786 = CARTESIAN_POINT ( 'NONE',  ( -54.66045604183067752, 0.000000000000000000, -223.6018425576303912 ) ) ;
#2787 = EDGE_CURVE ( 'NONE', #1690, #1952, #1949, .T. ) ;
#2788 = DIRECTION ( 'NONE',  ( -0.000000000000000000, -1.000000000000000000, -0.000000000000000000 ) ) ;
#2789 = ORIENTED_EDGE ( 'NONE', *, *, #2647, .F. ) ;
#2790 = CYLINDRICAL_SURFACE ( 'NONE', #456, 1.500000000000001332 ) ;
#2791 = VECTOR ( 'NONE', #2568, 1000.000000000000000 ) ;
#2792 = CARTESIAN_POINT ( 'NONE',  ( 54.66045604183072015, 0.000000000000000000, -223.6018425576303912 ) ) ;
#2793 = DIRECTION ( 'NONE',  ( 0.000000000000000000, 0.000000000000000000, 1.000000000000000000 ) ) ;
#2794 = VECTOR ( 'NONE', #1345, 1000.000000000000000 ) ;
#2795 = ORIENTED_EDGE ( 'NONE', *, *, #7, .F. ) ;
#2796 = PLANE ( 'NONE',  #1892 ) ;
#2797 = DIRECTION ( 'NONE',  ( -0.000000000000000000, -1.000000000000000000, -0.000000000000000000 ) ) ;
#2798 = CYLINDRICAL_SURFACE ( 'NONE', #1939, 1.500000000000003997 ) ;
#2799 = EDGE_CURVE ( 'NONE', #1874, #604, #2414, .T. ) ;
#2800 = ORIENTED_EDGE ( 'NONE', *, *, #2561, .F. ) ;
#2801 = FACE_OUTER_BOUND ( 'NONE', #2604, .T. ) ;
#2802 = CARTESIAN_POINT ( 'NONE',  ( -79.37499999999998579, 0.000000000000000000, -193.7860499750869678 ) ) ;
#2803 = FACE_BOUND ( 'NONE', #1708, .T. ) ;
#2804 = ORIENTED_EDGE ( 'NONE', *, *, #978, .F. ) ;
#2805 = CARTESIAN_POINT ( 'NONE',  ( 74.87499999999992895, 0.000000000000000000, -41.49999999999999289 ) ) ;
#2806 = CARTESIAN_POINT ( 'NONE',  ( -74.87499999999991473, 0.000000000000000000, -43.00000000000000000 ) ) ;
#2807 = CARTESIAN_POINT ( 'NONE',  ( -9.188135391866486756, 3.000000000000000000, -228.1714929705271118 ) ) ;
#2808 = ORIENTED_EDGE ( 'NONE', *, *, #2378, .F. ) ;
#2809 = EDGE_CURVE ( 'NONE', #2670, #204, #722, .T. ) ;
#2810 = LINE ( 'NONE', #822, #280 ) ;
#2811 = DIRECTION ( 'NONE',  ( 0.000000000000000000, 0.000000000000000000, 1.000000000000000000 ) ) ;
#2812 = ADVANCED_FACE ( 'NONE', ( #1499 ), #1482, .F. ) ;
#2813 = EDGE_CURVE ( 'NONE', #109, #216, #1070, .T. ) ;
#2814 = ORIENTED_EDGE ( 'NONE', *, *, #2630, .F. ) ;
#2815 = DIRECTION ( 'NONE',  ( -0.000000000000000000, -1.000000000000000000, -0.000000000000000000 ) ) ;
#2816 = FACE_BOUND ( 'NONE', #2026, .T. ) ;
#2817 = EDGE_LOOP ( 'NONE', ( #130, #1141 ) ) ;
#2818 = DIRECTION ( 'NONE',  ( 0.000000000000000000, 1.000000000000000000, 0.000000000000000000 ) ) ;
#2819 = EDGE_CURVE ( 'NONE', #1441, #695, #110, .T. ) ;
#2820 = FACE_OUTER_BOUND ( 'NONE', #307, .T. ) ;
#2821 = CARTESIAN_POINT ( 'NONE',  ( -74.37499999999994316, 0.000000000000000000, -143.0000000000000284 ) ) ;
#2822 = ORIENTED_EDGE ( 'NONE', *, *, #2630, .T. ) ;
#2823 = AXIS2_PLACEMENT_3D ( 'NONE', #43, #681, #30 ) ;
#2824 = AXIS2_PLACEMENT_3D ( 'NONE', #2680, #1800, #2263 ) ;
#2825 = ORIENTED_EDGE ( 'NONE', *, *, #1117, .F. ) ;
#2826 = DIRECTION ( 'NONE',  ( 0.000000000000000000, 0.000000000000000000, 1.000000000000000000 ) ) ;
#2827 = ADVANCED_FACE ( 'NONE', ( #1136 ), #1121, .F. ) ;
#2828 = VERTEX_POINT ( 'NONE', #464 ) ;
#2829 = AXIS2_PLACEMENT_3D ( 'NONE', #2506, #591, #2565 ) ;
#2830 = LINE ( 'NONE', #882, #344 ) ;
#2831 = FACE_BOUND ( 'NONE', #2305, .T. ) ;
#2832 = ORIENTED_EDGE ( 'NONE', *, *, #1103, .F. ) ;
#2833 = CARTESIAN_POINT ( 'NONE',  ( -13.37499999999991829, 0.000000000000000000, -6.000000000000014211 ) ) ;
#2834 = PLANE ( 'NONE',  #2498 ) ;
#2835 = EDGE_CURVE ( 'NONE', #1438, #2764, #2847, .T. ) ;
#2836 = EDGE_LOOP ( 'NONE', ( #967, #1235, #391, #241 ) ) ;
#2837 = ORIENTED_EDGE ( 'NONE', *, *, #51, .F. ) ;
#2838 = ORIENTED_EDGE ( 'NONE', *, *, #753, .F. ) ;
#2839 = DIRECTION ( 'NONE',  ( -0.000000000000000000, -1.000000000000000000, -0.000000000000000000 ) ) ;
#2840 = ORIENTED_EDGE ( 'NONE', *, *, #1103, .T. ) ;
#2841 = LINE ( 'NONE', #1357, #9 ) ;
#2842 = CARTESIAN_POINT ( 'NONE',  ( -49.99999999999994316, 3.000000000000000000, -186.0999999999999375 ) ) ;
#2843 = CARTESIAN_POINT ( 'NONE',  ( 49.99999999999997158, 3.000000000000000000, -188.5999999999999659 ) ) ;
#2844 = VERTEX_POINT ( 'NONE', #1552 ) ;
#2845 = DIRECTION ( 'NONE',  ( 0.000000000000000000, 1.000000000000000000, 0.000000000000000000 ) ) ;
#2846 = EDGE_CURVE ( 'NONE', #2151, #349, #1308, .T. ) ;
#2847 = LINE ( 'NONE', #1780, #14 ) ;
#2848 = CYLINDRICAL_SURFACE ( 'NONE', #850, 1.500000000000001332 ) ;
#2849 = ORIENTED_EDGE ( 'NONE', *, *, #2295, .F. ) ;
#2850 = AXIS2_PLACEMENT_3D ( 'NONE', #1635, #1267, #1253 ) ;
#2851 = EDGE_CURVE ( 'NONE', #2675, #2828, #2446, .T. ) ;
#2852 = CARTESIAN_POINT ( 'NONE',  ( 13.37499999999992006, 3.000000000000000000, -6.000000000000012434 ) ) ;
#2853 = AXIS2_PLACEMENT_3D ( 'NONE', #2423, #662, #702 ) ;
#2854 = VERTEX_POINT ( 'NONE', #1537 ) ;
#2855 = CARTESIAN_POINT ( 'NONE',  ( -74.37499999999994316, 3.000000000000000000, -141.5000000000000284 ) ) ;
#2856 = DIRECTION ( 'NONE',  ( -1.000000000000000000, -0.000000000000000000, -0.000000000000000000 ) ) ;
ENDSEC;
END-ISO-10303-21;
