ISO-10303-21;
HEADER;
FILE_DESCRIPTION (( 'STEP AP214' ),
    '1' );
FILE_NAME ('CarPlexiPlateQuickPrint.STEP',
    '2025-04-01T06:30:47',
    ( '' ),
    ( '' ),
    'SwSTEP 2.0',
    'SolidWorks 2025',
    '' );
FILE_SCHEMA (( 'AUTOMOTIVE_DESIGN' ));
ENDSEC;

DATA;
#1 = DIRECTION ( 'NONE',  ( 0.000000000000000000, 0.000000000000000000, 1.000000000000000000 ) ) ;
#2 = CARTESIAN_POINT ( 'NONE',  ( -49.99999999999994316, 0.5000000000000000000, -187.3499999999999375 ) ) ;
#3 = EDGE_CURVE ( 'NONE', #2619, #765, #947, .T. ) ;
#4 = DIRECTION ( 'NONE',  ( -0.000000000000000000, -1.000000000000000000, -0.000000000000000000 ) ) ;
#5 = ORIENTED_EDGE ( 'NONE', *, *, #2653, .T. ) ;
#6 = DIRECTION ( 'NONE',  ( 1.000000000000000000, 0.000000000000000000, 0.000000000000000000 ) ) ;
#7 = DIRECTION ( 'NONE',  ( 0.000000000000000000, 1.000000000000000000, 0.000000000000000000 ) ) ;
#8 = EDGE_CURVE ( 'NONE', #1167, #802, #1897, .T. ) ;
#9 = VERTEX_POINT ( 'NONE', #535 ) ;
#10 = FACE_BOUND ( 'NONE', #2714, .T. ) ;
#11 = VECTOR ( 'NONE', #2515, 1000.000000000000000 ) ;
#12 = AXIS2_PLACEMENT_3D ( 'NONE', #2286, #936, #1411 ) ;
#13 = CARTESIAN_POINT ( 'NONE',  ( 12.87499999999992539, 0.5000000000000000000, -37.50000000000001421 ) ) ;
#14 = VERTEX_POINT ( 'NONE', #1417 ) ;
#15 = EDGE_CURVE ( 'NONE', #1193, #1726, #1302, .T. ) ;
#16 = CIRCLE ( 'NONE', #1907, 1.500000000000003997 ) ;
#17 = CYLINDRICAL_SURFACE ( 'NONE', #980, 1.499999999999997780 ) ;
#18 = DIRECTION ( 'NONE',  ( 0.000000000000000000, 0.000000000000000000, -1.000000000000000000 ) ) ;
#19 = CIRCLE ( 'NONE', #1631, 1.500000000000001332 ) ;
#20 = EDGE_CURVE ( 'NONE', #1985, #1906, #1343, .T. ) ;
#21 = CARTESIAN_POINT ( 'NONE',  ( 12.87499999999992539, 0.5000000000000000000, -37.50000000000001421 ) ) ;
#22 = ORIENTED_EDGE ( 'NONE', *, *, #2080, .F. ) ;
#23 = DIRECTION ( 'NONE',  ( 0.000000000000000000, 0.000000000000000000, 1.000000000000000000 ) ) ;
#24 = CIRCLE ( 'NONE', #2432, 1.500000000000001332 ) ;
#25 = FACE_BOUND ( 'NONE', #2082, .T. ) ;
#26 = VECTOR ( 'NONE', #1481, 1000.000000000000000 ) ;
#27 = EDGE_LOOP ( 'NONE', ( #1782, #1017 ) ) ;
#28 = FACE_OUTER_BOUND ( 'NONE', #2295, .T. ) ;
#29 = VERTEX_POINT ( 'NONE', #1032 ) ;
#30 = EDGE_CURVE ( 'NONE', #2650, #1068, #96, .T. ) ;
#31 = CARTESIAN_POINT ( 'NONE',  ( -4.374999999999918288, 0.5000000000000000000, -6.250000000000018652 ) ) ;
#32 = DIRECTION ( 'NONE',  ( -0.000000000000000000, -1.000000000000000000, -0.000000000000000000 ) ) ;
#33 = DIRECTION ( 'NONE',  ( -0.000000000000000000, -1.000000000000000000, -0.000000000000000000 ) ) ;
#34 = VERTEX_POINT ( 'NONE', #2173 ) ;
#35 = FACE_OUTER_BOUND ( 'NONE', #1339, .T. ) ;
#36 = ADVANCED_FACE ( 'NONE', ( #820 ), #640, .F. ) ;
#37 = VECTOR ( 'NONE', #1457, 1000.000000000000000 ) ;
#38 = CARTESIAN_POINT ( 'NONE',  ( 12.87499999999992539, 0.5000000000000000000, -37.50000000000001421 ) ) ;
#39 = ORIENTED_EDGE ( 'NONE', *, *, #87, .T. ) ;
#40 = CARTESIAN_POINT ( 'NONE',  ( -4.374999999999918288, 0.5000000000000000000, -3.750000000000018208 ) ) ;
#41 = ORIENTED_EDGE ( 'NONE', *, *, #2167, .F. ) ;
#42 = DIRECTION ( 'NONE',  ( 0.000000000000000000, 0.000000000000000000, -1.000000000000000000 ) ) ;
#43 = CYLINDRICAL_SURFACE ( 'NONE', #475, 1.500000000000003997 ) ;
#44 = DIRECTION ( 'NONE',  ( -0.000000000000000000, -1.000000000000000000, -0.000000000000000000 ) ) ;
#45 = VERTEX_POINT ( 'NONE', #1088 ) ;
#46 = LINE ( 'NONE', #1538, #1089 ) ;
#47 = EDGE_CURVE ( 'NONE', #1843, #1475, #691, .T. ) ;
#48 = FACE_OUTER_BOUND ( 'NONE', #296, .T. ) ;
#49 = CIRCLE ( 'NONE', #1159, 1.500000000000001332 ) ;
#50 = ORIENTED_EDGE ( 'NONE', *, *, #2715, .F. ) ;
#51 = EDGE_CURVE ( 'NONE', #485, #109, #827, .T. ) ;
#52 = CYLINDRICAL_SURFACE ( 'NONE', #132, 1.500000000000003997 ) ;
#53 = ORIENTED_EDGE ( 'NONE', *, *, #1175, .T. ) ;
#54 = LINE ( 'NONE', #1834, #793 ) ;
#55 = CARTESIAN_POINT ( 'NONE',  ( 74.87499999999991473, 0.5000000000000000000, -17.99999999999998934 ) ) ;
#56 = DIRECTION ( 'NONE',  ( -0.000000000000000000, -1.000000000000000000, -0.000000000000000000 ) ) ;
#57 = ORIENTED_EDGE ( 'NONE', *, *, #2700, .F. ) ;
#58 = DIRECTION ( 'NONE',  ( 0.000000000000000000, 0.000000000000000000, -1.000000000000000000 ) ) ;
#59 = SHAPE_DEFINITION_REPRESENTATION ( #1318, #2200 ) ;
#60 = B_SPLINE_CURVE_WITH_KNOTS ( 'NONE', 3,
 ( #1819, #71, #287, #2719, #532, #2495, #1171 ),
 .UNSPECIFIED., .F., .F.,
 ( 4, 1, 1, 1, 4 ),
 ( 0.000000000000000000, 0.2800928068961774375, 0.6713298521798601870, 0.7738865541292181405, 1.000000000000000000 ),
 .UNSPECIFIED. ) ;
#61 = ADVANCED_FACE ( 'NONE', ( #1911 ), #180, .F. ) ;
#62 = CARTESIAN_POINT ( 'NONE',  ( 39.37499999999992895, 0.000000000000000000, -69.00000000000000000 ) ) ;
#63 = DIRECTION ( 'NONE',  ( 0.000000000000000000, 0.000000000000000000, -1.000000000000000000 ) ) ;
#64 = ORIENTED_EDGE ( 'NONE', *, *, #2545, .T. ) ;
#65 = FACE_OUTER_BOUND ( 'NONE', #2014, .T. ) ;
#66 = VERTEX_POINT ( 'NONE', #392 ) ;
#67 = EDGE_CURVE ( 'NONE', #964, #1630, #1740, .T. ) ;
#68 = DIRECTION ( 'NONE',  ( 0.000000000000000000, -1.000000000000000000, 0.000000000000000000 ) ) ;
#69 = FACE_OUTER_BOUND ( 'NONE', #1784, .T. ) ;
#70 = VECTOR ( 'NONE', #960, 1000.000000000000000 ) ;
#71 = CARTESIAN_POINT ( 'NONE',  ( -9.188135391866486756, 0.000000000000000000, -228.1714929705271118 ) ) ;
#72 = EDGE_LOOP ( 'NONE', ( #622, #2855, #1015, #592 ) ) ;
#73 = DIRECTION ( 'NONE',  ( -0.000000000000000000, -1.000000000000000000, -0.000000000000000000 ) ) ;
#74 = ORIENTED_EDGE ( 'NONE', *, *, #240, .F. ) ;
#75 = DIRECTION ( 'NONE',  ( 0.000000000000000000, 0.000000000000000000, 1.000000000000000000 ) ) ;
#76 = VERTEX_POINT ( 'NONE', #2626 ) ;
#77 = CARTESIAN_POINT ( 'NONE',  ( 39.37499999999992895, 0.5000000000000000000, -67.50000000000000000 ) ) ;
#78 = CIRCLE ( 'NONE', #2061, 1.249999999999973355 ) ;
#79 = ORIENTED_EDGE ( 'NONE', *, *, #2474, .T. ) ;
#80 = LINE ( 'NONE', #788, #2111 ) ;
#81 = VERTEX_POINT ( 'NONE', #1689 ) ;
#82 = ADVANCED_FACE ( 'NONE', ( #1264 ), #594, .F. ) ;
#83 = DIRECTION ( 'NONE',  ( 0.000000000000000000, 0.000000000000000000, -1.000000000000000000 ) ) ;
#84 = DIRECTION ( 'NONE',  ( 0.000000000000000000, 0.000000000000000000, -1.000000000000000000 ) ) ;
#85 = LINE ( 'NONE', #502, #2285 ) ;
#86 = EDGE_LOOP ( 'NONE', ( #438, #1752, #1513, #399 ) ) ;
#87 = EDGE_CURVE ( 'NONE', #528, #345, #2818, .T. ) ;
#88 = LINE ( 'NONE', #1219, #1393 ) ;
#89 = EDGE_LOOP ( 'NONE', ( #1890, #470 ) ) ;
#90 = LINE ( 'NONE', #2308, #187 ) ;
#91 = ORIENTED_EDGE ( 'NONE', *, *, #1554, .F. ) ;
#92 = LINE ( 'NONE', #507, #465 ) ;
#93 = ORIENTED_EDGE ( 'NONE', *, *, #245, .F. ) ;
#94 = FACE_BOUND ( 'NONE', #316, .T. ) ;
#95 = ORIENTED_EDGE ( 'NONE', *, *, #2420, .T. ) ;
#96 = CIRCLE ( 'NONE', #1707, 14.70000000000000462 ) ;
#97 = VECTOR ( 'NONE', #1064, 1000.000000000000000 ) ;
#98 = DIRECTION ( 'NONE',  ( -0.000000000000000000, -1.000000000000000000, -0.000000000000000000 ) ) ;
#99 = DIRECTION ( 'NONE',  ( -0.000000000000000000, -1.000000000000000000, -0.000000000000000000 ) ) ;
#100 = AXIS2_PLACEMENT_3D ( 'NONE', #1918, #815, #400 ) ;
#101 = CIRCLE ( 'NONE', #1831, 1.500000000000001332 ) ;
#102 = CARTESIAN_POINT ( 'NONE',  ( 74.87499999999992895, 0.5000000000000000000, -44.49999999999998579 ) ) ;
#103 = ORIENTED_EDGE ( 'NONE', *, *, #954, .T. ) ;
#104 = CARTESIAN_POINT ( 'NONE',  ( -12.87499999999991829, 0.5000000000000000000, -67.50000000000000000 ) ) ;
#105 = VERTEX_POINT ( 'NONE', #1477 ) ;
#106 = AXIS2_PLACEMENT_3D ( 'NONE', #1649, #957, #1871 ) ;
#107 = ADVANCED_FACE ( 'NONE', ( #1294 ), #2366, .F. ) ;
#108 = DIRECTION ( 'NONE',  ( 0.000000000000000000, 0.000000000000000000, 1.000000000000000000 ) ) ;
#109 = VERTEX_POINT ( 'NONE', #2834 ) ;
#110 = CARTESIAN_POINT ( 'NONE',  ( -39.37499999999991473, 0.5000000000000000000, -39.00000000000000711 ) ) ;
#111 = CIRCLE ( 'NONE', #2095, 1.500000000000001332 ) ;
#112 = EDGE_LOOP ( 'NONE', ( #521, #2655, #2383, #2338 ) ) ;
#113 = DIRECTION ( 'NONE',  ( 0.000000000000000000, 1.000000000000000000, 0.000000000000000000 ) ) ;
#114 = EDGE_LOOP ( 'NONE', ( #1537, #1453 ) ) ;
#115 = EDGE_CURVE ( 'NONE', #2070, #2437, #1371, .T. ) ;
#116 = AXIS2_PLACEMENT_3D ( 'NONE', #2081, #1217, #984 ) ;
#117 = CARTESIAN_POINT ( 'NONE',  ( -74.87499999999991473, 0.5000000000000000000, -16.50000000000000355 ) ) ;
#118 = CARTESIAN_POINT ( 'NONE',  ( -39.37499999999991473, 0.000000000000000000, -36.00000000000000711 ) ) ;
#119 = EDGE_CURVE ( 'NONE', #1650, #1374, #1102, .T. ) ;
#120 = COLOUR_RGB ( '',0.7921568627450980005, 0.8196078431372548767, 0.9333333333333333481 ) ;
#121 = DIRECTION ( 'NONE',  ( 0.000000000000000000, 0.000000000000000000, -1.000000000000000000 ) ) ;
#122 = EDGE_LOOP ( 'NONE', ( #2492, #2108, #1636, #2007 ) ) ;
#123 =( LENGTH_UNIT ( ) NAMED_UNIT ( * ) SI_UNIT ( .MILLI., .METRE. ) );
#124 = ORIENTED_EDGE ( 'NONE', *, *, #1751, .T. ) ;
#125 = LINE ( 'NONE', #989, #70 ) ;
#126 = EDGE_LOOP ( 'NONE', ( #1422, #1738, #525, #262 ) ) ;
#127 = CARTESIAN_POINT ( 'NONE',  ( 49.99999999999997158, 0.5000000000000000000, -188.5999999999999659 ) ) ;
#128 = EDGE_CURVE ( 'NONE', #2578, #1220, #381, .T. ) ;
#129 = ORIENTED_EDGE ( 'NONE', *, *, #599, .T. ) ;
#130 = CARTESIAN_POINT ( 'NONE',  ( 12.87499999999992539, 0.5000000000000000000, -37.50000000000001421 ) ) ;
#131 = ORIENTED_EDGE ( 'NONE', *, *, #2745, .F. ) ;
#132 = AXIS2_PLACEMENT_3D ( 'NONE', #934, #1568, #2658 ) ;
#133 = DIRECTION ( 'NONE',  ( -0.000000000000000000, -1.000000000000000000, -0.000000000000000000 ) ) ;
#134 = EDGE_LOOP ( 'NONE', ( #2040, #1855, #564, #1523 ) ) ;
#135 = CARTESIAN_POINT ( 'NONE',  ( 39.37499999999991473, 0.5000000000000000000, -5.999999999999996447 ) ) ;
#136 = VERTEX_POINT ( 'NONE', #2593 ) ;
#137 = CARTESIAN_POINT ( 'NONE',  ( -39.37499999999991473, 0.000000000000000000, -69.00000000000000000 ) ) ;
#138 = EDGE_LOOP ( 'NONE', ( #910, #2560 ) ) ;
#139 = CARTESIAN_POINT ( 'NONE',  ( -64.67499999999994031, 0.5000000000000000000, -132.7000000000000171 ) ) ;
#140 = ORIENTED_EDGE ( 'NONE', *, *, #489, .F. ) ;
#141 = VERTEX_POINT ( 'NONE', #1309 ) ;
#142 = LINE ( 'NONE', #2347, #1238 ) ;
#143 = ORIENTED_EDGE ( 'NONE', *, *, #1478, .T. ) ;
#144 = EDGE_CURVE ( 'NONE', #2284, #2129, #1076, .T. ) ;
#145 = CARTESIAN_POINT ( 'NONE',  ( 49.99999999999997158, 0.000000000000000000, -178.3499999999999375 ) ) ;
#146 = VECTOR ( 'NONE', #1083, 1000.000000000000000 ) ;
#147 = ORIENTED_EDGE ( 'NONE', *, *, #1060, .F. ) ;
#148 = DIRECTION ( 'NONE',  ( -0.000000000000000000, 1.000000000000000000, -0.000000000000000000 ) ) ;
#149 = DIRECTION ( 'NONE',  ( 0.000000000000000000, 0.000000000000000000, -1.000000000000000000 ) ) ;
#150 = AXIS2_PLACEMENT_3D ( 'NONE', #2239, #7, #912 ) ;
#151 = CIRCLE ( 'NONE', #1760, 1.500000000000001332 ) ;
#152 = CARTESIAN_POINT ( 'NONE',  ( -74.87499999999991473, 0.5000000000000000000, -43.00000000000000000 ) ) ;
#153 = VERTEX_POINT ( 'NONE', #609 ) ;
#154 = DIRECTION ( 'NONE',  ( 0.000000000000000000, 1.000000000000000000, 0.000000000000000000 ) ) ;
#155 = CIRCLE ( 'NONE', #1350, 1.250000000000000222 ) ;
#156 = ORIENTED_EDGE ( 'NONE', *, *, #1665, .T. ) ;
#157 = DIRECTION ( 'NONE',  ( -0.000000000000000000, -1.000000000000000000, -0.000000000000000000 ) ) ;
#158 = EDGE_CURVE ( 'NONE', #2529, #1325, #1629, .T. ) ;
#159 = ORIENTED_EDGE ( 'NONE', *, *, #1888, .T. ) ;
#160 = DIRECTION ( 'NONE',  ( 0.000000000000000000, 1.000000000000000000, 0.000000000000000000 ) ) ;
#161 = ORIENTED_EDGE ( 'NONE', *, *, #231, .F. ) ;
#162 = DIRECTION ( 'NONE',  ( 0.000000000000000000, 0.000000000000000000, 1.000000000000000000 ) ) ;
#163 = DIRECTION ( 'NONE',  ( -1.747899763146835923E-16, 0.000000000000000000, 1.000000000000000000 ) ) ;
#164 = CIRCLE ( 'NONE', #1771, 1.250000000000001110 ) ;
#165 = EDGE_CURVE ( 'NONE', #2437, #1407, #458, .T. ) ;
#166 = ORIENTED_EDGE ( 'NONE', *, *, #272, .T. ) ;
#167 = PLANE ( 'NONE',  #1534 ) ;
#168 = DIRECTION ( 'NONE',  ( 0.000000000000000000, 0.000000000000000000, 1.000000000000000000 ) ) ;
#169 = CIRCLE ( 'NONE', #1594, 14.16604609612902266 ) ;
#170 = DIRECTION ( 'NONE',  ( 0.000000000000000000, 0.000000000000000000, 1.000000000000000000 ) ) ;
#171 = EDGE_LOOP ( 'NONE', ( #1243, #2448, #2364, #2826 ) ) ;
#172 = DIRECTION ( 'NONE',  ( 0.000000000000000000, 0.000000000000000000, -1.000000000000000000 ) ) ;
#173 = DIRECTION ( 'NONE',  ( 0.000000000000000000, 0.000000000000000000, 1.000000000000000000 ) ) ;
#174 = VERTEX_POINT ( 'NONE', #1560 ) ;
#175 = DIRECTION ( 'NONE',  ( 0.000000000000000000, 0.000000000000000000, -1.000000000000000000 ) ) ;
#176 = DIRECTION ( 'NONE',  ( 0.000000000000000000, -1.000000000000000000, 0.000000000000000000 ) ) ;
#177 = CARTESIAN_POINT ( 'NONE',  ( 39.37499999999992895, 0.000000000000000000, -66.00000000000000000 ) ) ;
#178 = ORIENTED_EDGE ( 'NONE', *, *, #1652, .T. ) ;
#179 = CARTESIAN_POINT ( 'NONE',  ( -74.87499999999991473, 0.5000000000000000000, -44.50000000000000000 ) ) ;
#180 = CYLINDRICAL_SURFACE ( 'NONE', #1602, 1.500000000000001332 ) ;
#181 = EDGE_CURVE ( 'NONE', #933, #1704, #1999, .T. ) ;
#182 = PLANE ( 'NONE',  #418 ) ;
#183 = ORIENTED_EDGE ( 'NONE', *, *, #644, .T. ) ;
#184 = DIRECTION ( 'NONE',  ( 0.000000000000000000, 0.000000000000000000, 1.000000000000000000 ) ) ;
#185 = ORIENTED_EDGE ( 'NONE', *, *, #954, .F. ) ;
#186 = CARTESIAN_POINT ( 'NONE',  ( 49.99999999999997158, 0.000000000000000000, -177.0999999999999375 ) ) ;
#187 = VECTOR ( 'NONE', #320, 1000.000000000000000 ) ;
#188 = LINE ( 'NONE', #848, #1101 ) ;
#189 = CARTESIAN_POINT ( 'NONE',  ( -49.99999999999994316, 0.5000000000000000000, -178.3499999999999375 ) ) ;
#190 = ADVANCED_FACE ( 'NONE', ( #247 ), #2011, .F. ) ;
#191 = DIRECTION ( 'NONE',  ( 0.000000000000000000, 0.000000000000000000, 1.000000000000000000 ) ) ;
#192 = CARTESIAN_POINT ( 'NONE',  ( 74.37499999999998579, 0.5000000000000000000, -193.0000000000000000 ) ) ;
#193 = AXIS2_PLACEMENT_3D ( 'NONE', #2441, #447, #1576 ) ;
#194 = CARTESIAN_POINT ( 'NONE',  ( -79.37499999999992895, 0.5000000000000000000, -132.7000000000000171 ) ) ;
#195 = ORIENTED_EDGE ( 'NONE', *, *, #621, .F. ) ;
#196 = DIRECTION ( 'NONE',  ( 4.081702296416016983E-16, 0.000000000000000000, 1.000000000000000000 ) ) ;
#197 = DIRECTION ( 'NONE',  ( 0.000000000000000000, 1.000000000000000000, 0.000000000000000000 ) ) ;
#198 = EDGE_CURVE ( 'NONE', #2327, #2615, #922, .T. ) ;
#199 = AXIS2_PLACEMENT_3D ( 'NONE', #1333, #1360, #1547 ) ;
#200 = VECTOR ( 'NONE', #817, 1000.000000000000000 ) ;
#201 = VERTEX_POINT ( 'NONE', #1113 ) ;
#202 = CARTESIAN_POINT ( 'NONE',  ( -4.374999999999918288, 0.5000000000000000000, -5.000000000000018652 ) ) ;
#203 = FACE_OUTER_BOUND ( 'NONE', #491, .T. ) ;
#204 = VECTOR ( 'NONE', #1854, 1000.000000000000000 ) ;
#205 = CARTESIAN_POINT ( 'NONE',  ( 74.37499999999997158, 0.5000000000000000000, -168.0000000000000000 ) ) ;
#206 = VECTOR ( 'NONE', #441, 1000.000000000000000 ) ;
#207 = CARTESIAN_POINT ( 'NONE',  ( 74.87499999999991473, 0.000000000000000000, -17.99999999999998934 ) ) ;
#208 = DIRECTION ( 'NONE',  ( 0.000000000000000000, 0.000000000000000000, 1.000000000000000000 ) ) ;
#209 = CARTESIAN_POINT ( 'NONE',  ( 79.37500000000001421, 0.000000000000000000, -193.7860499750869678 ) ) ;
#210 = ORIENTED_EDGE ( 'NONE', *, *, #2624, .F. ) ;
#211 = DIRECTION ( 'NONE',  ( 0.000000000000000000, 0.000000000000000000, 1.000000000000000000 ) ) ;
#212 = PLANE ( 'NONE',  #831 ) ;
#213 = EDGE_LOOP ( 'NONE', ( #356, #22, #1877, #1681 ) ) ;
#214 = ADVANCED_FACE ( 'NONE', ( #2427 ), #923, .F. ) ;
#215 = FACE_OUTER_BOUND ( 'NONE', #1502, .T. ) ;
#216 = CIRCLE ( 'NONE', #347, 1.500000000000000444 ) ;
#217 = VECTOR ( 'NONE', #1678, 1000.000000000000000 ) ;
#218 = EDGE_CURVE ( 'NONE', #1662, #528, #1997, .T. ) ;
#219 = CARTESIAN_POINT ( 'NONE',  ( 4.374999999999919176, 0.5000000000000000000, -3.750000000000017319 ) ) ;
#220 = ADVANCED_FACE ( 'NONE', ( #689 ), #907, .F. ) ;
#221 = CARTESIAN_POINT ( 'NONE',  ( 74.87499999999992895, 0.5000000000000000000, -41.49999999999999289 ) ) ;
#222 = DIRECTION ( 'NONE',  ( -0.000000000000000000, -1.000000000000000000, -0.000000000000000000 ) ) ;
#223 = VECTOR ( 'NONE', #860, 1000.000000000000000 ) ;
#224 = LINE ( 'NONE', #690, #695 ) ;
#225 = VERTEX_POINT ( 'NONE', #1802 ) ;
#226 = CARTESIAN_POINT ( 'NONE',  ( 73.95259998431582460, 0.5000000000000000000, -211.6437262863844353 ) ) ;
#227 = CARTESIAN_POINT ( 'NONE',  ( -74.87499999999991473, 0.5000000000000000000, -43.00000000000000000 ) ) ;
#228 = EDGE_LOOP ( 'NONE', ( #1638, #461 ) ) ;
#229 = CARTESIAN_POINT ( 'NONE',  ( 39.37499999999992184, 0.000000000000000000, -36.00000000000000000 ) ) ;
#230 = ORIENTED_EDGE ( 'NONE', *, *, #2802, .T. ) ;
#231 = EDGE_CURVE ( 'NONE', #324, #1250, #1499, .T. ) ;
#232 = CARTESIAN_POINT ( 'NONE',  ( -49.99999999999994316, 0.000000000000000000, -186.0999999999999375 ) ) ;
#233 = CARTESIAN_POINT ( 'NONE',  ( -74.87499999999991473, 0.5000000000000000000, -43.00000000000000000 ) ) ;
#234 = DIRECTION ( 'NONE',  ( 0.000000000000000000, 0.000000000000000000, -1.000000000000000000 ) ) ;
#235 = ORIENTED_EDGE ( 'NONE', *, *, #3, .T. ) ;
#236 = DIRECTION ( 'NONE',  ( -0.000000000000000000, -1.000000000000000000, -0.000000000000000000 ) ) ;
#237 = VERTEX_POINT ( 'NONE', #2205 ) ;
#238 = FACE_BOUND ( 'NONE', #436, .T. ) ;
#239 = CIRCLE ( 'NONE', #2325, 1.500000000000001332 ) ;
#240 = EDGE_CURVE ( 'NONE', #1394, #1527, #2024, .T. ) ;
#241 = AXIS2_PLACEMENT_3D ( 'NONE', #444, #457, #1 ) ;
#242 = ORIENTED_EDGE ( 'NONE', *, *, #1384, .T. ) ;
#243 = FACE_OUTER_BOUND ( 'NONE', #2805, .T. ) ;
#244 = ORIENTED_EDGE ( 'NONE', *, *, #2648, .T. ) ;
#245 = EDGE_CURVE ( 'NONE', #2779, #1980, #1221, .T. ) ;
#246 = DIRECTION ( 'NONE',  ( -1.000000000000000000, -0.000000000000000000, 5.551115123125782702E-16 ) ) ;
#247 = FACE_OUTER_BOUND ( 'NONE', #1770, .T. ) ;
#248 = VECTOR ( 'NONE', #2248, 1000.000000000000000 ) ;
#249 = CARTESIAN_POINT ( 'NONE',  ( -74.37499999999994316, 0.5000000000000000000, -141.5000000000000284 ) ) ;
#250 = ORIENTED_EDGE ( 'NONE', *, *, #2844, .T. ) ;
#251 = DIRECTION ( 'NONE',  ( -4.019742158173901904E-16, 0.000000000000000000, 1.000000000000000000 ) ) ;
#252 = CARTESIAN_POINT ( 'NONE',  ( -49.99999999999996447, 0.5000000000000000000, -128.5999999999999659 ) ) ;
#253 = AXIS2_PLACEMENT_3D ( 'NONE', #868, #419, #1984 ) ;
#254 = FACE_BOUND ( 'NONE', #309, .T. ) ;
#255 = AXIS2_PLACEMENT_3D ( 'NONE', #927, #1749, #2639 ) ;
#256 = VERTEX_POINT ( 'NONE', #2258 ) ;
#257 = DIRECTION ( 'NONE',  ( 0.000000000000000000, 0.000000000000000000, 1.000000000000000000 ) ) ;
#258 = ORIENTED_EDGE ( 'NONE', *, *, #614, .F. ) ;
#259 = FACE_OUTER_BOUND ( 'NONE', #2217, .T. ) ;
#260 = CARTESIAN_POINT ( 'NONE',  ( -12.87499999999991829, 0.5000000000000000000, -69.00000000000000000 ) ) ;
#261 = CARTESIAN_POINT ( 'NONE',  ( -13.37499999999991829, 0.5000000000000000000, -9.000000000000015987 ) ) ;
#262 = ORIENTED_EDGE ( 'NONE', *, *, #2208, .T. ) ;
#263 = CARTESIAN_POINT ( 'NONE',  ( 9.188135391866527613, 0.5000000000000000000, -228.1714929705271118 ) ) ;
#264 =( NAMED_UNIT ( * ) PLANE_ANGLE_UNIT ( ) SI_UNIT ( $, .RADIAN. ) );
#265 = ADVANCED_FACE ( 'NONE', ( #2454 ), #43, .F. ) ;
#266 = PLANE ( 'NONE',  #2133 ) ;
#267 = ORIENTED_EDGE ( 'NONE', *, *, #2064, .T. ) ;
#268 = CARTESIAN_POINT ( 'NONE',  ( -29.54570341712943460, 0.000000000000000000, -228.1829055582983585 ) ) ;
#269 = ORIENTED_EDGE ( 'NONE', *, *, #1295, .T. ) ;
#270 = CARTESIAN_POINT ( 'NONE',  ( -74.37499999999994316, 0.5000000000000000000, -143.0000000000000284 ) ) ;
#271 = LINE ( 'NONE', #260, #1127 ) ;
#272 = EDGE_CURVE ( 'NONE', #29, #9, #880, .T. ) ;
#273 = CARTESIAN_POINT ( 'NONE',  ( 79.37499999999991473, 0.000000000000000000, -14.16604609612901555 ) ) ;
#274 = ORIENTED_EDGE ( 'NONE', *, *, #1800, .F. ) ;
#275 = CARTESIAN_POINT ( 'NONE',  ( 79.37500000000001421, 0.5000000000000000000, -193.7860499750869678 ) ) ;
#276 = FACE_OUTER_BOUND ( 'NONE', #1285, .T. ) ;
#277 = FACE_BOUND ( 'NONE', #1909, .T. ) ;
#278 = EDGE_CURVE ( 'NONE', #1859, #1849, #271, .T. ) ;
#279 = VECTOR ( 'NONE', #913, 1000.000000000000000 ) ;
#280 = ORIENTED_EDGE ( 'NONE', *, *, #1025, .T. ) ;
#281 = CARTESIAN_POINT ( 'NONE',  ( -78.78397985763585609, 0.000000000000000000, -199.9640896339807909 ) ) ;
#282 = EDGE_LOOP ( 'NONE', ( #2307, #683, #1747, #269 ) ) ;
#283 = CIRCLE ( 'NONE', #150, 1.500000000000001332 ) ;
#284 = VECTOR ( 'NONE', #1031, 1000.000000000000000 ) ;
#285 = CARTESIAN_POINT ( 'NONE',  ( -74.37499999999995737, 0.000000000000000000, -194.5000000000000000 ) ) ;
#286 = CARTESIAN_POINT ( 'NONE',  ( -74.37499999999994316, 0.5000000000000000000, -144.5000000000000284 ) ) ;
#287 = CARTESIAN_POINT ( 'NONE',  ( -29.54570341712943460, 0.000000000000000000, -228.1829055582983585 ) ) ;
#288 = VERTEX_POINT ( 'NONE', #664 ) ;
#289 = FILL_AREA_STYLE_COLOUR ( '', #120 ) ;
#290 = CARTESIAN_POINT ( 'NONE',  ( -79.37499999999992895, 0.5000000000000000000, -132.7000000000000171 ) ) ;
#291 = CARTESIAN_POINT ( 'NONE',  ( 74.37499999999997158, 0.000000000000000000, -168.0000000000000000 ) ) ;
#292 = CIRCLE ( 'NONE', #253, 1.500000000000001332 ) ;
#293 = EDGE_CURVE ( 'NONE', #153, #1126, #2688, .T. ) ;
#294 = EDGE_LOOP ( 'NONE', ( #883, #1133, #1213, #2445 ) ) ;
#295 = CARTESIAN_POINT ( 'NONE',  ( 4.374999999999919176, 0.000000000000000000, -3.750000000000017319 ) ) ;
#296 = EDGE_LOOP ( 'NONE', ( #267, #1541, #1920, #2477 ) ) ;
#297 = ADVANCED_FACE ( 'NONE', ( #1549 ), #2481, .F. ) ;
#298 = CARTESIAN_POINT ( 'NONE',  ( 49.99999999999997868, 0.5000000000000000000, -131.0999999999999091 ) ) ;
#299 = DIRECTION ( 'NONE',  ( 0.000000000000000000, 1.000000000000000000, 0.000000000000000000 ) ) ;
#300 = DIRECTION ( 'NONE',  ( 0.000000000000000000, 0.000000000000000000, -1.000000000000000000 ) ) ;
#301 = VERTEX_POINT ( 'NONE', #118 ) ;
#302 =( NAMED_UNIT ( * ) SI_UNIT ( $, .STERADIAN. ) SOLID_ANGLE_UNIT ( ) );
#303 = ORIENTED_EDGE ( 'NONE', *, *, #2741, .T. ) ;
#304 = DIRECTION ( 'NONE',  ( -0.000000000000000000, -1.000000000000000000, -0.000000000000000000 ) ) ;
#305 = VERTEX_POINT ( 'NONE', #2287 ) ;
#306 = CARTESIAN_POINT ( 'NONE',  ( 12.87499999999993072, 0.5000000000000000000, -67.50000000000000000 ) ) ;
#307 = EDGE_CURVE ( 'NONE', #647, #454, #111, .T. ) ;
#308 = CIRCLE ( 'NONE', #726, 1.500000000000003997 ) ;
#309 = EDGE_LOOP ( 'NONE', ( #1278, #2055 ) ) ;
#310 = DIRECTION ( 'NONE',  ( 0.000000000000000000, -1.000000000000000000, 0.000000000000000000 ) ) ;
#311 = ORIENTED_EDGE ( 'NONE', *, *, #2516, .F. ) ;
#312 = DIRECTION ( 'NONE',  ( 0.000000000000000000, 1.000000000000000000, 0.000000000000000000 ) ) ;
#313 = CARTESIAN_POINT ( 'NONE',  ( -39.37499999999991473, 0.5000000000000000000, -69.00000000000000000 ) ) ;
#314 = ADVANCED_FACE ( 'NONE', ( #2748 ), #1216, .F. ) ;
#315 = FACE_OUTER_BOUND ( 'NONE', #1435, .T. ) ;
#316 = EDGE_LOOP ( 'NONE', ( #1403, #579 ) ) ;
#317 = CYLINDRICAL_SURFACE ( 'NONE', #515, 1.500000000000001332 ) ;
#318 = VERTEX_POINT ( 'NONE', #1881 ) ;
#319 = CIRCLE ( 'NONE', #2673, 1.250000000000001110 ) ;
#320 = DIRECTION ( 'NONE',  ( -0.000000000000000000, -1.000000000000000000, -0.000000000000000000 ) ) ;
#321 = EDGE_LOOP ( 'NONE', ( #1687, #2513 ) ) ;
#322 = DIRECTION ( 'NONE',  ( -0.000000000000000000, -1.000000000000000000, -0.000000000000000000 ) ) ;
#323 = ORIENTED_EDGE ( 'NONE', *, *, #576, .F. ) ;
#324 = VERTEX_POINT ( 'NONE', #2110 ) ;
#325 = FACE_BOUND ( 'NONE', #2744, .T. ) ;
#326 = ORIENTED_EDGE ( 'NONE', *, *, #1736, .T. ) ;
#327 = EDGE_CURVE ( 'NONE', #703, #2368, #1268, .T. ) ;
#328 = VECTOR ( 'NONE', #584, 1000.000000000000000 ) ;
#329 = AXIS2_PLACEMENT_3D ( 'NONE', #2003, #668, #711 ) ;
#330 = LINE ( 'NONE', #1215, #2732 ) ;
#331 = CARTESIAN_POINT ( 'NONE',  ( -39.37499999999991473, 0.5000000000000000000, -7.500000000000007105 ) ) ;
#332 = CIRCLE ( 'NONE', #1346, 1.500000000000001332 ) ;
#333 = VECTOR ( 'NONE', #1865, 1000.000000000000000 ) ;
#334 = VECTOR ( 'NONE', #735, 1000.000000000000000 ) ;
#335 = EDGE_CURVE ( 'NONE', #396, #2566, #19, .T. ) ;
#336 = CARTESIAN_POINT ( 'NONE',  ( 39.37499999999992184, 0.5000000000000000000, -39.00000000000000000 ) ) ;
#337 = ORIENTED_EDGE ( 'NONE', *, *, #2499, .T. ) ;
#338 = CARTESIAN_POINT ( 'NONE',  ( -65.20895390387087787, 0.5000000000000000000, -14.16604609612900845 ) ) ;
#339 = ORIENTED_EDGE ( 'NONE', *, *, #1131, .T. ) ;
#340 = CIRCLE ( 'NONE', #1582, 1.500000000000001332 ) ;
#341 = DIRECTION ( 'NONE',  ( 0.000000000000000000, -1.000000000000000000, 0.000000000000000000 ) ) ;
#342 = EDGE_CURVE ( 'NONE', #384, #1126, #385, .T. ) ;
#343 = ORIENTED_EDGE ( 'NONE', *, *, #965, .F. ) ;
#344 = DIRECTION ( 'NONE',  ( 0.000000000000000000, -0.000000000000000000, 1.000000000000000000 ) ) ;
#345 = VERTEX_POINT ( 'NONE', #2097 ) ;
#346 = LINE ( 'NONE', #1014, #334 ) ;
#347 = AXIS2_PLACEMENT_3D ( 'NONE', #1592, #2430, #435 ) ;
#348 = ORIENTED_EDGE ( 'NONE', *, *, #165, .T. ) ;
#349 = DIRECTION ( 'NONE',  ( 0.000000000000000000, 1.000000000000000000, 0.000000000000000000 ) ) ;
#350 = ORIENTED_EDGE ( 'NONE', *, *, #1276, .F. ) ;
#351 = CIRCLE ( 'NONE', #2573, 1.250000000000000222 ) ;
#352 = DIRECTION ( 'NONE',  ( 0.000000000000000000, 0.000000000000000000, -1.000000000000000000 ) ) ;
#353 = ORIENTED_EDGE ( 'NONE', *, *, #2300, .F. ) ;
#354 = CARTESIAN_POINT ( 'NONE',  ( -12.87499999999991829, 0.5000000000000000000, -37.50000000000001421 ) ) ;
#355 = EDGE_CURVE ( 'NONE', #2615, #1875, #768, .T. ) ;
#356 = ORIENTED_EDGE ( 'NONE', *, *, #505, .F. ) ;
#357 = FACE_BOUND ( 'NONE', #2060, .T. ) ;
#358 = EDGE_LOOP ( 'NONE', ( #1211, #1892, #2797, #350 ) ) ;
#359 = CARTESIAN_POINT ( 'NONE',  ( -39.37499999999991473, 0.5000000000000000000, -7.500000000000007105 ) ) ;
#360 = EDGE_LOOP ( 'NONE', ( #2251, #2792, #1799, #1674 ) ) ;
#361 = CARTESIAN_POINT ( 'NONE',  ( -64.67499999999994031, 0.000000000000000000, -132.7000000000000171 ) ) ;
#362 = DIRECTION ( 'NONE',  ( -0.000000000000000000, -1.000000000000000000, -0.000000000000000000 ) ) ;
#363 = ADVANCED_FACE ( 'NONE', ( #2050 ), #531, .F. ) ;
#364 = DIRECTION ( 'NONE',  ( 0.000000000000000000, -1.000000000000000000, 0.000000000000000000 ) ) ;
#365 = VERTEX_POINT ( 'NONE', #2762 ) ;
#366 = CARTESIAN_POINT ( 'NONE',  ( 74.37499999999998579, 0.5000000000000000000, -193.0000000000000000 ) ) ;
#367 = ORIENTED_EDGE ( 'NONE', *, *, #1981, .T. ) ;
#368 = ORIENTED_EDGE ( 'NONE', *, *, #2425, .F. ) ;
#369 = ADVANCED_FACE ( 'NONE', ( #780 ), #2730, .F. ) ;
#370 = DIRECTION ( 'NONE',  ( 0.000000000000000000, 1.000000000000000000, 0.000000000000000000 ) ) ;
#371 = VERTEX_POINT ( 'NONE', #967 ) ;
#372 = DIRECTION ( 'NONE',  ( -0.000000000000000000, 1.000000000000000000, -0.000000000000000000 ) ) ;
#373 = EDGE_LOOP ( 'NONE', ( #2072, #368, #1401, #242 ) ) ;
#374 = CARTESIAN_POINT ( 'NONE',  ( -12.87499999999991829, 0.000000000000000000, -37.50000000000001421 ) ) ;
#375 = DIRECTION ( 'NONE',  ( 0.000000000000000000, 0.000000000000000000, -1.000000000000000000 ) ) ;
#376 = CIRCLE ( 'NONE', #2781, 1.499999999999997780 ) ;
#377 = CARTESIAN_POINT ( 'NONE',  ( 4.374999999999919176, 0.000000000000000000, -5.000000000000017764 ) ) ;
#378 = VERTEX_POINT ( 'NONE', #2337 ) ;
#379 = CARTESIAN_POINT ( 'NONE',  ( 74.87499999999991473, 0.5000000000000000000, -17.99999999999998934 ) ) ;
#380 = CARTESIAN_POINT ( 'NONE',  ( -49.99999999999994316, 0.5000000000000000000, -186.0999999999999375 ) ) ;
#381 = CIRCLE ( 'NONE', #751, 1.500000000000001332 ) ;
#382 = EDGE_LOOP ( 'NONE', ( #975, #1841 ) ) ;
#383 = DIRECTION ( 'NONE',  ( 0.000000000000000000, -1.000000000000000000, 0.000000000000000000 ) ) ;
#384 = VERTEX_POINT ( 'NONE', #2717 ) ;
#385 = CIRCLE ( 'NONE', #757, 1.500000000000001332 ) ;
#386 = CYLINDRICAL_SURFACE ( 'NONE', #1544, 1.250000000000000222 ) ;
#387 = DIRECTION ( 'NONE',  ( -0.000000000000000000, -1.000000000000000000, -0.000000000000000000 ) ) ;
#388 = VECTOR ( 'NONE', #2552, 1000.000000000000000 ) ;
#389 = EDGE_CURVE ( 'NONE', #477, #2591, #1580, .T. ) ;
#390 = ORIENTED_EDGE ( 'NONE', *, *, #526, .F. ) ;
#391 = DIRECTION ( 'NONE',  ( 0.000000000000000000, 0.000000000000000000, -1.000000000000000000 ) ) ;
#392 = CARTESIAN_POINT ( 'NONE',  ( 0.000000000000000000, 0.000000000000000000, -228.5999999999999943 ) ) ;
#393 = EDGE_CURVE ( 'NONE', #45, #1704, #561, .T. ) ;
#394 = AXIS2_PLACEMENT_3D ( 'NONE', #379, #1267, #2163 ) ;
#395 = PLANE ( 'NONE',  #582 ) ;
#396 = VERTEX_POINT ( 'NONE', #313 ) ;
#397 = FACE_OUTER_BOUND ( 'NONE', #1720, .T. ) ;
#398 = CARTESIAN_POINT ( 'NONE',  ( 13.37499999999992006, 0.000000000000000000, -7.500000000000012434 ) ) ;
#399 = ORIENTED_EDGE ( 'NONE', *, *, #2634, .T. ) ;
#400 = DIRECTION ( 'NONE',  ( 0.000000000000000000, 0.000000000000000000, -1.000000000000000000 ) ) ;
#401 = CARTESIAN_POINT ( 'NONE',  ( 74.37499999999997158, 0.5000000000000000000, -144.5000000000000284 ) ) ;
#402 = CARTESIAN_POINT ( 'NONE',  ( -74.87499999999991473, 0.5000000000000000000, -18.00000000000000355 ) ) ;
#403 = EDGE_CURVE ( 'NONE', #1193, #1985, #346, .T. ) ;
#404 = PLANE ( 'NONE',  #2377 ) ;
#405 = DIRECTION ( 'NONE',  ( 0.000000000000000000, 0.000000000000000000, -1.000000000000000000 ) ) ;
#406 = CARTESIAN_POINT ( 'NONE',  ( -39.37499999999991473, 0.000000000000000000, -9.000000000000010658 ) ) ;
#407 = ORIENTED_EDGE ( 'NONE', *, *, #1182, .F. ) ;
#408 = CARTESIAN_POINT ( 'NONE',  ( 74.37499999999998579, 0.000000000000000000, -193.0000000000000000 ) ) ;
#409 = ORIENTED_EDGE ( 'NONE', *, *, #1800, .T. ) ;
#410 = CARTESIAN_POINT ( 'NONE',  ( 74.87499999999991473, 0.5000000000000000000, -19.49999999999998579 ) ) ;
#411 = VERTEX_POINT ( 'NONE', #1383 ) ;
#412 = EDGE_CURVE ( 'NONE', #136, #540, #1198, .T. ) ;
#413 = DIRECTION ( 'NONE',  ( 0.000000000000000000, 0.000000000000000000, 1.000000000000000000 ) ) ;
#414 = LINE ( 'NONE', #1071, #919 ) ;
#415 = DIRECTION ( 'NONE',  ( 0.000000000000000000, 1.000000000000000000, 0.000000000000000000 ) ) ;
#416 = CARTESIAN_POINT ( 'NONE',  ( -74.37499999999995737, 0.000000000000000000, -193.0000000000000000 ) ) ;
#417 = EDGE_CURVE ( 'NONE', #2344, #528, #2078, .T. ) ;
#418 = AXIS2_PLACEMENT_3D ( 'NONE', #194, #1495, #2161 ) ;
#419 = DIRECTION ( 'NONE',  ( -0.000000000000000000, -1.000000000000000000, -0.000000000000000000 ) ) ;
#420 = ORIENTED_EDGE ( 'NONE', *, *, #1990, .F. ) ;
#421 = CARTESIAN_POINT ( 'NONE',  ( -4.374999999999918288, 0.5000000000000000000, -5.000000000000018652 ) ) ;
#422 = LINE ( 'NONE', #1313, #2183 ) ;
#423 = CIRCLE ( 'NONE', #1574, 1.499999999999997780 ) ;
#424 = AXIS2_PLACEMENT_3D ( 'NONE', #1846, #2302, #982 ) ;
#425 = ORIENTED_EDGE ( 'NONE', *, *, #2396, .T. ) ;
#426 = CARTESIAN_POINT ( 'NONE',  ( 49.99999999999997158, 0.000000000000000000, -188.5999999999999659 ) ) ;
#427 = EDGE_LOOP ( 'NONE', ( #985, #2351, #847, #1405 ) ) ;
#428 = EDGE_CURVE ( 'NONE', #2526, #1870, #837, .T. ) ;
#429 = CARTESIAN_POINT ( 'NONE',  ( -74.37499999999994316, 0.5000000000000000000, -166.5000000000000000 ) ) ;
#430 = AXIS2_PLACEMENT_3D ( 'NONE', #753, #2289, #300 ) ;
#431 = LINE ( 'NONE', #221, #2185 ) ;
#432 = DIRECTION ( 'NONE',  ( 0.000000000000000000, 0.000000000000000000, -1.000000000000000000 ) ) ;
#433 = CARTESIAN_POINT ( 'NONE',  ( -65.20895390387087787, 0.5000000000000000000, 1.387778780781445676E-14 ) ) ;
#434 = ORIENTED_EDGE ( 'NONE', *, *, #1448, .F. ) ;
#435 = DIRECTION ( 'NONE',  ( 0.000000000000000000, 0.000000000000000000, 1.000000000000000000 ) ) ;
#436 = EDGE_LOOP ( 'NONE', ( #519, #2734 ) ) ;
#437 = FACE_OUTER_BOUND ( 'NONE', #2290, .T. ) ;
#438 = ORIENTED_EDGE ( 'NONE', *, *, #2293, .F. ) ;
#439 = ADVANCED_FACE ( 'NONE', ( #69 ), #517, .F. ) ;
#440 = VECTOR ( 'NONE', #304, 1000.000000000000000 ) ;
#441 = DIRECTION ( 'NONE',  ( 0.000000000000000000, -1.000000000000000000, 0.000000000000000000 ) ) ;
#442 = ORIENTED_EDGE ( 'NONE', *, *, #2667, .T. ) ;
#443 = AXIS2_PLACEMENT_3D ( 'NONE', #1104, #2233, #432 ) ;
#444 = CARTESIAN_POINT ( 'NONE',  ( -13.37499999999991829, 0.000000000000000000, -7.500000000000015099 ) ) ;
#445 = DIRECTION ( 'NONE',  ( -1.000000000000000000, 0.000000000000000000, -1.110223024625156540E-15 ) ) ;
#446 = CIRCLE ( 'NONE', #1288, 1.500000000000001332 ) ;
#447 = DIRECTION ( 'NONE',  ( -0.000000000000000000, -1.000000000000000000, -0.000000000000000000 ) ) ;
#448 = ORIENTED_EDGE ( 'NONE', *, *, #2269, .T. ) ;
#449 = EDGE_CURVE ( 'NONE', #763, #2434, #1474, .T. ) ;
#450 = CARTESIAN_POINT ( 'NONE',  ( -65.20895390387087787, 0.5000000000000000000, -14.16604609612900845 ) ) ;
#451 = EDGE_LOOP ( 'NONE', ( #1567, #456 ) ) ;
#452 = FACE_BOUND ( 'NONE', #686, .T. ) ;
#453 = EDGE_CURVE ( 'NONE', #1250, #1480, #849, .T. ) ;
#454 = VERTEX_POINT ( 'NONE', #177 ) ;
#455 = DIRECTION ( 'NONE',  ( -1.000000000000000000, 0.000000000000000000, -1.747899763146835923E-16 ) ) ;
#456 = ORIENTED_EDGE ( 'NONE', *, *, #2844, .F. ) ;
#457 = DIRECTION ( 'NONE',  ( 0.000000000000000000, 1.000000000000000000, 0.000000000000000000 ) ) ;
#458 = LINE ( 'NONE', #2672, #889 ) ;
#459 = DIRECTION ( 'NONE',  ( -0.000000000000000000, -1.000000000000000000, -0.000000000000000000 ) ) ;
#460 = AXIS2_PLACEMENT_3D ( 'NONE', #2580, #1939, #1732 ) ;
#461 = ORIENTED_EDGE ( 'NONE', *, *, #1326, .T. ) ;
#462 = PLANE ( 'NONE',  #255 ) ;
#463 =( LENGTH_UNIT ( ) NAMED_UNIT ( * ) SI_UNIT ( .MILLI., .METRE. ) );
#464 = DIRECTION ( 'NONE',  ( 0.000000000000000000, 0.000000000000000000, 1.000000000000000000 ) ) ;
#465 = VECTOR ( 'NONE', #974, 1000.000000000000000 ) ;
#466 = AXIS2_PLACEMENT_3D ( 'NONE', #2062, #98, #2257 ) ;
#467 = VECTOR ( 'NONE', #99, 1000.000000000000000 ) ;
#468 = EDGE_LOOP ( 'NONE', ( #861, #862, #93, #1431 ) ) ;
#469 = CYLINDRICAL_SURFACE ( 'NONE', #1737, 1.250000000000000222 ) ;
#470 = ORIENTED_EDGE ( 'NONE', *, *, #479, .T. ) ;
#471 = AXIS2_PLACEMENT_3D ( 'NONE', #608, #580, #191 ) ;
#472 = CARTESIAN_POINT ( 'NONE',  ( -13.37499999999991829, 0.5000000000000000000, -7.500000000000015099 ) ) ;
#473 = CARTESIAN_POINT ( 'NONE',  ( 13.37499999999992006, 0.5000000000000000000, -9.000000000000012434 ) ) ;
#474 = ADVANCED_FACE ( 'NONE', ( #1056 ), #830, .F. ) ;
#475 = AXIS2_PLACEMENT_3D ( 'NONE', #2467, #1572, #1777 ) ;
#476 = LINE ( 'NONE', #261, #790 ) ;
#477 = VERTEX_POINT ( 'NONE', #1729 ) ;
#478 = DIRECTION ( 'NONE',  ( 0.000000000000000000, 0.000000000000000000, 1.000000000000000000 ) ) ;
#479 = EDGE_CURVE ( 'NONE', #2437, #2070, #2825, .T. ) ;
#480 = EDGE_LOOP ( 'NONE', ( #2574, #1883, #1117, #1470 ) ) ;
#481 = FACE_BOUND ( 'NONE', #382, .T. ) ;
#482 = CIRCLE ( 'NONE', #1776, 1.250000000000000222 ) ;
#483 = EDGE_LOOP ( 'NONE', ( #147, #743, #2226, #782 ) ) ;
#484 = CARTESIAN_POINT ( 'NONE',  ( -39.37499999999991473, 0.5000000000000000000, -37.50000000000000711 ) ) ;
#485 = VERTEX_POINT ( 'NONE', #2363 ) ;
#486 = EDGE_CURVE ( 'NONE', #1923, #763, #1714, .T. ) ;
#487 = CARTESIAN_POINT ( 'NONE',  ( 79.37499999999992895, 0.5000000000000000000, -49.99999999999998579 ) ) ;
#488 = CARTESIAN_POINT ( 'NONE',  ( -49.99999999999994316, 0.5000000000000000000, -188.5999999999999943 ) ) ;
#489 = EDGE_CURVE ( 'NONE', #1648, #1203, #2186, .T. ) ;
#490 = CYLINDRICAL_SURFACE ( 'NONE', #1868, 1.250000000000001110 ) ;
#491 = EDGE_LOOP ( 'NONE', ( #2484, #2586, #2607, #504 ) ) ;
#492 = LINE ( 'NONE', #2677, #766 ) ;
#493 = CIRCLE ( 'NONE', #2301, 1.499999999999997780 ) ;
#494 = ORIENTED_EDGE ( 'NONE', *, *, #926, .T. ) ;
#495 = DIRECTION ( 'NONE',  ( -0.000000000000000000, -1.000000000000000000, -0.000000000000000000 ) ) ;
#496 = EDGE_CURVE ( 'NONE', #776, #2597, #2169, .T. ) ;
#497 = VERTEX_POINT ( 'NONE', #2803 ) ;
#498 = DIRECTION ( 'NONE',  ( 1.000000000000000000, 0.000000000000000000, 1.747899763146835923E-16 ) ) ;
#499 = ORIENTED_EDGE ( 'NONE', *, *, #638, .T. ) ;
#500 = DIRECTION ( 'NONE',  ( 1.000000000000000000, 0.000000000000000000, 0.000000000000000000 ) ) ;
#501 = CARTESIAN_POINT ( 'NONE',  ( -39.37499999999991473, 0.5000000000000000000, -37.50000000000000711 ) ) ;
#502 = CARTESIAN_POINT ( 'NONE',  ( -49.37499999999994316, 0.000000000000000000, -118.0000000000000000 ) ) ;
#503 = ORIENTED_EDGE ( 'NONE', *, *, #119, .T. ) ;
#504 = ORIENTED_EDGE ( 'NONE', *, *, #2391, .F. ) ;
#505 = EDGE_CURVE ( 'NONE', #1013, #1724, #981, .T. ) ;
#506 = CARTESIAN_POINT ( 'NONE',  ( -39.37499999999991473, 0.000000000000000000, -37.50000000000000711 ) ) ;
#507 = CARTESIAN_POINT ( 'NONE',  ( -49.99999999999994316, 0.5000000000000000000, -188.5999999999999659 ) ) ;
#508 = EDGE_CURVE ( 'NONE', #411, #709, #101, .T. ) ;
#509 = AXIS2_PLACEMENT_3D ( 'NONE', #38, #1581, #2241 ) ;
#510 = ORIENTED_EDGE ( 'NONE', *, *, #1960, .T. ) ;
#511 = DIRECTION ( 'NONE',  ( -0.000000000000000000, 1.000000000000000000, -0.000000000000000000 ) ) ;
#512 = ORIENTED_EDGE ( 'NONE', *, *, #669, .T. ) ;
#513 = CIRCLE ( 'NONE', #1856, 1.500000000000001332 ) ;
#514 = CIRCLE ( 'NONE', #1391, 14.70000000000000462 ) ;
#515 = AXIS2_PLACEMENT_3D ( 'NONE', #1402, #2752, #58 ) ;
#516 = LINE ( 'NONE', #2077, #333 ) ;
#517 = CYLINDRICAL_SURFACE ( 'NONE', #2465, 1.500000000000001332 ) ;
#518 = PLANE ( 'NONE',  #2242 ) ;
#519 = ORIENTED_EDGE ( 'NONE', *, *, #2676, .T. ) ;
#520 = DIRECTION ( 'NONE',  ( 0.000000000000000000, -1.000000000000000000, 0.000000000000000000 ) ) ;
#521 = ORIENTED_EDGE ( 'NONE', *, *, #914, .F. ) ;
#522 = DIRECTION ( 'NONE',  ( -0.000000000000000000, -1.000000000000000000, -0.000000000000000000 ) ) ;
#523 = CARTESIAN_POINT ( 'NONE',  ( 74.37499999999997158, 0.5000000000000000000, -169.5000000000000000 ) ) ;
#524 = AXIS2_PLACEMENT_3D ( 'NONE', #1756, #2436, #1741 ) ;
#525 = ORIENTED_EDGE ( 'NONE', *, *, #1295, .F. ) ;
#526 = EDGE_CURVE ( 'NONE', #2597, #2099, #319, .T. ) ;
#527 = FACE_BOUND ( 'NONE', #549, .T. ) ;
#528 = VERTEX_POINT ( 'NONE', #2816 ) ;
#529 = VECTOR ( 'NONE', #251, 1000.000000000000000 ) ;
#530 = CARTESIAN_POINT ( 'NONE',  ( 79.37499999999995737, 0.000000000000000000, -132.7000000000000171 ) ) ;
#531 = CYLINDRICAL_SURFACE ( 'NONE', #988, 1.500000000000003997 ) ;
#532 = CARTESIAN_POINT ( 'NONE',  ( -73.95259998431579618, 0.000000000000000000, -211.6437262863844353 ) ) ;
#533 = ORIENTED_EDGE ( 'NONE', *, *, #355, .F. ) ;
#534 = DIRECTION ( 'NONE',  ( -0.000000000000000000, -1.000000000000000000, -0.000000000000000000 ) ) ;
#535 = CARTESIAN_POINT ( 'NONE',  ( 13.37499999999992006, 0.000000000000000000, -9.000000000000012434 ) ) ;
#536 = EDGE_CURVE ( 'NONE', #2850, #2529, #414, .T. ) ;
#537 = DIRECTION ( 'NONE',  ( 0.000000000000000000, 0.000000000000000000, 1.000000000000000000 ) ) ;
#538 = CARTESIAN_POINT ( 'NONE',  ( -49.99999999999994316, 0.5000000000000000000, -187.3499999999999375 ) ) ;
#539 = AXIS2_PLACEMENT_3D ( 'NONE', #635, #1316, #1052 ) ;
#540 = VERTEX_POINT ( 'NONE', #2609 ) ;
#541 = FACE_BOUND ( 'NONE', #787, .T. ) ;
#542 = EDGE_LOOP ( 'NONE', ( #1830, #2765 ) ) ;
#543 = EDGE_CURVE ( 'NONE', #2603, #2207, #1951, .T. ) ;
#544 = CARTESIAN_POINT ( 'NONE',  ( 13.37499999999992006, 0.000000000000000000, -6.000000000000012434 ) ) ;
#545 = DIRECTION ( 'NONE',  ( -0.000000000000000000, -1.000000000000000000, -0.000000000000000000 ) ) ;
#546 = FACE_OUTER_BOUND ( 'NONE', #555, .T. ) ;
#547 = ORIENTED_EDGE ( 'NONE', *, *, #1353, .F. ) ;
#548 = DIRECTION ( 'NONE',  ( 0.000000000000000000, 0.000000000000000000, -1.000000000000000000 ) ) ;
#549 = EDGE_LOOP ( 'NONE', ( #1091, #1525 ) ) ;
#550 = ADVANCED_FACE ( 'NONE', ( #1305 ), #2199, .T. ) ;
#551 = VECTOR ( 'NONE', #163, 1000.000000000000000 ) ;
#552 = CARTESIAN_POINT ( 'NONE',  ( -79.37499999999998579, 0.5000000000000000000, -193.7860499750869678 ) ) ;
#553 = ORIENTED_EDGE ( 'NONE', *, *, #1455, .T. ) ;
#554 = LINE ( 'NONE', #2296, #2418 ) ;
#555 = EDGE_LOOP ( 'NONE', ( #2260, #1409, #510, #2429 ) ) ;
#556 = DIRECTION ( 'NONE',  ( 0.000000000000000000, -1.000000000000000000, 0.000000000000000000 ) ) ;
#557 = VERTEX_POINT ( 'NONE', #1461 ) ;
#558 = VECTOR ( 'NONE', #756, 1000.000000000000000 ) ;
#559 = ADVANCED_FACE ( 'NONE', ( #2349 ), #591, .F. ) ;
#560 = VECTOR ( 'NONE', #2674, 1000.000000000000000 ) ;
#561 = LINE ( 'NONE', #2494, #2331 ) ;
#562 = VECTOR ( 'NONE', #1632, 1000.000000000000000 ) ;
#563 = VECTOR ( 'NONE', #1603, 1000.000000000000000 ) ;
#564 = ORIENTED_EDGE ( 'NONE', *, *, #603, .F. ) ;
#565 = ADVANCED_FACE ( 'NONE', ( #2767 ), #2278, .F. ) ;
#566 = CARTESIAN_POINT ( 'NONE',  ( -39.37499999999991473, 0.5000000000000000000, -7.500000000000007105 ) ) ;
#567 = CARTESIAN_POINT ( 'NONE',  ( -9.188135391866486756, 0.5000000000000000000, -228.1714929705271118 ) ) ;
#568 = CARTESIAN_POINT ( 'NONE',  ( 74.37499999999997158, 0.5000000000000000000, -143.0000000000000284 ) ) ;
#569 = AXIS2_PLACEMENT_3D ( 'NONE', #2101, #2042, #108 ) ;
#570 = VERTEX_POINT ( 'NONE', #290 ) ;
#571 = LINE ( 'NONE', #523, #2229 ) ;
#572 = VECTOR ( 'NONE', #2000, 1000.000000000000000 ) ;
#573 = ORIENTED_EDGE ( 'NONE', *, *, #496, .F. ) ;
#574 = CARTESIAN_POINT ( 'NONE',  ( -79.37499999999992895, 0.5000000000000000000, -132.7000000000000171 ) ) ;
#575 = ORIENTED_EDGE ( 'NONE', *, *, #2198, .F. ) ;
#576 = EDGE_CURVE ( 'NONE', #1726, #1193, #2171, .T. ) ;
#577 = CARTESIAN_POINT ( 'NONE',  ( 73.95259998431582460, 0.5000000000000000000, -211.6437262863844353 ) ) ;
#578 = VECTOR ( 'NONE', #6, 1000.000000000000000 ) ;
#579 = ORIENTED_EDGE ( 'NONE', *, *, #428, .F. ) ;
#580 = DIRECTION ( 'NONE',  ( -0.000000000000000000, -1.000000000000000000, -0.000000000000000000 ) ) ;
#581 = VERTEX_POINT ( 'NONE', #741 ) ;
#582 = AXIS2_PLACEMENT_3D ( 'NONE', #810, #629, #1927 ) ;
#583 = EDGE_CURVE ( 'NONE', #763, #1923, #687, .T. ) ;
#584 = DIRECTION ( 'NONE',  ( -0.000000000000000000, -1.000000000000000000, -0.000000000000000000 ) ) ;
#585 = ORIENTED_EDGE ( 'NONE', *, *, #2676, .F. ) ;
#586 = DIRECTION ( 'NONE',  ( 0.000000000000000000, 0.000000000000000000, 1.000000000000000000 ) ) ;
#587 = ORIENTED_EDGE ( 'NONE', *, *, #968, .F. ) ;
#588 = LINE ( 'NONE', #574, #37 ) ;
#589 = ORIENTED_EDGE ( 'NONE', *, *, #508, .F. ) ;
#590 = AXIS2_PLACEMENT_3D ( 'NONE', #2631, #383, #845 ) ;
#591 = PLANE ( 'NONE',  #1937 ) ;
#592 = ORIENTED_EDGE ( 'NONE', *, *, #835, .T. ) ;
#593 = CYLINDRICAL_SURFACE ( 'NONE', #886, 1.500000000000001332 ) ;
#594 = CYLINDRICAL_SURFACE ( 'NONE', #2112, 1.500000000000001332 ) ;
#595 = LINE ( 'NONE', #1061, #1072 ) ;
#596 = ORIENTED_EDGE ( 'NONE', *, *, #850, .F. ) ;
#597 = CARTESIAN_POINT ( 'NONE',  ( -65.20895390387087787, 0.000000000000000000, -14.16604609612900845 ) ) ;
#598 = FACE_OUTER_BOUND ( 'NONE', #2708, .T. ) ;
#599 = EDGE_CURVE ( 'NONE', #800, #477, #90, .T. ) ;
#600 = ORIENTED_EDGE ( 'NONE', *, *, #1384, .F. ) ;
#601 = DIRECTION ( 'NONE',  ( 0.000000000000000000, 0.000000000000000000, 1.000000000000000000 ) ) ;
#602 = ORIENTED_EDGE ( 'NONE', *, *, #1376, .F. ) ;
#603 = EDGE_CURVE ( 'NONE', #2742, #301, #1811, .T. ) ;
#604 = LINE ( 'NONE', #876, #1128 ) ;
#605 = CARTESIAN_POINT ( 'NONE',  ( 54.66045604183072015, 0.5000000000000000000, -223.6018425576303912 ) ) ;
#606 = AXIS2_PLACEMENT_3D ( 'NONE', #2343, #1900, #730 ) ;
#607 = ORIENTED_EDGE ( 'NONE', *, *, #1028, .T. ) ;
#608 = CARTESIAN_POINT ( 'NONE',  ( 74.87499999999992895, 0.000000000000000000, -42.99999999999999289 ) ) ;
#609 = CARTESIAN_POINT ( 'NONE',  ( 12.87499999999992539, 0.5000000000000000000, -39.00000000000001421 ) ) ;
#610 = CIRCLE ( 'NONE', #2230, 1.500000000000001332 ) ;
#611 = AXIS2_PLACEMENT_3D ( 'NONE', #145, #372, #1518 ) ;
#612 = DIRECTION ( 'NONE',  ( 0.000000000000000000, 0.000000000000000000, -1.000000000000000000 ) ) ;
#613 = ORIENTED_EDGE ( 'NONE', *, *, #51, .F. ) ;
#614 = EDGE_CURVE ( 'NONE', #2157, #1786, #2335, .T. ) ;
#615 = FACE_OUTER_BOUND ( 'NONE', #1757, .T. ) ;
#616 = VECTOR ( 'NONE', #1263, 1000.000000000000000 ) ;
#617 = ORIENTED_EDGE ( 'NONE', *, *, #278, .T. ) ;
#618 = DIRECTION ( 'NONE',  ( -0.000000000000000000, -1.000000000000000000, -0.000000000000000000 ) ) ;
#619 = ORIENTED_EDGE ( 'NONE', *, *, #914, .T. ) ;
#620 = AXIS2_PLACEMENT_3D ( 'NONE', #1372, #1154, #18 ) ;
#621 = EDGE_CURVE ( 'NONE', #557, #45, #340, .T. ) ;
#622 = ORIENTED_EDGE ( 'NONE', *, *, #1926, .T. ) ;
#623 = FACE_OUTER_BOUND ( 'NONE', #2520, .T. ) ;
#624 = CARTESIAN_POINT ( 'NONE',  ( 3.769684451083469194E-14, 0.5000000000000000000, -228.5999999999999943 ) ) ;
#625 = AXIS2_PLACEMENT_3D ( 'NONE', #955, #940, #1848 ) ;
#626 = CARTESIAN_POINT ( 'NONE',  ( 73.95259998431582460, 0.000000000000000000, -211.6437262863844353 ) ) ;
#627 = DIRECTION ( 'NONE',  ( 0.000000000000000000, 0.000000000000000000, 1.000000000000000000 ) ) ;
#628 = CIRCLE ( 'NONE', #713, 1.500000000000001332 ) ;
#629 = DIRECTION ( 'NONE',  ( 5.551115123125782702E-16, -0.000000000000000000, 1.000000000000000000 ) ) ;
#630 = ORIENTED_EDGE ( 'NONE', *, *, #835, .F. ) ;
#631 = DIRECTION ( 'NONE',  ( 0.000000000000000000, 0.000000000000000000, -1.000000000000000000 ) ) ;
#632 = LINE ( 'NONE', #2839, #97 ) ;
#633 = ADVANCED_FACE ( 'NONE', ( #276 ), #1160, .F. ) ;
#634 = ORIENTED_EDGE ( 'NONE', *, *, #20, .F. ) ;
#635 = CARTESIAN_POINT ( 'NONE',  ( 49.99999999999997158, 0.5000000000000000000, -187.3499999999999375 ) ) ;
#636 = CARTESIAN_POINT ( 'NONE',  ( 39.37499999999992895, 0.5000000000000000000, -69.00000000000000000 ) ) ;
#637 = DIRECTION ( 'NONE',  ( 0.000000000000000000, 0.000000000000000000, 1.000000000000000000 ) ) ;
#638 = EDGE_CURVE ( 'NONE', #994, #1122, #1190, .T. ) ;
#639 = CARTESIAN_POINT ( 'NONE',  ( 4.374999999999919176, 0.5000000000000000000, -6.250000000000017764 ) ) ;
#640 = PLANE ( 'NONE',  #2079 ) ;
#641 = CARTESIAN_POINT ( 'NONE',  ( 12.87499999999993072, 0.5000000000000000000, -69.00000000000000000 ) ) ;
#642 = ORIENTED_EDGE ( 'NONE', *, *, #2315, .F. ) ;
#643 = DIRECTION ( 'NONE',  ( 0.000000000000000000, -1.000000000000000000, 0.000000000000000000 ) ) ;
#644 = EDGE_CURVE ( 'NONE', #81, #2727, #1081, .T. ) ;
#645 = ORIENTED_EDGE ( 'NONE', *, *, #878, .T. ) ;
#646 = CARTESIAN_POINT ( 'NONE',  ( 12.87499999999993072, 0.000000000000000000, -67.50000000000000000 ) ) ;
#647 = VERTEX_POINT ( 'NONE', #62 ) ;
#648 = CARTESIAN_POINT ( 'NONE',  ( 74.37499999999997158, 0.000000000000000000, -143.0000000000000284 ) ) ;
#649 = CARTESIAN_POINT ( 'NONE',  ( -39.37499999999991473, 0.5000000000000000000, -36.00000000000000711 ) ) ;
#650 = DIRECTION ( 'NONE',  ( -0.000000000000000000, -1.000000000000000000, -0.000000000000000000 ) ) ;
#651 = EDGE_CURVE ( 'NONE', #2284, #1354, #1955, .T. ) ;
#652 = LINE ( 'NONE', #1335, #572 ) ;
#653 = ORIENTED_EDGE ( 'NONE', *, *, #1893, .T. ) ;
#654 = DIRECTION ( 'NONE',  ( 0.000000000000000000, 0.000000000000000000, -1.000000000000000000 ) ) ;
#655 = VECTOR ( 'NONE', #1247, 1000.000000000000000 ) ;
#656 = AXIS2_PLACEMENT_3D ( 'NONE', #771, #724, #2291 ) ;
#657 = ORIENTED_EDGE ( 'NONE', *, *, #2064, .F. ) ;
#658 = FACE_OUTER_BOUND ( 'NONE', #373, .T. ) ;
#659 = CARTESIAN_POINT ( 'NONE',  ( 49.37499999999996447, 0.5000000000000000000, -117.9999999999999858 ) ) ;
#660 = ORIENTED_EDGE ( 'NONE', *, *, #2105, .T. ) ;
#661 = EDGE_CURVE ( 'NONE', #2751, #2196, #125, .T. ) ;
#662 = AXIS2_PLACEMENT_3D ( 'NONE', #1289, #2846, #2168 ) ;
#663 = FACE_OUTER_BOUND ( 'NONE', #112, .T. ) ;
#664 = CARTESIAN_POINT ( 'NONE',  ( -49.37499999999994316, 0.5000000000000000000, -118.0000000000000000 ) ) ;
#665 = CARTESIAN_POINT ( 'NONE',  ( -39.37499999999991473, 0.5000000000000000000, -69.00000000000000000 ) ) ;
#666 = EDGE_LOOP ( 'NONE', ( #1656, #1596, #280, #1415 ) ) ;
#667 = CARTESIAN_POINT ( 'NONE',  ( -49.99999999999994316, 0.000000000000000000, -179.5999999999999091 ) ) ;
#668 = DIRECTION ( 'NONE',  ( -0.000000000000000000, -1.000000000000000000, -0.000000000000000000 ) ) ;
#669 = EDGE_CURVE ( 'NONE', #1923, #796, #1639, .T. ) ;
#670 = VECTOR ( 'NONE', #884, 1000.000000000000000 ) ;
#671 = FACE_BOUND ( 'NONE', #1754, .T. ) ;
#672 = ORIENTED_EDGE ( 'NONE', *, *, #327, .F. ) ;
#673 = LINE ( 'NONE', #2682, #1651 ) ;
#674 = ORIENTED_EDGE ( 'NONE', *, *, #2167, .T. ) ;
#675 = CARTESIAN_POINT ( 'NONE',  ( -49.99999999999994316, 0.000000000000000000, -177.0999999999999375 ) ) ;
#676 = DIRECTION ( 'NONE',  ( 0.000000000000000000, 0.000000000000000000, -1.000000000000000000 ) ) ;
#677 = AXIS2_PLACEMENT_3D ( 'NONE', #1697, #2166, #175 ) ;
#678 = FACE_OUTER_BOUND ( 'NONE', #2346, .T. ) ;
#679 = ORIENTED_EDGE ( 'NONE', *, *, #1926, .F. ) ;
#680 = DIRECTION ( 'NONE',  ( 0.000000000000000000, 0.000000000000000000, -1.000000000000000000 ) ) ;
#681 = ORIENTED_EDGE ( 'NONE', *, *, #1566, .F. ) ;
#682 = FACE_BOUND ( 'NONE', #2786, .T. ) ;
#683 = ORIENTED_EDGE ( 'NONE', *, *, #2856, .T. ) ;
#684 = EDGE_CURVE ( 'NONE', #14, #1225, #2438, .T. ) ;
#685 = DIRECTION ( 'NONE',  ( 0.000000000000000000, 1.000000000000000000, 0.000000000000000000 ) ) ;
#686 = EDGE_LOOP ( 'NONE', ( #1496, #1482, #1692, #1933 ) ) ;
#687 = CIRCLE ( 'NONE', #1065, 1.500000000000003997 ) ;
#688 = CARTESIAN_POINT ( 'NONE',  ( 79.37499999999995737, 0.5000000000000000000, -132.7000000000000171 ) ) ;
#689 = FACE_OUTER_BOUND ( 'NONE', #2004, .T. ) ;
#690 = CARTESIAN_POINT ( 'NONE',  ( -74.37499999999994316, 0.5000000000000000000, -169.5000000000000000 ) ) ;
#691 = CIRCLE ( 'NONE', #2318, 1.499999999999994449 ) ;
#692 = VERTEX_POINT ( 'NONE', #1389 ) ;
#693 = LINE ( 'NONE', #2443, #2842 ) ;
#694 = DIRECTION ( 'NONE',  ( 0.000000000000000000, 0.000000000000000000, 1.000000000000000000 ) ) ;
#695 = VECTOR ( 'NONE', #1746, 1000.000000000000000 ) ;
#696 = ADVANCED_FACE ( 'NONE', ( #1840 ), #1620, .F. ) ;
#697 = FACE_BOUND ( 'NONE', #2125, .T. ) ;
#698 = AXIS2_PLACEMENT_3D ( 'NONE', #538, #322, #2087 ) ;
#699 = CIRCLE ( 'NONE', #241, 1.500000000000001332 ) ;
#700 = AXIS2_PLACEMENT_3D ( 'NONE', #402, #1715, #1699 ) ;
#701 = EDGE_LOOP ( 'NONE', ( #2442, #575, #166, #2799 ) ) ;
#702 = CARTESIAN_POINT ( 'NONE',  ( 39.37499999999991473, 0.000000000000000000, -7.500000000000000888 ) ) ;
#703 = VERTEX_POINT ( 'NONE', #2514 ) ;
#704 = EDGE_CURVE ( 'NONE', #765, #141, #1653, .T. ) ;
#705 = AXIS2_PLACEMENT_3D ( 'NONE', #2723, #522, #1826 ) ;
#706 = FACE_OUTER_BOUND ( 'NONE', #2663, .T. ) ;
#707 = CARTESIAN_POINT ( 'NONE',  ( 12.87499999999992539, 0.5000000000000000000, -39.00000000000001421 ) ) ;
#708 = CARTESIAN_POINT ( 'NONE',  ( 64.67499999999995453, 0.000000000000000000, -118.0000000000000000 ) ) ;
#709 = VERTEX_POINT ( 'NONE', #2128 ) ;
#710 = CARTESIAN_POINT ( 'NONE',  ( -74.37499999999995737, 0.5000000000000000000, -194.5000000000000000 ) ) ;
#711 = DIRECTION ( 'NONE',  ( 0.000000000000000000, 0.000000000000000000, 1.000000000000000000 ) ) ;
#712 = CARTESIAN_POINT ( 'NONE',  ( -74.37499999999994316, 0.5000000000000000000, -169.5000000000000000 ) ) ;
#713 = AXIS2_PLACEMENT_3D ( 'NONE', #1511, #1298, #184 ) ;
#714 = ORIENTED_EDGE ( 'NONE', *, *, #1642, .F. ) ;
#715 = CARTESIAN_POINT ( 'NONE',  ( 2.260144074701980317E-15, 0.5000000000000000000, -228.5999999999999943 ) ) ;
#716 = VERTEX_POINT ( 'NONE', #137 ) ;
#717 = VECTOR ( 'NONE', #797, 1000.000000000000000 ) ;
#718 = EDGE_CURVE ( 'NONE', #1851, #1106, #1018, .T. ) ;
#719 = DIRECTION ( 'NONE',  ( 0.000000000000000000, 0.000000000000000000, 1.000000000000000000 ) ) ;
#720 = DIRECTION ( 'NONE',  ( 0.000000000000000000, 1.000000000000000000, 0.000000000000000000 ) ) ;
#721 = EDGE_CURVE ( 'NONE', #1630, #964, #808, .T. ) ;
#722 = DIRECTION ( 'NONE',  ( 4.081702296416016983E-16, 0.000000000000000000, 1.000000000000000000 ) ) ;
#723 = ORIENTED_EDGE ( 'NONE', *, *, #1494, .F. ) ;
#724 = DIRECTION ( 'NONE',  ( 0.000000000000000000, 1.000000000000000000, 0.000000000000000000 ) ) ;
#725 = DIRECTION ( 'NONE',  ( 1.000000000000000000, 0.000000000000000000, 0.000000000000000000 ) ) ;
#726 = AXIS2_PLACEMENT_3D ( 'NONE', #2152, #160, #1976 ) ;
#727 = AXIS2_PLACEMENT_3D ( 'NONE', #2160, #867, #2807 ) ;
#728 = CARTESIAN_POINT ( 'NONE',  ( -39.37499999999991473, 0.5000000000000000000, -7.500000000000007105 ) ) ;
#729 = EDGE_CURVE ( 'NONE', #45, #557, #1092, .T. ) ;
#730 = DIRECTION ( 'NONE',  ( 0.000000000000000000, 0.000000000000000000, -1.000000000000000000 ) ) ;
#731 = ORIENTED_EDGE ( 'NONE', *, *, #505, .T. ) ;
#732 = FACE_OUTER_BOUND ( 'NONE', #739, .T. ) ;
#733 = VERTEX_POINT ( 'NONE', #838 ) ;
#734 = CARTESIAN_POINT ( 'NONE',  ( -13.37499999999991829, 0.000000000000000000, -7.500000000000015099 ) ) ;
#735 = DIRECTION ( 'NONE',  ( -0.000000000000000000, -1.000000000000000000, -0.000000000000000000 ) ) ;
#736 = DIRECTION ( 'NONE',  ( 0.000000000000000000, -1.000000000000000000, 0.000000000000000000 ) ) ;
#737 = ORIENTED_EDGE ( 'NONE', *, *, #752, .T. ) ;
#738 = CARTESIAN_POINT ( 'NONE',  ( 64.67499999999995453, 0.5000000000000000000, -118.0000000000000000 ) ) ;
#739 = EDGE_LOOP ( 'NONE', ( #1363, #814, #2131, #1916 ) ) ;
#740 = ADVANCED_FACE ( 'NONE', ( #1236 ), #1265, .F. ) ;
#741 = CARTESIAN_POINT ( 'NONE',  ( 74.37499999999997158, 0.000000000000000000, -166.5000000000000000 ) ) ;
#742 = DIRECTION ( 'NONE',  ( 0.000000000000000000, -1.000000000000000000, 0.000000000000000000 ) ) ;
#743 = ORIENTED_EDGE ( 'NONE', *, *, #2143, .T. ) ;
#744 = EDGE_LOOP ( 'NONE', ( #2021, #1099 ) ) ;
#745 = FACE_BOUND ( 'NONE', #1386, .T. ) ;
#746 = EDGE_LOOP ( 'NONE', ( #337, #2852, #50, #789 ) ) ;
#747 = AXIS2_PLACEMENT_3D ( 'NONE', #2671, #415, #2188 ) ;
#748 =( GEOMETRIC_REPRESENTATION_CONTEXT ( 3 ) GLOBAL_UNCERTAINTY_ASSIGNED_CONTEXT ( ( #2405 ) ) GLOBAL_UNIT_ASSIGNED_CONTEXT ( ( #123, #1884, #302 ) ) REPRESENTATION_CONTEXT ( 'NONE', 'WORKASPACE' ) );
#749 = CARTESIAN_POINT ( 'NONE',  ( 39.37499999999992895, 0.5000000000000000000, -66.00000000000000000 ) ) ;
#750 = CARTESIAN_POINT ( 'NONE',  ( 39.37499999999992895, 0.000000000000000000, -67.50000000000000000 ) ) ;
#751 = AXIS2_PLACEMENT_3D ( 'NONE', #416, #1718, #1744 ) ;
#752 = EDGE_CURVE ( 'NONE', #371, #716, #1231, .T. ) ;
#753 = CARTESIAN_POINT ( 'NONE',  ( 13.37499999999992006, 0.5000000000000000000, -7.500000000000012434 ) ) ;
#754 = ORIENTED_EDGE ( 'NONE', *, *, #2718, .F. ) ;
#755 = DIRECTION ( 'NONE',  ( -0.000000000000000000, -1.000000000000000000, -0.000000000000000000 ) ) ;
#756 = DIRECTION ( 'NONE',  ( 0.000000000000000000, -1.000000000000000000, 0.000000000000000000 ) ) ;
#757 = AXIS2_PLACEMENT_3D ( 'NONE', #1184, #2063, #1169 ) ;
#758 = DIRECTION ( 'NONE',  ( -0.000000000000000000, -1.000000000000000000, -0.000000000000000000 ) ) ;
#759 = ORIENTED_EDGE ( 'NONE', *, *, #1619, .F. ) ;
#760 = CARTESIAN_POINT ( 'NONE',  ( -12.87499999999991829, 0.5000000000000000000, -69.00000000000000000 ) ) ;
#761 = AXIS2_PLACEMENT_3D ( 'NONE', #2052, #2319, #1647 ) ;
#762 = EDGE_CURVE ( 'NONE', #497, #1480, #351, .T. ) ;
#763 = VERTEX_POINT ( 'NONE', #1249 ) ;
#764 = FACE_BOUND ( 'NONE', #321, .T. ) ;
#765 = VERTEX_POINT ( 'NONE', #2175 ) ;
#766 = VECTOR ( 'NONE', #2651, 1000.000000000000000 ) ;
#767 = DIRECTION ( 'NONE',  ( -5.829602059562853645E-16, 0.000000000000000000, 1.000000000000000000 ) ) ;
#768 = LINE ( 'NONE', #1633, #2382 ) ;
#769 = DIRECTION ( 'NONE',  ( 0.000000000000000000, -1.000000000000000000, 0.000000000000000000 ) ) ;
#770 = EDGE_LOOP ( 'NONE', ( #2113, #1773, #602, #2392 ) ) ;
#771 = CARTESIAN_POINT ( 'NONE',  ( -4.374999999999918288, 0.000000000000000000, -5.000000000000018652 ) ) ;
#772 = ORIENTED_EDGE ( 'NONE', *, *, #2780, .F. ) ;
#773 = DIRECTION ( 'NONE',  ( -0.000000000000000000, -1.000000000000000000, -0.000000000000000000 ) ) ;
#774 = ORIENTED_EDGE ( 'NONE', *, *, #218, .F. ) ;
#775 = DIRECTION ( 'NONE',  ( -0.000000000000000000, -0.000000000000000000, 1.000000000000000000 ) ) ;
#776 = VERTEX_POINT ( 'NONE', #2835 ) ;
#777 = PLANE ( 'NONE',  #1418 ) ;
#778 = ORIENTED_EDGE ( 'NONE', *, *, #2240, .T. ) ;
#779 = EDGE_CURVE ( 'NONE', #201, #2297, #2614, .T. ) ;
#780 = FACE_OUTER_BOUND ( 'NONE', #2582, .T. ) ;
#781 = CARTESIAN_POINT ( 'NONE',  ( 49.99999999999997158, 0.5000000000000000000, -178.3499999999999375 ) ) ;
#782 = ORIENTED_EDGE ( 'NONE', *, *, #1222, .T. ) ;
#783 = PRESENTATION_STYLE_ASSIGNMENT (( #1004 ) ) ;
#784 = ORIENTED_EDGE ( 'NONE', *, *, #1642, .T. ) ;
#785 = DIRECTION ( 'NONE',  ( 0.000000000000000000, 0.000000000000000000, 1.000000000000000000 ) ) ;
#786 = EDGE_CURVE ( 'NONE', #843, #2751, #1323, .T. ) ;
#787 = EDGE_LOOP ( 'NONE', ( #2764, #2032 ) ) ;
#788 = CARTESIAN_POINT ( 'NONE',  ( -49.37499999999994316, 0.000000000000000000, -118.0000000000000000 ) ) ;
#789 = ORIENTED_EDGE ( 'NONE', *, *, #920, .T. ) ;
#790 = VECTOR ( 'NONE', #459, 1000.000000000000000 ) ;
#791 = CARTESIAN_POINT ( 'NONE',  ( 9.188135391866527613, 0.5000000000000000000, -228.1714929705271118 ) ) ;
#792 = EDGE_CURVE ( 'NONE', #2099, #1805, #2627, .T. ) ;
#793 = VECTOR ( 'NONE', #2716, 1000.000000000000000 ) ;
#794 = ORIENTED_EDGE ( 'NONE', *, *, #327, .T. ) ;
#795 = CARTESIAN_POINT ( 'NONE',  ( -12.87499999999991829, 0.5000000000000000000, -66.00000000000000000 ) ) ;
#796 = VERTEX_POINT ( 'NONE', #406 ) ;
#797 = DIRECTION ( 'NONE',  ( -0.000000000000000000, -1.000000000000000000, -0.000000000000000000 ) ) ;
#798 = DIRECTION ( 'NONE',  ( 0.000000000000000000, 0.000000000000000000, -1.000000000000000000 ) ) ;
#799 = AXIS2_PLACEMENT_3D ( 'NONE', #895, #1778, #2510 ) ;
#800 = VERTEX_POINT ( 'NONE', #1452 ) ;
#801 = CYLINDRICAL_SURFACE ( 'NONE', #1787, 1.500000000000001332 ) ;
#802 = VERTEX_POINT ( 'NONE', #1898 ) ;
#803 = DIRECTION ( 'NONE',  ( 0.000000000000000000, 0.000000000000000000, 1.000000000000000000 ) ) ;
#804 = ADVANCED_FACE ( 'NONE', ( #1046 ), #395, .F. ) ;
#805 = ORIENTED_EDGE ( 'NONE', *, *, #2808, .T. ) ;
#806 = CARTESIAN_POINT ( 'NONE',  ( 39.37499999999991473, 0.5000000000000000000, -7.500000000000000888 ) ) ;
#807 = CARTESIAN_POINT ( 'NONE',  ( 12.87499999999993072, 0.5000000000000000000, -67.50000000000000000 ) ) ;
#808 = CIRCLE ( 'NONE', #951, 1.500000000000001332 ) ;
#809 = ADVANCED_FACE ( 'NONE', ( #2342 ), #1509, .F. ) ;
#810 = CARTESIAN_POINT ( 'NONE',  ( -49.99999999999994316, 0.5000000000000000000, -177.0999999999999375 ) ) ;
#811 = ORIENTED_EDGE ( 'NONE', *, *, #1954, .F. ) ;
#812 = DIRECTION ( 'NONE',  ( 0.000000000000000000, 1.000000000000000000, 0.000000000000000000 ) ) ;
#813 = CARTESIAN_POINT ( 'NONE',  ( -74.37499999999995737, 0.5000000000000000000, -194.5000000000000000 ) ) ;
#814 = ORIENTED_EDGE ( 'NONE', *, *, #2328, .F. ) ;
#815 = DIRECTION ( 'NONE',  ( 0.000000000000000000, -1.000000000000000000, 0.000000000000000000 ) ) ;
#816 = ORIENTED_EDGE ( 'NONE', *, *, #2051, .T. ) ;
#817 = DIRECTION ( 'NONE',  ( 0.000000000000000000, -1.000000000000000000, 0.000000000000000000 ) ) ;
#818 = ORIENTED_EDGE ( 'NONE', *, *, #2463, .F. ) ;
#819 = DIRECTION ( 'NONE',  ( 5.829602059562853645E-16, 0.000000000000000000, -1.000000000000000000 ) ) ;
#820 = FACE_OUTER_BOUND ( 'NONE', #746, .T. ) ;
#821 = CARTESIAN_POINT ( 'NONE',  ( 74.87499999999991473, 0.5000000000000000000, -16.49999999999998934 ) ) ;
#822 = EDGE_LOOP ( 'NONE', ( #962, #2819, #573, #1356 ) ) ;
#823 = LINE ( 'NONE', #2356, #2684 ) ;
#824 = ADVANCED_FACE ( 'NONE', ( #1296 ), #182, .F. ) ;
#825 = EDGE_LOOP ( 'NONE', ( #425, #1442 ) ) ;
#826 = DIRECTION ( 'NONE',  ( 1.000000000000000000, 0.000000000000000000, -4.081702296416016983E-16 ) ) ;
#827 = CIRCLE ( 'NONE', #2459, 1.249999999999973355 ) ;
#828 = ORIENTED_EDGE ( 'NONE', *, *, #1307, .T. ) ;
#829 = FACE_OUTER_BOUND ( 'NONE', #1450, .T. ) ;
#830 = CYLINDRICAL_SURFACE ( 'NONE', #700, 1.499999999999997780 ) ;
#831 = AXIS2_PLACEMENT_3D ( 'NONE', #1706, #2812, #2371 ) ;
#832 = VECTOR ( 'NONE', #742, 1000.000000000000000 ) ;
#833 = LINE ( 'NONE', #795, #616 ) ;
#834 = DIRECTION ( 'NONE',  ( -0.000000000000000000, -0.000000000000000000, 1.000000000000000000 ) ) ;
#835 = EDGE_CURVE ( 'NONE', #1584, #345, #1465, .T. ) ;
#836 = CIRCLE ( 'NONE', #1026, 1.500000000000001332 ) ;
#837 = CIRCLE ( 'NONE', #2089, 1.500000000000001332 ) ;
#838 = CARTESIAN_POINT ( 'NONE',  ( 49.99999999999997158, 0.5000000000000000000, -188.5999999999999659 ) ) ;
#839 = ORIENTED_EDGE ( 'NONE', *, *, #1774, .F. ) ;
#840 = CARTESIAN_POINT ( 'NONE',  ( -12.87499999999991829, 0.5000000000000000000, -37.50000000000001421 ) ) ;
#841 = CIRCLE ( 'NONE', #471, 1.499999999999994449 ) ;
#842 = DIRECTION ( 'NONE',  ( 0.000000000000000000, -1.000000000000000000, 0.000000000000000000 ) ) ;
#843 = VERTEX_POINT ( 'NONE', #2581 ) ;
#844 = EDGE_CURVE ( 'NONE', #2092, #1662, #595, .T. ) ;
#845 = DIRECTION ( 'NONE',  ( 0.000000000000000000, 0.000000000000000000, -1.000000000000000000 ) ) ;
#846 = AXIS2_PLACEMENT_3D ( 'NONE', #1646, #2523, #1398 ) ;
#847 = ORIENTED_EDGE ( 'NONE', *, *, #342, .T. ) ;
#848 = CARTESIAN_POINT ( 'NONE',  ( -49.99999999999996447, 0.5000000000000000000, -131.0999999999999091 ) ) ;
#849 = LINE ( 'NONE', #2395, #200 ) ;
#850 = EDGE_CURVE ( 'NONE', #2813, #540, #49, .T. ) ;
#851 = CARTESIAN_POINT ( 'NONE',  ( 4.374999999999919176, 0.5000000000000000000, -5.000000000000017764 ) ) ;
#852 = DIRECTION ( 'NONE',  ( -1.000000000000000000, 0.000000000000000000, -0.000000000000000000 ) ) ;
#853 = VECTOR ( 'NONE', #1107, 1000.000000000000000 ) ;
#854 = DIRECTION ( 'NONE',  ( -0.000000000000000000, -1.000000000000000000, -0.000000000000000000 ) ) ;
#855 = EDGE_LOOP ( 'NONE', ( #2256, #2138, #1610, #1008 ) ) ;
#856 = CYLINDRICAL_SURFACE ( 'NONE', #1824, 1.499999999999994449 ) ;
#857 = CARTESIAN_POINT ( 'NONE',  ( -74.37499999999994316, 0.000000000000000000, -141.5000000000000284 ) ) ;
#858 = EDGE_CURVE ( 'NONE', #2334, #2813, #2662, .T. ) ;
#859 = EDGE_LOOP ( 'NONE', ( #2275, #2548 ) ) ;
#860 = DIRECTION ( 'NONE',  ( 0.000000000000000000, -1.000000000000000000, 0.000000000000000000 ) ) ;
#861 = ORIENTED_EDGE ( 'NONE', *, *, #158, .T. ) ;
#862 = ORIENTED_EDGE ( 'NONE', *, *, #1838, .F. ) ;
#863 = LINE ( 'NONE', #917, #2710 ) ;
#864 = CIRCLE ( 'NONE', #2022, 1.500000000000001332 ) ;
#865 = EDGE_CURVE ( 'NONE', #1671, #2196, #2320, .T. ) ;
#866 = DIRECTION ( 'NONE',  ( -1.000000000000000000, 0.000000000000000000, -1.747899763146835923E-16 ) ) ;
#867 = DIRECTION ( 'NONE',  ( 0.000000000000000000, 1.000000000000000000, 0.000000000000000000 ) ) ;
#868 = CARTESIAN_POINT ( 'NONE',  ( 12.87499999999993072, 0.000000000000000000, -67.50000000000000000 ) ) ;
#869 = ORIENTED_EDGE ( 'NONE', *, *, #2269, .F. ) ;
#870 = DIRECTION ( 'NONE',  ( -0.000000000000000000, -1.000000000000000000, -0.000000000000000000 ) ) ;
#871 = DIRECTION ( 'NONE',  ( 0.000000000000000000, 0.000000000000000000, 1.000000000000000000 ) ) ;
#872 = EDGE_LOOP ( 'NONE', ( #2311, #131 ) ) ;
#873 = LINE ( 'NONE', #2416, #1832 ) ;
#874 = EDGE_CURVE ( 'NONE', #1650, #174, #476, .T. ) ;
#875 = VERTEX_POINT ( 'NONE', #209 ) ;
#876 = CARTESIAN_POINT ( 'NONE',  ( 49.37499999999996447, 0.000000000000000000, -117.9999999999999858 ) ) ;
#877 = ORIENTED_EDGE ( 'NONE', *, *, #2249, .T. ) ;
#878 = EDGE_CURVE ( 'NONE', #76, #2403, #1803, .T. ) ;
#879 = DIRECTION ( 'NONE',  ( 0.000000000000000000, -1.000000000000000000, 0.000000000000000000 ) ) ;
#880 = LINE ( 'NONE', #473, #248 ) ;
#881 = CIRCLE ( 'NONE', #2775, 1.499999999999994449 ) ;
#882 = CARTESIAN_POINT ( 'NONE',  ( -64.67499999999994031, 0.5000000000000000000, -118.0000000000000142 ) ) ;
#883 = ORIENTED_EDGE ( 'NONE', *, *, #198, .T. ) ;
#884 = DIRECTION ( 'NONE',  ( 0.000000000000000000, -1.000000000000000000, 0.000000000000000000 ) ) ;
#885 = CIRCLE ( 'NONE', #1713, 1.500000000000001332 ) ;
#886 = AXIS2_PLACEMENT_3D ( 'NONE', #1676, #1492, #391 ) ;
#887 = CARTESIAN_POINT ( 'NONE',  ( 12.87499999999992539, 0.000000000000000000, -37.50000000000001421 ) ) ;
#888 = ORIENTED_EDGE ( 'NONE', *, *, #2837, .F. ) ;
#889 = VECTOR ( 'NONE', #1818, 1000.000000000000000 ) ;
#890 = CARTESIAN_POINT ( 'NONE',  ( -29.54570341712943460, 0.5000000000000000000, -228.1829055582983585 ) ) ;
#891 = VERTEX_POINT ( 'NONE', #1362 ) ;
#892 = VECTOR ( 'NONE', #56, 1000.000000000000000 ) ;
#893 = DIRECTION ( 'NONE',  ( 0.000000000000000000, 1.000000000000000000, 0.000000000000000000 ) ) ;
#894 = CARTESIAN_POINT ( 'NONE',  ( -4.374999999999918288, 0.5000000000000000000, -3.750000000000018208 ) ) ;
#895 = CARTESIAN_POINT ( 'NONE',  ( 49.99999999999997868, 0.5000000000000000000, -129.8499999999999375 ) ) ;
#896 = ORIENTED_EDGE ( 'NONE', *, *, #2728, .F. ) ;
#897 = CYLINDRICAL_SURFACE ( 'NONE', #2091, 1.500000000000003997 ) ;
#898 = LINE ( 'NONE', #252, #1622 ) ;
#899 = PRESENTATION_LAYER_ASSIGNMENT (  '', '', ( #1966 ) ) ;
#900 = EDGE_CURVE ( 'NONE', #2597, #703, #1143, .T. ) ;
#901 = DIRECTION ( 'NONE',  ( -0.000000000000000000, -1.000000000000000000, -0.000000000000000000 ) ) ;
#902 = ADVANCED_FACE ( 'NONE', ( #678 ), #2206, .F. ) ;
#903 = VERTEX_POINT ( 'NONE', #2236 ) ;
#904 = CARTESIAN_POINT ( 'NONE',  ( -74.37499999999994316, 0.000000000000000000, -143.0000000000000284 ) ) ;
#905 = ORIENTED_EDGE ( 'NONE', *, *, #718, .T. ) ;
#906 = CARTESIAN_POINT ( 'NONE',  ( -74.87499999999991473, 0.5000000000000000000, -18.00000000000000355 ) ) ;
#907 = CYLINDRICAL_SURFACE ( 'NONE', #620, 1.499999999999997780 ) ;
#908 = AXIS2_PLACEMENT_3D ( 'NONE', #904, #685, #257 ) ;
#909 = DIRECTION ( 'NONE',  ( 0.000000000000000000, 0.000000000000000000, 1.000000000000000000 ) ) ;
#910 = ORIENTED_EDGE ( 'NONE', *, *, #2328, .T. ) ;
#911 = CARTESIAN_POINT ( 'NONE',  ( 79.37499999999991473, 0.5000000000000000000, -14.16604609612901555 ) ) ;
#912 = DIRECTION ( 'NONE',  ( 0.000000000000000000, 0.000000000000000000, 1.000000000000000000 ) ) ;
#913 = DIRECTION ( 'NONE',  ( 2.271842395027065735E-16, -0.000000000000000000, 1.000000000000000000 ) ) ;
#914 = EDGE_CURVE ( 'NONE', #1200, #1013, #2013, .T. ) ;
#915 = UNCERTAINTY_MEASURE_WITH_UNIT (LENGTH_MEASURE( 1.000000000000000082E-05 ), #463, 'distance_accuracy_value', 'NONE');
#916 = ORIENTED_EDGE ( 'NONE', *, *, #449, .F. ) ;
#917 = CARTESIAN_POINT ( 'NONE',  ( 49.37499999999996447, 0.5000000000000000000, -117.9999999999999858 ) ) ;
#918 = ORIENTED_EDGE ( 'NONE', *, *, #1943, .F. ) ;
#919 = VECTOR ( 'NONE', #2590, 1000.000000000000000 ) ;
#920 = EDGE_CURVE ( 'NONE', #2511, #2058, #2468, .T. ) ;
#921 = LINE ( 'NONE', #1801, #2135 ) ;
#922 = CIRCLE ( 'NONE', #2549, 1.499999999999994449 ) ;
#923 = CYLINDRICAL_SURFACE ( 'NONE', #443, 1.500000000000001332 ) ;
#924 = DIRECTION ( 'NONE',  ( 0.000000000000000000, 1.000000000000000000, 0.000000000000000000 ) ) ;
#925 = EDGE_LOOP ( 'NONE', ( #2720, #2314, #2539, #2504 ) ) ;
#926 = EDGE_CURVE ( 'NONE', #1726, #1906, #224, .T. ) ;
#927 = CARTESIAN_POINT ( 'NONE',  ( -49.37499999999994316, 0.5000000000000000000, -118.0000000000000000 ) ) ;
#928 = APPLICATION_PROTOCOL_DEFINITION ( 'draft international standard', 'automotive_design', 1998, #2012 ) ;
#929 = AXIS2_PLACEMENT_3D ( 'NONE', #21, #44, #1090 ) ;
#930 = CARTESIAN_POINT ( 'NONE',  ( -49.99999999999994316, 0.5000000000000000000, -179.5999999999999091 ) ) ;
#931 = CIRCLE ( 'NONE', #747, 1.500000000000001332 ) ;
#932 = EDGE_CURVE ( 'NONE', #153, #692, #1437, .T. ) ;
#933 = VERTEX_POINT ( 'NONE', #1105 ) ;
#934 = CARTESIAN_POINT ( 'NONE',  ( 39.37499999999991473, 0.5000000000000000000, -7.500000000000000888 ) ) ;
#935 = ORIENTED_EDGE ( 'NONE', *, *, #403, .F. ) ;
#936 = DIRECTION ( 'NONE',  ( 0.000000000000000000, -1.000000000000000000, 0.000000000000000000 ) ) ;
#937 = CARTESIAN_POINT ( 'NONE',  ( 74.37499999999997158, 0.000000000000000000, -143.0000000000000284 ) ) ;
#938 = EDGE_CURVE ( 'NONE', #709, #411, #2776, .T. ) ;
#939 = VECTOR ( 'NONE', #176, 1000.000000000000000 ) ;
#940 = DIRECTION ( 'NONE',  ( -0.000000000000000000, -1.000000000000000000, -0.000000000000000000 ) ) ;
#941 = ORIENTED_EDGE ( 'NONE', *, *, #2551, .F. ) ;
#942 = DIRECTION ( 'NONE',  ( 0.000000000000000000, 1.000000000000000000, 0.000000000000000000 ) ) ;
#943 = CARTESIAN_POINT ( 'NONE',  ( -39.37499999999991473, 0.5000000000000000000, -39.00000000000000711 ) ) ;
#944 = DIRECTION ( 'NONE',  ( 0.000000000000000000, 0.000000000000000000, 1.000000000000000000 ) ) ;
#945 = ORIENTED_EDGE ( 'NONE', *, *, #2828, .T. ) ;
#946 = CARTESIAN_POINT ( 'NONE',  ( -12.87499999999991829, 0.000000000000000000, -67.50000000000000000 ) ) ;
#947 = B_SPLINE_CURVE_WITH_KNOTS ( 'NONE', 3,
 ( #1885, #567, #2736, #2528, #2340, #2115, #2068 ),
 .UNSPECIFIED., .F., .F.,
 ( 4, 1, 1, 1, 4 ),
 ( 0.000000000000000000, 0.2800928068961774375, 0.6713298521798601870, 0.7738865541292181405, 1.000000000000000000 ),
 .UNSPECIFIED. ) ;
#948 = ORIENTED_EDGE ( 'NONE', *, *, #1764, .T. ) ;
#949 = DIRECTION ( 'NONE',  ( 0.000000000000000000, 0.000000000000000000, 1.000000000000000000 ) ) ;
#950 = ORIENTED_EDGE ( 'NONE', *, *, #2378, .F. ) ;
#951 = AXIS2_PLACEMENT_3D ( 'NONE', #2782, #1077, #2399 ) ;
#952 = CARTESIAN_POINT ( 'NONE',  ( -74.87499999999991473, 0.000000000000000000, -44.50000000000000000 ) ) ;
#953 = DIRECTION ( 'NONE',  ( 0.000000000000000000, 0.000000000000000000, 1.000000000000000000 ) ) ;
#954 = EDGE_CURVE ( 'NONE', #2712, #800, #2553, .T. ) ;
#955 = CARTESIAN_POINT ( 'NONE',  ( -39.37499999999991473, 0.5000000000000000000, -37.50000000000000711 ) ) ;
#956 = ORIENTED_EDGE ( 'NONE', *, *, #15, .F. ) ;
#957 = DIRECTION ( 'NONE',  ( 0.000000000000000000, -1.000000000000000000, 0.000000000000000000 ) ) ;
#958 = ORIENTED_EDGE ( 'NONE', *, *, #997, .F. ) ;
#959 = AXIS2_PLACEMENT_3D ( 'NONE', #702, #1150, #949 ) ;
#960 = DIRECTION ( 'NONE',  ( -0.000000000000000000, -1.000000000000000000, -0.000000000000000000 ) ) ;
#961 = FACE_OUTER_BOUND ( 'NONE', #360, .T. ) ;
#962 = ORIENTED_EDGE ( 'NONE', *, *, #2534, .T. ) ;
#963 = LINE ( 'NONE', #1242, #1189 ) ;
#964 = VERTEX_POINT ( 'NONE', #641 ) ;
#965 = EDGE_CURVE ( 'NONE', #2207, #1144, #1530, .T. ) ;
#966 = CYLINDRICAL_SURFACE ( 'NONE', #424, 1.500000000000001332 ) ;
#967 = CARTESIAN_POINT ( 'NONE',  ( -39.37499999999991473, 0.000000000000000000, -66.00000000000000000 ) ) ;
#968 = EDGE_CURVE ( 'NONE', #1387, #977, #292, .T. ) ;
#969 = LINE ( 'NONE', #336, #2613 ) ;
#970 = EDGE_LOOP ( 'NONE', ( #547, #2176, #1586, #1178 ) ) ;
#971 = CARTESIAN_POINT ( 'NONE',  ( 49.37499999999996447, 0.5000000000000000000, -117.9999999999999858 ) ) ;
#972 = CARTESIAN_POINT ( 'NONE',  ( -64.67499999999994031, 0.5000000000000000000, -118.0000000000000142 ) ) ;
#973 = EDGE_LOOP ( 'NONE', ( #1941, #2086 ) ) ;
#974 = DIRECTION ( 'NONE',  ( -0.000000000000000000, -1.000000000000000000, -0.000000000000000000 ) ) ;
#975 = ORIENTED_EDGE ( 'NONE', *, *, #684, .F. ) ;
#976 = CIRCLE ( 'NONE', #1158, 1.500000000000001332 ) ;
#977 = VERTEX_POINT ( 'NONE', #1310 ) ;
#978 = DIRECTION ( 'NONE',  ( 0.000000000000000000, 0.000000000000000000, -1.000000000000000000 ) ) ;
#979 = EDGE_LOOP ( 'NONE', ( #2502, #2462 ) ) ;
#980 = AXIS2_PLACEMENT_3D ( 'NONE', #906, #1087, #2408 ) ;
#981 = CIRCLE ( 'NONE', #1351, 14.16604609612902266 ) ;
#982 = DIRECTION ( 'NONE',  ( 0.000000000000000000, 0.000000000000000000, -1.000000000000000000 ) ) ;
#983 = DIRECTION ( 'NONE',  ( 0.000000000000000000, 0.000000000000000000, 1.000000000000000000 ) ) ;
#984 = DIRECTION ( 'NONE',  ( 1.000000000000000000, 0.000000000000000000, -0.000000000000000000 ) ) ;
#985 = ORIENTED_EDGE ( 'NONE', *, *, #1326, .F. ) ;
#986 = CYLINDRICAL_SURFACE ( 'NONE', #106, 1.499999999999994449 ) ;
#987 = EDGE_LOOP ( 'NONE', ( #1271, #103, #129, #1174 ) ) ;
#988 = AXIS2_PLACEMENT_3D ( 'NONE', #331, #2271, #84 ) ;
#989 = CARTESIAN_POINT ( 'NONE',  ( -12.87499999999991829, 0.5000000000000000000, -39.00000000000001421 ) ) ;
#990 = ORIENTED_EDGE ( 'NONE', *, *, #8, .T. ) ;
#991 = DIRECTION ( 'NONE',  ( 0.000000000000000000, 0.000000000000000000, 1.000000000000000000 ) ) ;
#992 = CIRCLE ( 'NONE', #1358, 1.250000000000028866 ) ;
#993 = EDGE_CURVE ( 'NONE', #581, #2788, #24, .T. ) ;
#994 = VERTEX_POINT ( 'NONE', #882 ) ;
#995 = FACE_BOUND ( 'NONE', #1500, .T. ) ;
#996 = ORIENTED_EDGE ( 'NONE', *, *, #1165, .F. ) ;
#997 = EDGE_CURVE ( 'NONE', #396, #716, #2637, .T. ) ;
#998 = B_SPLINE_CURVE_WITH_KNOTS ( 'NONE', 3,
 ( #1910, #2352, #1016, #2172, #626, #1234, #1896 ),
 .UNSPECIFIED., .F., .F.,
 ( 4, 1, 1, 1, 4 ),
 ( 0.000000000000000000, 0.2800928068961774375, 0.6713298521798601870, 0.7738865541292181405, 1.000000000000000000 ),
 .UNSPECIFIED. ) ;
#999 = AXIS2_PLACEMENT_3D ( 'NONE', #597, #154, #2838 ) ;
#1000 = LINE ( 'NONE', #1587, #1994 ) ;
#1001 = CARTESIAN_POINT ( 'NONE',  ( -39.37499999999991473, 0.5000000000000000000, -67.50000000000000000 ) ) ;
#1002 = CARTESIAN_POINT ( 'NONE',  ( 12.87499999999992539, 0.000000000000000000, -39.00000000000001421 ) ) ;
#1003 = ORIENTED_EDGE ( 'NONE', *, *, #786, .T. ) ;
#1004 = SURFACE_STYLE_USAGE ( .BOTH. , #2054 ) ;
#1005 = ORIENTED_EDGE ( 'NONE', *, *, #2076, .F. ) ;
#1006 = EDGE_CURVE ( 'NONE', #2254, #305, #652, .T. ) ;
#1007 = DIRECTION ( 'NONE',  ( -1.000000000000000000, 0.000000000000000000, -1.747899763146835923E-16 ) ) ;
#1008 = ORIENTED_EDGE ( 'NONE', *, *, #1006, .T. ) ;
#1009 = DIRECTION ( 'NONE',  ( 0.000000000000000000, 0.000000000000000000, 1.000000000000000000 ) ) ;
#1010 = EDGE_LOOP ( 'NONE', ( #1039, #1252 ) ) ;
#1011 = EDGE_CURVE ( 'NONE', #201, #1456, #2147, .T. ) ;
#1012 = CARTESIAN_POINT ( 'NONE',  ( 12.87499999999993072, 0.5000000000000000000, -66.00000000000000000 ) ) ;
#1013 = VERTEX_POINT ( 'NONE', #273 ) ;
#1014 = CARTESIAN_POINT ( 'NONE',  ( -74.37499999999994316, 0.5000000000000000000, -166.5000000000000000 ) ) ;
#1015 = ORIENTED_EDGE ( 'NONE', *, *, #2140, .F. ) ;
#1016 = CARTESIAN_POINT ( 'NONE',  ( 29.54570341712947368, 0.000000000000000000, -228.1829055582983585 ) ) ;
#1017 = ORIENTED_EDGE ( 'NONE', *, *, #1932, .F. ) ;
#1018 = LINE ( 'NONE', #821, #1181 ) ;
#1019 = ORIENTED_EDGE ( 'NONE', *, *, #874, .T. ) ;
#1020 = CARTESIAN_POINT ( 'NONE',  ( -74.37499999999995737, 0.5000000000000000000, -191.5000000000000000 ) ) ;
#1021 = EDGE_LOOP ( 'NONE', ( #1151, #1330, #1164, #1420 ) ) ;
#1022 = ORIENTED_EDGE ( 'NONE', *, *, #2634, .F. ) ;
#1023 = FACE_BOUND ( 'NONE', #89, .T. ) ;
#1024 = ORIENTED_EDGE ( 'NONE', *, *, #1483, .F. ) ;
#1025 = EDGE_CURVE ( 'NONE', #378, #14, #969, .T. ) ;
#1026 = AXIS2_PLACEMENT_3D ( 'NONE', #1880, #1614, #1601 ) ;
#1027 = CARTESIAN_POINT ( 'NONE',  ( 9.188135391866527613, 0.000000000000000000, -228.1714929705271118 ) ) ;
#1028 = EDGE_CURVE ( 'NONE', #1843, #76, #1869, .T. ) ;
#1029 = AXIS2_PLACEMENT_3D ( 'NONE', #361, #349, #1293 ) ;
#1030 = VERTEX_POINT ( 'NONE', #1836 ) ;
#1031 = DIRECTION ( 'NONE',  ( -0.000000000000000000, -1.000000000000000000, -0.000000000000000000 ) ) ;
#1032 = CARTESIAN_POINT ( 'NONE',  ( 13.37499999999992006, 0.5000000000000000000, -9.000000000000012434 ) ) ;
#1033 = DIRECTION ( 'NONE',  ( 0.000000000000000000, 1.000000000000000000, 0.000000000000000000 ) ) ;
#1034 = EDGE_LOOP ( 'NONE', ( #2090, #589, #1698, #948 ) ) ;
#1035 = DIRECTION ( 'NONE',  ( -0.000000000000000000, -1.000000000000000000, -0.000000000000000000 ) ) ;
#1036 = DIRECTION ( 'NONE',  ( -0.000000000000000000, -1.000000000000000000, -0.000000000000000000 ) ) ;
#1037 = ORIENTED_EDGE ( 'NONE', *, *, #1276, .T. ) ;
#1038 = LINE ( 'NONE', #2404, #146 ) ;
#1039 = ORIENTED_EDGE ( 'NONE', *, *, #1098, .F. ) ;
#1040 = CARTESIAN_POINT ( 'NONE',  ( 54.66045604183072015, 0.000000000000000000, -223.6018425576303912 ) ) ;
#1041 = AXIS2_PLACEMENT_3D ( 'NONE', #840, #2401, #172 ) ;
#1042 = ORIENTED_EDGE ( 'NONE', *, *, #293, .T. ) ;
#1043 = EDGE_CURVE ( 'NONE', #2566, #371, #2702, .T. ) ;
#1044 = LINE ( 'NONE', #1688, #284 ) ;
#1045 = CARTESIAN_POINT ( 'NONE',  ( -74.37499999999994316, 0.5000000000000000000, -143.0000000000000284 ) ) ;
#1046 = FACE_OUTER_BOUND ( 'NONE', #822, .T. ) ;
#1047 = EDGE_LOOP ( 'NONE', ( #811, #1975, #1300, #2417 ) ) ;
#1048 = CYLINDRICAL_SURFACE ( 'NONE', #2621, 14.16604609612902088 ) ;
#1049 = DIRECTION ( 'NONE',  ( 0.000000000000000000, 0.000000000000000000, 1.000000000000000000 ) ) ;
#1050 = EDGE_CURVE ( 'NONE', #34, #2344, #85, .T. ) ;
#1051 = ORIENTED_EDGE ( 'NONE', *, *, #2446, .T. ) ;
#1052 = DIRECTION ( 'NONE',  ( 0.000000000000000000, 0.000000000000000000, -1.000000000000000000 ) ) ;
#1053 = AXIS2_PLACEMENT_3D ( 'NONE', #202, #1753, #2620 ) ;
#1054 = ADVANCED_FACE ( 'NONE', ( #1185 ), #1590, .F. ) ;
#1055 = DIRECTION ( 'NONE',  ( -5.829602059562853645E-16, 0.000000000000000000, 1.000000000000000000 ) ) ;
#1056 = FACE_OUTER_BOUND ( 'NONE', #987, .T. ) ;
#1057 = EDGE_LOOP ( 'NONE', ( #896, #1551 ) ) ;
#1058 = FACE_OUTER_BOUND ( 'NONE', #1034, .T. ) ;
#1059 = CARTESIAN_POINT ( 'NONE',  ( 12.87499999999993072, 0.5000000000000000000, -67.50000000000000000 ) ) ;
#1060 = EDGE_CURVE ( 'NONE', #237, #733, #992, .T. ) ;
#1061 = CARTESIAN_POINT ( 'NONE',  ( -49.37499999999992184, 0.5000000000000000000, -50.00000000000000000 ) ) ;
#1062 = ORIENTED_EDGE ( 'NONE', *, *, #449, .T. ) ;
#1063 = CARTESIAN_POINT ( 'NONE',  ( -49.99999999999994316, 0.5000000000000000000, -188.5999999999999659 ) ) ;
#1064 = DIRECTION ( 'NONE',  ( 2.271842395027065735E-16, -0.000000000000000000, 1.000000000000000000 ) ) ;
#1065 = AXIS2_PLACEMENT_3D ( 'NONE', #728, #2738, #537 ) ;
#1066 = ORIENTED_EDGE ( 'NONE', *, *, #1376, .T. ) ;
#1067 = CARTESIAN_POINT ( 'NONE',  ( -13.37499999999991829, 0.5000000000000000000, -9.000000000000015987 ) ) ;
#1068 = VERTEX_POINT ( 'NONE', #708 ) ;
#1069 = ADVANCED_FACE ( 'NONE', ( #315 ), #1605, .F. ) ;
#1070 = DIRECTION ( 'NONE',  ( 0.000000000000000000, 0.000000000000000000, -1.000000000000000000 ) ) ;
#1071 = CARTESIAN_POINT ( 'NONE',  ( -49.99999999999994316, 0.000000000000000000, -186.0999999999999375 ) ) ;
#1072 = VECTOR ( 'NONE', #2354, 1000.000000000000000 ) ;
#1073 = CIRCLE ( 'NONE', #329, 1.499999999999994449 ) ;
#1074 = AXIS2_PLACEMENT_3D ( 'NONE', #366, #643, #631 ) ;
#1075 = FACE_OUTER_BOUND ( 'NONE', #1879, .T. ) ;
#1076 = LINE ( 'NONE', #2189, #2141 ) ;
#1077 = DIRECTION ( 'NONE',  ( -0.000000000000000000, -1.000000000000000000, -0.000000000000000000 ) ) ;
#1078 = ORIENTED_EDGE ( 'NONE', *, *, #968, .T. ) ;
#1079 = DIRECTION ( 'NONE',  ( 0.000000000000000000, -1.000000000000000000, 0.000000000000000000 ) ) ;
#1080 = DIRECTION ( 'NONE',  ( 0.000000000000000000, 0.000000000000000000, 1.000000000000000000 ) ) ;
#1081 = CIRCLE ( 'NONE', #569, 14.70000000000000462 ) ;
#1082 = ORIENTED_EDGE ( 'NONE', *, *, #1774, .T. ) ;
#1083 = DIRECTION ( 'NONE',  ( 0.000000000000000000, -1.000000000000000000, 0.000000000000000000 ) ) ;
#1084 = EDGE_CURVE ( 'NONE', #66, #141, #60, .T. ) ;
#1085 = DIRECTION ( 'NONE',  ( 0.000000000000000000, 0.000000000000000000, -1.000000000000000000 ) ) ;
#1086 = CARTESIAN_POINT ( 'NONE',  ( 78.78397985763589872, 0.5000000000000000000, -199.9640896339807909 ) ) ;
#1087 = DIRECTION ( 'NONE',  ( -0.000000000000000000, -1.000000000000000000, -0.000000000000000000 ) ) ;
#1088 = CARTESIAN_POINT ( 'NONE',  ( 74.37499999999997158, 0.5000000000000000000, -141.5000000000000284 ) ) ;
#1089 = VECTOR ( 'NONE', #2002, 1000.000000000000000 ) ;
#1090 = DIRECTION ( 'NONE',  ( 0.000000000000000000, 0.000000000000000000, 1.000000000000000000 ) ) ;
#1091 = ORIENTED_EDGE ( 'NONE', *, *, #508, .T. ) ;
#1092 = CIRCLE ( 'NONE', #1825, 1.500000000000001332 ) ;
#1093 = ADVANCED_FACE ( 'NONE', ( #2750 ), #518, .F. ) ;
#1094 = CARTESIAN_POINT ( 'NONE',  ( -39.37499999999991473, 0.5000000000000000000, -36.00000000000000711 ) ) ;
#1095 = ORIENTED_EDGE ( 'NONE', *, *, #2516, .T. ) ;
#1096 = DIRECTION ( 'NONE',  ( 0.000000000000000000, 0.000000000000000000, 1.000000000000000000 ) ) ;
#1097 = ORIENTED_EDGE ( 'NONE', *, *, #614, .T. ) ;
#1098 = EDGE_CURVE ( 'NONE', #1859, #2570, #1723, .T. ) ;
#1099 = ORIENTED_EDGE ( 'NONE', *, *, #583, .F. ) ;
#1100 = CARTESIAN_POINT ( 'NONE',  ( -74.37499999999995737, 0.000000000000000000, -191.5000000000000000 ) ) ;
#1101 = VECTOR ( 'NONE', #2622, 1000.000000000000000 ) ;
#1102 = CIRCLE ( 'NONE', #727, 1.500000000000001332 ) ;
#1103 = LINE ( 'NONE', #2466, #2330 ) ;
#1104 = CARTESIAN_POINT ( 'NONE',  ( 74.37499999999997158, 0.5000000000000000000, -143.0000000000000284 ) ) ;
#1105 = CARTESIAN_POINT ( 'NONE',  ( 74.37499999999997158, 0.000000000000000000, -144.5000000000000284 ) ) ;
#1106 = VERTEX_POINT ( 'NONE', #2538 ) ;
#1107 = DIRECTION ( 'NONE',  ( 0.000000000000000000, -1.000000000000000000, 0.000000000000000000 ) ) ;
#1108 = FACE_BOUND ( 'NONE', #542, .T. ) ;
#1109 = LINE ( 'NONE', #2503, #2488 ) ;
#1110 = ORIENTED_EDGE ( 'NONE', *, *, #1222, .F. ) ;
#1111 = ADVANCED_FACE ( 'NONE', ( #1155 ), #2065, .F. ) ;
#1112 = DIRECTION ( 'NONE',  ( 0.000000000000000000, 0.000000000000000000, -1.000000000000000000 ) ) ;
#1113 = CARTESIAN_POINT ( 'NONE',  ( 49.99999999999997868, 0.5000000000000000000, -128.5999999999999659 ) ) ;
#1114 = ADVANCED_FACE ( 'NONE', ( #1635 ), #490, .F. ) ;
#1115 = AXIS2_PLACEMENT_3D ( 'NONE', #1514, #826, #1961 ) ;
#1116 = DIRECTION ( 'NONE',  ( 0.000000000000000000, 0.000000000000000000, 1.000000000000000000 ) ) ;
#1117 = ORIENTED_EDGE ( 'NONE', *, *, #1943, .T. ) ;
#1118 = DIRECTION ( 'NONE',  ( -0.000000000000000000, -1.000000000000000000, -0.000000000000000000 ) ) ;
#1119 = ADVANCED_FACE ( 'NONE', ( #546 ), #2525, .F. ) ;
#1120 = CIRCLE ( 'NONE', #1488, 1.500000000000003997 ) ;
#1121 = CIRCLE ( 'NONE', #656, 1.250000000000000222 ) ;
#1122 = VERTEX_POINT ( 'NONE', #2304 ) ;
#1123 = FACE_BOUND ( 'NONE', #2668, .T. ) ;
#1124 = ORIENTED_EDGE ( 'NONE', *, *, #1291, .T. ) ;
#1125 = CARTESIAN_POINT ( 'NONE',  ( -54.66045604183067752, 0.5000000000000000000, -223.6018425576303912 ) ) ;
#1126 = VERTEX_POINT ( 'NONE', #1002 ) ;
#1127 = VECTOR ( 'NONE', #2661, 1000.000000000000000 ) ;
#1128 = VECTOR ( 'NONE', #1055, 1000.000000000000000 ) ;
#1129 = CARTESIAN_POINT ( 'NONE',  ( -12.87499999999991829, 0.000000000000000000, -67.50000000000000000 ) ) ;
#1130 = DIRECTION ( 'NONE',  ( 0.000000000000000000, 0.000000000000000000, 1.000000000000000000 ) ) ;
#1131 = EDGE_CURVE ( 'NONE', #2603, #1200, #1616, .T. ) ;
#1132 = DIRECTION ( 'NONE',  ( -0.000000000000000000, -1.000000000000000000, -0.000000000000000000 ) ) ;
#1133 = ORIENTED_EDGE ( 'NONE', *, *, #355, .T. ) ;
#1134 = CARTESIAN_POINT ( 'NONE',  ( 29.54570341712947368, 0.5000000000000000000, -228.1829055582983585 ) ) ;
#1135 = DIRECTION ( 'NONE',  ( -1.000000000000000000, -0.000000000000000000, -5.551115123125780730E-16 ) ) ;
#1136 = FACE_BOUND ( 'NONE', #825, .T. ) ;
#1137 = ORIENTED_EDGE ( 'NONE', *, *, #2249, .F. ) ;
#1138 = DIRECTION ( 'NONE',  ( -0.000000000000000000, -1.000000000000000000, -0.000000000000000000 ) ) ;
#1139 = ORIENTED_EDGE ( 'NONE', *, *, #2604, .F. ) ;
#1140 = ADVANCED_FACE ( 'NONE', ( #623 ), #1964, .F. ) ;
#1141 = LINE ( 'NONE', #2439, #1444 ) ;
#1142 = CARTESIAN_POINT ( 'NONE',  ( 4.374999999999919176, 0.5000000000000000000, -5.000000000000017764 ) ) ;
#1143 = LINE ( 'NONE', #1321, #1668 ) ;
#1144 = VERTEX_POINT ( 'NONE', #1935 ) ;
#1145 = DIRECTION ( 'NONE',  ( -0.000000000000000000, -1.000000000000000000, -0.000000000000000000 ) ) ;
#1146 = DIRECTION ( 'NONE',  ( -0.000000000000000000, -1.000000000000000000, -0.000000000000000000 ) ) ;
#1147 = ADVANCED_FACE ( 'NONE', ( #829 ), #1948, .F. ) ;
#1148 = CARTESIAN_POINT ( 'NONE',  ( -65.20895390387087787, 0.000000000000000000, -14.16604609612900845 ) ) ;
#1149 = ORIENTED_EDGE ( 'NONE', *, *, #865, .F. ) ;
#1150 = DIRECTION ( 'NONE',  ( -0.000000000000000000, -1.000000000000000000, -0.000000000000000000 ) ) ;
#1151 = ORIENTED_EDGE ( 'NONE', *, *, #1206, .F. ) ;
#1152 = PRODUCT_RELATED_PRODUCT_CATEGORY ( 'part', '', ( #1748 ) ) ;
#1153 = CARTESIAN_POINT ( 'NONE',  ( 49.37499999999996447, 0.5000000000000000000, -117.9999999999999858 ) ) ;
#1154 = DIRECTION ( 'NONE',  ( 0.000000000000000000, -1.000000000000000000, 0.000000000000000000 ) ) ;
#1155 = FACE_OUTER_BOUND ( 'NONE', #701, .T. ) ;
#1156 = EDGE_LOOP ( 'NONE', ( #2690, #143, #2460, #596 ) ) ;
#1157 = DIRECTION ( 'NONE',  ( 0.000000000000000000, 0.000000000000000000, 1.000000000000000000 ) ) ;
#1158 = AXIS2_PLACEMENT_3D ( 'NONE', #354, #1177, #785 ) ;
#1159 = AXIS2_PLACEMENT_3D ( 'NONE', #1940, #924, #909 ) ;
#1160 = CYLINDRICAL_SURFACE ( 'NONE', #705, 1.500000000000001332 ) ;
#1161 = FACE_BOUND ( 'NONE', #2305, .T. ) ;
#1162 = VECTOR ( 'NONE', #1319, 1000.000000000000000 ) ;
#1163 = CIRCLE ( 'NONE', #1624, 1.500000000000001332 ) ;
#1164 = ORIENTED_EDGE ( 'NONE', *, *, #526, .T. ) ;
#1165 = EDGE_CURVE ( 'NONE', #1068, #802, #2633, .T. ) ;
#1166 = DIRECTION ( 'NONE',  ( 0.000000000000000000, 1.000000000000000000, 0.000000000000000000 ) ) ;
#1167 = VERTEX_POINT ( 'NONE', #659 ) ;
#1168 = LINE ( 'NONE', #2536, #562 ) ;
#1169 = DIRECTION ( 'NONE',  ( 0.000000000000000000, 0.000000000000000000, 1.000000000000000000 ) ) ;
#1170 = VECTOR ( 'NONE', #1765, 1000.000000000000000 ) ;
#1171 = CARTESIAN_POINT ( 'NONE',  ( -79.37499999999998579, 0.000000000000000000, -193.7860499750869678 ) ) ;
#1172 = ORIENTED_EDGE ( 'NONE', *, *, #198, .F. ) ;
#1173 = FACE_OUTER_BOUND ( 'NONE', #1679, .T. ) ;
#1174 = ORIENTED_EDGE ( 'NONE', *, *, #1443, .F. ) ;
#1175 = EDGE_CURVE ( 'NONE', #2659, #1875, #1270, .T. ) ;
#1176 = CARTESIAN_POINT ( 'NONE',  ( -74.37499999999995737, 0.5000000000000000000, -193.0000000000000000 ) ) ;
#1177 = DIRECTION ( 'NONE',  ( 0.000000000000000000, 1.000000000000000000, 0.000000000000000000 ) ) ;
#1178 = ORIENTED_EDGE ( 'NONE', *, *, #2565, .T. ) ;
#1179 = DIRECTION ( 'NONE',  ( 0.000000000000000000, 1.000000000000000000, 0.000000000000000000 ) ) ;
#1180 = ORIENTED_EDGE ( 'NONE', *, *, #997, .T. ) ;
#1181 = VECTOR ( 'NONE', #364, 1000.000000000000000 ) ;
#1182 = EDGE_CURVE ( 'NONE', #1851, #891, #1815, .T. ) ;
#1183 = CYLINDRICAL_SURFACE ( 'NONE', #2559, 14.70000000000001883 ) ;
#1184 = CARTESIAN_POINT ( 'NONE',  ( 12.87499999999992539, 0.000000000000000000, -37.50000000000001421 ) ) ;
#1185 = FACE_OUTER_BOUND ( 'NONE', #1047, .T. ) ;
#1186 = EDGE_LOOP ( 'NONE', ( #39, #630, #839, #1491 ) ) ;
#1187 = LINE ( 'NONE', #2540, #1626 ) ;
#1188 = EDGE_LOOP ( 'NONE', ( #2696, #774, #2100, #1256 ) ) ;
#1189 = VECTOR ( 'NONE', #2787, 1000.000000000000000 ) ;
#1190 = LINE ( 'NONE', #972, #204 ) ;
#1191 = ORIENTED_EDGE ( 'NONE', *, *, #87, .F. ) ;
#1192 = CYLINDRICAL_SURFACE ( 'NONE', #2600, 14.70000000000001883 ) ;
#1193 = VERTEX_POINT ( 'NONE', #429 ) ;
#1194 = ORIENTED_EDGE ( 'NONE', *, *, #47, .F. ) ;
#1195 = DIRECTION ( 'NONE',  ( 0.000000000000000000, 0.000000000000000000, 1.000000000000000000 ) ) ;
#1196 = ORIENTED_EDGE ( 'NONE', *, *, #2378, .T. ) ;
#1197 = DIRECTION ( 'NONE',  ( 0.000000000000000000, 1.000000000000000000, 0.000000000000000000 ) ) ;
#1198 = LINE ( 'NONE', #286, #467 ) ;
#1199 = CARTESIAN_POINT ( 'NONE',  ( 49.99999999999997158, 0.5000000000000000000, -187.3499999999999375 ) ) ;
#1200 = VERTEX_POINT ( 'NONE', #1711 ) ;
#1201 = EDGE_CURVE ( 'NONE', #1704, #933, #2048, .T. ) ;
#1202 = DIRECTION ( 'NONE',  ( 0.000000000000000000, 0.000000000000000000, -1.000000000000000000 ) ) ;
#1203 = VERTEX_POINT ( 'NONE', #2644 ) ;
#1204 = DIRECTION ( 'NONE',  ( 0.000000000000000000, 0.000000000000000000, 1.000000000000000000 ) ) ;
#1205 = ORIENTED_EDGE ( 'NONE', *, *, #2808, .F. ) ;
#1206 = EDGE_CURVE ( 'NONE', #776, #1805, #164, .T. ) ;
#1207 = DIRECTION ( 'NONE',  ( -0.000000000000000000, -1.000000000000000000, -0.000000000000000000 ) ) ;
#1208 = ORIENTED_EDGE ( 'NONE', *, *, #1494, .T. ) ;
#1209 = VECTOR ( 'NONE', #1036, 1000.000000000000000 ) ;
#1210 = AXIS2_PLACEMENT_3D ( 'NONE', #2458, #495, #464 ) ;
#1211 = ORIENTED_EDGE ( 'NONE', *, *, #729, .F. ) ;
#1212 = DIRECTION ( 'NONE',  ( 0.000000000000000000, -1.000000000000000000, 0.000000000000000000 ) ) ;
#1213 = ORIENTED_EDGE ( 'NONE', *, *, #1175, .F. ) ;
#1214 = AXIS2_PLACEMENT_3D ( 'NONE', #2123, #1473, #162 ) ;
#1215 = CARTESIAN_POINT ( 'NONE',  ( 79.37500000000001421, 0.5000000000000000000, -193.7860499750869678 ) ) ;
#1216 = PLANE ( 'NONE',  #846 ) ;
#1217 = DIRECTION ( 'NONE',  ( 0.000000000000000000, 0.000000000000000000, 1.000000000000000000 ) ) ;
#1218 = EDGE_LOOP ( 'NONE', ( #1658, #1022, #2162, #1887 ) ) ;
#1219 = CARTESIAN_POINT ( 'NONE',  ( -49.99999999999996447, 0.5000000000000000000, -131.0999999999999091 ) ) ;
#1220 = VERTEX_POINT ( 'NONE', #1100 ) ;
#1221 = CIRCLE ( 'NONE', #1722, 1.250000000000028866 ) ;
#1222 = EDGE_CURVE ( 'NONE', #1980, #733, #1503, .T. ) ;
#1223 = APPLICATION_CONTEXT ( 'automotive_design' ) ;
#1224 = CARTESIAN_POINT ( 'NONE',  ( -74.37499999999995737, 0.5000000000000000000, -193.0000000000000000 ) ) ;
#1225 = VERTEX_POINT ( 'NONE', #229 ) ;
#1226 = CYLINDRICAL_SURFACE ( 'NONE', #1074, 1.500000000000001332 ) ;
#1227 = EDGE_LOOP ( 'NONE', ( #258, #2546 ) ) ;
#1228 = FACE_BOUND ( 'NONE', #1021, .T. ) ;
#1229 = ORIENTED_EDGE ( 'NONE', *, *, #181, .F. ) ;
#1230 = AXIS2_PLACEMENT_3D ( 'NONE', #1973, #1118, #654 ) ;
#1231 = CIRCLE ( 'NONE', #2843, 1.500000000000001332 ) ;
#1232 = DIRECTION ( 'NONE',  ( 0.000000000000000000, 0.000000000000000000, 1.000000000000000000 ) ) ;
#1233 = ORIENTED_EDGE ( 'NONE', *, *, #1392, .F. ) ;
#1234 = CARTESIAN_POINT ( 'NONE',  ( 78.78397985763589872, 0.000000000000000000, -199.9640896339807909 ) ) ;
#1235 = ORIENTED_EDGE ( 'NONE', *, *, #932, .F. ) ;
#1236 = FACE_OUTER_BOUND ( 'NONE', #294, .T. ) ;
#1237 = CYLINDRICAL_SURFACE ( 'NONE', #1947, 1.500000000000001332 ) ;
#1238 = VECTOR ( 'NONE', #1891, 1000.000000000000000 ) ;
#1239 = EDGE_CURVE ( 'NONE', #903, #1225, #1545, .T. ) ;
#1240 = AXIS2_PLACEMENT_3D ( 'NONE', #192, #1280, #168 ) ;
#1241 = ORIENTED_EDGE ( 'NONE', *, *, #2618, .T. ) ;
#1242 = CARTESIAN_POINT ( 'NONE',  ( 49.99999999999997158, 0.5000000000000000000, -186.0999999999999375 ) ) ;
#1243 = ORIENTED_EDGE ( 'NONE', *, *, #1098, .T. ) ;
#1244 = ADVANCED_FACE ( 'NONE', ( #1274 ), #1882, .F. ) ;
#1245 = CARTESIAN_POINT ( 'NONE',  ( 79.37500000000001421, 0.5000000000000000000, -193.7860499750869678 ) ) ;
#1246 = EDGE_LOOP ( 'NONE', ( #5, #1241 ) ) ;
#1247 = DIRECTION ( 'NONE',  ( 0.000000000000000000, -1.000000000000000000, 0.000000000000000000 ) ) ;
#1248 = DIRECTION ( 'NONE',  ( 0.000000000000000000, 0.000000000000000000, 1.000000000000000000 ) ) ;
#1249 = CARTESIAN_POINT ( 'NONE',  ( -39.37499999999991473, 0.5000000000000000000, -6.000000000000003553 ) ) ;
#1250 = VERTEX_POINT ( 'NONE', #219 ) ;
#1251 = CARTESIAN_POINT ( 'NONE',  ( -49.99999999999996447, 0.5000000000000000000, -128.5999999999999659 ) ) ;
#1252 = ORIENTED_EDGE ( 'NONE', *, *, #2240, .F. ) ;
#1253 = CARTESIAN_POINT ( 'NONE',  ( -12.87499999999991829, 0.5000000000000000000, -67.50000000000000000 ) ) ;
#1254 = ORIENTED_EDGE ( 'NONE', *, *, #1968, .F. ) ;
#1255 = PLANE ( 'NONE',  #1115 ) ;
#1256 = ORIENTED_EDGE ( 'NONE', *, *, #2425, .T. ) ;
#1257 = AXIS2_PLACEMENT_3D ( 'NONE', #946, #2103, #991 ) ;
#1258 = EDGE_CURVE ( 'NONE', #802, #305, #604, .T. ) ;
#1259 = AXIS2_PLACEMENT_3D ( 'NONE', #1559, #2023, #42 ) ;
#1260 = DIRECTION ( 'NONE',  ( -1.000000000000000000, -0.000000000000000000, 5.551115123125782702E-16 ) ) ;
#1261 = VECTOR ( 'NONE', #2306, 1000.000000000000000 ) ;
#1262 = EDGE_LOOP ( 'NONE', ( #1367, #1562, #816, #759 ) ) ;
#1263 = DIRECTION ( 'NONE',  ( -0.000000000000000000, -1.000000000000000000, -0.000000000000000000 ) ) ;
#1264 = FACE_OUTER_BOUND ( 'NONE', #2572, .T. ) ;
#1265 = CYLINDRICAL_SURFACE ( 'NONE', #2202, 1.499999999999994449 ) ;
#1266 = ORIENTED_EDGE ( 'NONE', *, *, #2837, .T. ) ;
#1267 = DIRECTION ( 'NONE',  ( -0.000000000000000000, -1.000000000000000000, -0.000000000000000000 ) ) ;
#1268 = CIRCLE ( 'NONE', #2005, 1.250000000000001110 ) ;
#1269 = ADVANCED_FACE ( 'NONE', ( #203 ), #386, .F. ) ;
#1270 = CIRCLE ( 'NONE', #1634, 1.499999999999994449 ) ;
#1271 = ORIENTED_EDGE ( 'NONE', *, *, #2828, .F. ) ;
#1272 = CARTESIAN_POINT ( 'NONE',  ( -4.374999999999918288, 0.000000000000000000, -3.750000000000018208 ) ) ;
#1273 = ORIENTED_EDGE ( 'NONE', *, *, #2624, .T. ) ;
#1274 = FACE_OUTER_BOUND ( 'NONE', #126, .T. ) ;
#1275 = CARTESIAN_POINT ( 'NONE',  ( 29.54570341712947368, 0.5000000000000000000, -228.1829055582983585 ) ) ;
#1276 = EDGE_CURVE ( 'NONE', #557, #933, #2184, .T. ) ;
#1277 = CIRCLE ( 'NONE', #999, 14.16604609612902266 ) ;
#1278 = ORIENTED_EDGE ( 'NONE', *, *, #128, .T. ) ;
#1279 = DIRECTION ( 'NONE',  ( 0.000000000000000000, 0.000000000000000000, 1.000000000000000000 ) ) ;
#1280 = DIRECTION ( 'NONE',  ( -0.000000000000000000, -1.000000000000000000, -0.000000000000000000 ) ) ;
#1281 = DIRECTION ( 'NONE',  ( 1.000000000000000000, 0.000000000000000000, 0.000000000000000000 ) ) ;
#1282 = EDGE_LOOP ( 'NONE', ( #2281, #161, #2810, #1462 ) ) ;
#1283 = CARTESIAN_POINT ( 'NONE',  ( -74.37499999999994316, 0.000000000000000000, -166.5000000000000000 ) ) ;
#1284 = DIRECTION ( 'NONE',  ( 0.000000000000000000, 1.000000000000000000, 0.000000000000000000 ) ) ;
#1285 = EDGE_LOOP ( 'NONE', ( #409, #2154, #1683, #2543 ) ) ;
#1286 = DIRECTION ( 'NONE',  ( 0.000000000000000000, 1.000000000000000000, 0.000000000000000000 ) ) ;
#1287 = EDGE_LOOP ( 'NONE', ( #2725, #1755 ) ) ;
#1288 = AXIS2_PLACEMENT_3D ( 'NONE', #484, #1166, #1368 ) ;
#1289 = CARTESIAN_POINT ( 'NONE',  ( -4.374999999999918288, 0.000000000000000000, -5.000000000000018652 ) ) ;
#1290 = CARTESIAN_POINT ( 'NONE',  ( 64.67499999999995453, 0.5000000000000000000, -118.0000000000000000 ) ) ;
#1291 = EDGE_CURVE ( 'NONE', #1527, #1030, #1912, .T. ) ;
#1292 = DIRECTION ( 'NONE',  ( 0.000000000000000000, 0.000000000000000000, 1.000000000000000000 ) ) ;
#1293 = DIRECTION ( 'NONE',  ( 0.000000000000000000, 0.000000000000000000, 1.000000000000000000 ) ) ;
#1294 = FACE_OUTER_BOUND ( 'NONE', #134, .T. ) ;
#1295 = EDGE_CURVE ( 'NONE', #109, #1456, #188, .T. ) ;
#1296 = FACE_OUTER_BOUND ( 'NONE', #2531, .T. ) ;
#1297 = EDGE_LOOP ( 'NONE', ( #2375, #1677, #1669, #958 ) ) ;
#1298 = DIRECTION ( 'NONE',  ( -0.000000000000000000, -1.000000000000000000, -0.000000000000000000 ) ) ;
#1299 = CARTESIAN_POINT ( 'NONE',  ( -74.87499999999991473, 0.5000000000000000000, -18.00000000000000355 ) ) ;
#1300 = ORIENTED_EDGE ( 'NONE', *, *, #2831, .T. ) ;
#1301 = FACE_OUTER_BOUND ( 'NONE', #1768, .T. ) ;
#1302 = CIRCLE ( 'NONE', #2594, 1.500000000000001332 ) ;
#1303 = VERTEX_POINT ( 'NONE', #636 ) ;
#1304 = CARTESIAN_POINT ( 'NONE',  ( 4.374999999999919176, 0.5000000000000000000, -5.000000000000017764 ) ) ;
#1305 = FACE_OUTER_BOUND ( 'NONE', #86, .T. ) ;
#1306 = VECTOR ( 'NONE', #1132, 1000.000000000000000 ) ;
#1307 = EDGE_CURVE ( 'NONE', #2727, #1167, #863, .T. ) ;
#1308 = DIRECTION ( 'NONE',  ( 0.000000000000000000, 0.000000000000000000, 1.000000000000000000 ) ) ;
#1309 = CARTESIAN_POINT ( 'NONE',  ( -79.37499999999998579, 0.000000000000000000, -193.7860499750869678 ) ) ;
#1310 = CARTESIAN_POINT ( 'NONE',  ( 12.87499999999993072, 0.000000000000000000, -69.00000000000000000 ) ) ;
#1311 = EDGE_LOOP ( 'NONE', ( #1546, #754 ) ) ;
#1312 = DIRECTION ( 'NONE',  ( 0.000000000000000000, 0.000000000000000000, 1.000000000000000000 ) ) ;
#1313 = CARTESIAN_POINT ( 'NONE',  ( 49.99999999999997158, 0.5000000000000000000, -177.0999999999999375 ) ) ;
#1314 = ADVANCED_FACE ( 'NONE', ( #1798 ), #2244, .F. ) ;
#1315 = ORIENTED_EDGE ( 'NONE', *, *, #844, .T. ) ;
#1316 = DIRECTION ( 'NONE',  ( 0.000000000000000000, -1.000000000000000000, 0.000000000000000000 ) ) ;
#1317 = DIRECTION ( 'NONE',  ( -0.000000000000000000, -1.000000000000000000, -0.000000000000000000 ) ) ;
#1318 = PRODUCT_DEFINITION_SHAPE ( 'NONE', 'NONE',  #2610 ) ;
#1319 = DIRECTION ( 'NONE',  ( -4.019742158173901904E-16, 0.000000000000000000, 1.000000000000000000 ) ) ;
#1320 = DIRECTION ( 'NONE',  ( 0.000000000000000000, 0.000000000000000000, 1.000000000000000000 ) ) ;
#1321 = CARTESIAN_POINT ( 'NONE',  ( -49.99999999999994316, 0.5000000000000000000, -177.0999999999999375 ) ) ;
#1322 = ORIENTED_EDGE ( 'NONE', *, *, #993, .F. ) ;
#1323 = CIRCLE ( 'NONE', #1967, 1.500000000000001332 ) ;
#1324 = CARTESIAN_POINT ( 'NONE',  ( 13.37499999999992006, 0.5000000000000000000, -6.000000000000012434 ) ) ;
#1325 = VERTEX_POINT ( 'NONE', #2008 ) ;
#1326 = EDGE_CURVE ( 'NONE', #692, #153, #2350, .T. ) ;
#1327 = FACE_BOUND ( 'NONE', #973, .T. ) ;
#1328 = EDGE_CURVE ( 'NONE', #2129, #2840, #2665, .T. ) ;
#1329 = DIRECTION ( 'NONE',  ( 0.000000000000000000, 0.000000000000000000, 1.000000000000000000 ) ) ;
#1330 = ORIENTED_EDGE ( 'NONE', *, *, #496, .T. ) ;
#1331 = VECTOR ( 'NONE', #310, 1000.000000000000000 ) ;
#1332 = EDGE_CURVE ( 'NONE', #81, #2650, #673, .T. ) ;
#1333 = CARTESIAN_POINT ( 'NONE',  ( -49.99999999999996447, 0.000000000000000000, -129.8499999999999375 ) ) ;
#1334 = CARTESIAN_POINT ( 'NONE',  ( -79.37499999999991473, 0.5000000000000000000, -50.00000000000000000 ) ) ;
#1335 = CARTESIAN_POINT ( 'NONE',  ( 49.37499999999992895, 0.5000000000000000000, -49.99999999999999289 ) ) ;
#1336 = ORIENTED_EDGE ( 'NONE', *, *, #231, .T. ) ;
#1337 = DIRECTION ( 'NONE',  ( 0.000000000000000000, 0.000000000000000000, 1.000000000000000000 ) ) ;
#1338 = FACE_BOUND ( 'NONE', #1287, .T. ) ;
#1339 = EDGE_LOOP ( 'NONE', ( #2075, #442, #1621, #1928 ) ) ;
#1340 = CARTESIAN_POINT ( 'NONE',  ( -79.37499999999998579, 0.000000000000000000, -193.7860499750869678 ) ) ;
#1341 = ORIENTED_EDGE ( 'NONE', *, *, #1968, .T. ) ;
#1342 = ADVANCED_FACE ( 'NONE', ( #28 ), #1608, .F. ) ;
#1343 = CIRCLE ( 'NONE', #460, 1.500000000000001332 ) ;
#1344 = PLANE ( 'NONE',  #1807 ) ;
#1345 = DIRECTION ( 'NONE',  ( 0.000000000000000000, -1.000000000000000000, 0.000000000000000000 ) ) ;
#1346 = AXIS2_PLACEMENT_3D ( 'NONE', #1725, #618, #2359 ) ;
#1347 = CARTESIAN_POINT ( 'NONE',  ( 74.87499999999992895, 0.000000000000000000, -42.99999999999999289 ) ) ;
#1348 = ORIENTED_EDGE ( 'NONE', *, *, #2766, .F. ) ;
#1349 = LINE ( 'NONE', #911, #670 ) ;
#1350 = AXIS2_PLACEMENT_3D ( 'NONE', #851, #1476, #1731 ) ;
#1351 = AXIS2_PLACEMENT_3D ( 'NONE', #1504, #2407, #2142 ) ;
#1352 = LINE ( 'NONE', #1377, #1439 ) ;
#1353 = EDGE_CURVE ( 'NONE', #2297, #105, #78, .T. ) ;
#1354 = VERTEX_POINT ( 'NONE', #1379 ) ;
#1355 = CARTESIAN_POINT ( 'NONE',  ( -4.374999999999918288, 0.5000000000000000000, -5.000000000000018652 ) ) ;
#1356 = ORIENTED_EDGE ( 'NONE', *, *, #2766, .T. ) ;
#1357 = VECTOR ( 'NONE', #1588, 1000.000000000000000 ) ;
#1358 = AXIS2_PLACEMENT_3D ( 'NONE', #1199, #2274, #2733 ) ;
#1359 = ADVANCED_FACE ( 'NONE', ( #732 ), #52, .F. ) ;
#1360 = DIRECTION ( 'NONE',  ( -0.000000000000000000, -1.000000000000000000, -0.000000000000000000 ) ) ;
#1361 = CARTESIAN_POINT ( 'NONE',  ( -49.99999999999994316, 0.000000000000000000, -187.3499999999999375 ) ) ;
#1362 = CARTESIAN_POINT ( 'NONE',  ( 74.87499999999991473, 0.5000000000000000000, -19.49999999999998579 ) ) ;
#1363 = ORIENTED_EDGE ( 'NONE', *, *, #144, .F. ) ;
#1364 = CARTESIAN_POINT ( 'NONE',  ( 74.37499999999998579, 0.5000000000000000000, -194.5000000000000000 ) ) ;
#1365 = AXIS2_PLACEMENT_3D ( 'NONE', #2691, #870, #478 ) ;
#1366 = DIRECTION ( 'NONE',  ( -0.000000000000000000, -1.000000000000000000, -0.000000000000000000 ) ) ;
#1367 = ORIENTED_EDGE ( 'NONE', *, *, #1613, .F. ) ;
#1368 = DIRECTION ( 'NONE',  ( 0.000000000000000000, 0.000000000000000000, 1.000000000000000000 ) ) ;
#1369 = ORIENTED_EDGE ( 'NONE', *, *, #721, .F. ) ;
#1370 = CARTESIAN_POINT ( 'NONE',  ( 64.67499999999996874, 0.5000000000000000000, -132.7000000000000171 ) ) ;
#1371 = CIRCLE ( 'NONE', #1240, 1.500000000000001332 ) ;
#1372 = CARTESIAN_POINT ( 'NONE',  ( 74.87499999999991473, 0.5000000000000000000, -17.99999999999998934 ) ) ;
#1373 = DIRECTION ( 'NONE',  ( 0.000000000000000000, 0.000000000000000000, -1.000000000000000000 ) ) ;
#1374 = VERTEX_POINT ( 'NONE', #2267 ) ;
#1375 = CARTESIAN_POINT ( 'NONE',  ( 0.000000000000000000, 0.5000000000000000000, -228.5999999999999943 ) ) ;
#1376 = EDGE_CURVE ( 'NONE', #540, #2813, #1694, .T. ) ;
#1377 = CARTESIAN_POINT ( 'NONE',  ( -74.87499999999991473, 0.5000000000000000000, -44.50000000000000000 ) ) ;
#1378 = VERTEX_POINT ( 'NONE', #2476 ) ;
#1379 = CARTESIAN_POINT ( 'NONE',  ( 39.37499999999991473, 0.5000000000000000000, -9.000000000000005329 ) ) ;
#1380 = ORIENTED_EDGE ( 'NONE', *, *, #2534, .F. ) ;
#1381 = CARTESIAN_POINT ( 'NONE',  ( 74.87499999999991473, 0.000000000000000000, -17.99999999999998934 ) ) ;
#1382 = AXIS2_PLACEMENT_3D ( 'NONE', #937, #2036, #2699 ) ;
#1383 = CARTESIAN_POINT ( 'NONE',  ( 74.37499999999997158, 0.5000000000000000000, -169.5000000000000000 ) ) ;
#1384 = EDGE_CURVE ( 'NONE', #288, #34, #1109, .T. ) ;
#1385 = DIRECTION ( 'NONE',  ( 0.000000000000000000, -1.000000000000000000, 0.000000000000000000 ) ) ;
#1386 = EDGE_LOOP ( 'NONE', ( #1172, #2102 ) ) ;
#1387 = VERTEX_POINT ( 'NONE', #2461 ) ;
#1388 = AXIS2_PLACEMENT_3D ( 'NONE', #930, #63, #1810 ) ;
#1389 = CARTESIAN_POINT ( 'NONE',  ( 12.87499999999992539, 0.5000000000000000000, -36.00000000000001421 ) ) ;
#1390 = CARTESIAN_POINT ( 'NONE',  ( 74.87499999999992895, 0.5000000000000000000, -44.49999999999998579 ) ) ;
#1391 = AXIS2_PLACEMENT_3D ( 'NONE', #1775, #893, #1996 ) ;
#1392 = EDGE_CURVE ( 'NONE', #305, #1200, #1556, .T. ) ;
#1393 = VECTOR ( 'NONE', #534, 1000.000000000000000 ) ;
#1394 = VERTEX_POINT ( 'NONE', #40 ) ;
#1395 = DIRECTION ( 'NONE',  ( 1.000000000000000000, 0.000000000000000000, 1.747899763146835923E-16 ) ) ;
#1396 = EDGE_LOOP ( 'NONE', ( #2498, #2321, #210, #2309 ) ) ;
#1397 = CARTESIAN_POINT ( 'NONE',  ( -12.87499999999991829, 0.5000000000000000000, -66.00000000000000000 ) ) ;
#1398 = DIRECTION ( 'NONE',  ( 0.000000000000000000, 0.000000000000000000, -1.000000000000000000 ) ) ;
#1399 = AXIS2_PLACEMENT_3D ( 'NONE', #648, #2763, #2423 ) ;
#1400 = CARTESIAN_POINT ( 'NONE',  ( -49.37499999999992184, 0.5000000000000000000, -50.00000000000000000 ) ) ;
#1401 = ORIENTED_EDGE ( 'NONE', *, *, #1893, .F. ) ;
#1402 = CARTESIAN_POINT ( 'NONE',  ( -12.87499999999991829, 0.5000000000000000000, -67.50000000000000000 ) ) ;
#1403 = ORIENTED_EDGE ( 'NONE', *, *, #1413, .F. ) ;
#1404 = DIRECTION ( 'NONE',  ( -0.000000000000000000, -1.000000000000000000, -0.000000000000000000 ) ) ;
#1405 = ORIENTED_EDGE ( 'NONE', *, *, #293, .F. ) ;
#1406 = LINE ( 'NONE', #127, #11 ) ;
#1407 = VERTEX_POINT ( 'NONE', #2227 ) ;
#1408 = FACE_BOUND ( 'NONE', #138, .T. ) ;
#1409 = ORIENTED_EDGE ( 'NONE', *, *, #1239, .T. ) ;
#1410 = ADVANCED_FACE ( 'NONE', ( #243 ), #469, .F. ) ;
#1411 = DIRECTION ( 'NONE',  ( 0.000000000000000000, 0.000000000000000000, -1.000000000000000000 ) ) ;
#1412 = DIRECTION ( 'NONE',  ( 0.000000000000000000, 0.000000000000000000, 1.000000000000000000 ) ) ;
#1413 = EDGE_CURVE ( 'NONE', #1870, #2526, #446, .T. ) ;
#1414 = CARTESIAN_POINT ( 'NONE',  ( 39.37499999999992184, 0.5000000000000000000, -37.50000000000000000 ) ) ;
#1415 = ORIENTED_EDGE ( 'NONE', *, *, #684, .T. ) ;
#1416 = CARTESIAN_POINT ( 'NONE',  ( -49.37499999999994316, 0.5000000000000000000, -118.0000000000000000 ) ) ;
#1417 = CARTESIAN_POINT ( 'NONE',  ( 39.37499999999992184, 0.000000000000000000, -39.00000000000000000 ) ) ;
#1418 = AXIS2_PLACEMENT_3D ( 'NONE', #1441, #1657, #344 ) ;
#1419 = DIRECTION ( 'NONE',  ( -1.747899763146835923E-16, 0.000000000000000000, 1.000000000000000000 ) ) ;
#1420 = ORIENTED_EDGE ( 'NONE', *, *, #792, .T. ) ;
#1421 = CYLINDRICAL_SURFACE ( 'NONE', #2084, 1.500000000000001332 ) ;
#1422 = ORIENTED_EDGE ( 'NONE', *, *, #1583, .T. ) ;
#1423 = ORIENTED_EDGE ( 'NONE', *, *, #2369, .T. ) ;
#1424 = FACE_BOUND ( 'NONE', #2768, .T. ) ;
#1425 = ORIENTED_EDGE ( 'NONE', *, *, #1751, .F. ) ;
#1426 = CARTESIAN_POINT ( 'NONE',  ( -49.99999999999994316, 0.5000000000000000000, -177.0999999999999375 ) ) ;
#1427 = DIRECTION ( 'NONE',  ( -0.000000000000000000, -1.000000000000000000, -0.000000000000000000 ) ) ;
#1428 = AXIS2_PLACEMENT_3D ( 'NONE', #2500, #2069, #75 ) ;
#1429 = ADVANCED_FACE ( 'NONE', ( #65 ), #801, .F. ) ;
#1430 = CARTESIAN_POINT ( 'NONE',  ( -49.99999999999994316, 0.5000000000000000000, -178.3499999999999375 ) ) ;
#1431 = ORIENTED_EDGE ( 'NONE', *, *, #1781, .T. ) ;
#1432 = CARTESIAN_POINT ( 'NONE',  ( 13.37499999999992006, 0.5000000000000000000, -7.500000000000012434 ) ) ;
#1433 = EDGE_LOOP ( 'NONE', ( #2681, #348, #674, #918 ) ) ;
#1434 = CARTESIAN_POINT ( 'NONE',  ( -39.37499999999991473, 0.5000000000000000000, -67.50000000000000000 ) ) ;
#1435 = EDGE_LOOP ( 'NONE', ( #2136, #1812, #2755, #2739 ) ) ;
#1436 = FACE_OUTER_BOUND ( 'NONE', #2299, .T. ) ;
#1437 = CIRCLE ( 'NONE', #929, 1.500000000000001332 ) ;
#1438 = VECTOR ( 'NONE', #1988, 1000.000000000000000 ) ;
#1439 = VECTOR ( 'NONE', #2225, 1000.000000000000000 ) ;
#1440 = EDGE_LOOP ( 'NONE', ( #2490, #230, #1557, #2388 ) ) ;
#1441 = CARTESIAN_POINT ( 'NONE',  ( -65.20895390387087787, 0.5000000000000000000, -14.16604609612900845 ) ) ;
#1442 = ORIENTED_EDGE ( 'NONE', *, *, #865, .T. ) ;
#1443 = EDGE_CURVE ( 'NONE', #2591, #477, #493, .T. ) ;
#1444 = VECTOR ( 'NONE', #1788, 1000.000000000000000 ) ;
#1445 = AXIS2_PLACEMENT_3D ( 'NONE', #1660, #2550, #1412 ) ;
#1446 = DIRECTION ( 'NONE',  ( -0.000000000000000000, -1.000000000000000000, -0.000000000000000000 ) ) ;
#1447 = AXIS2_PLACEMENT_3D ( 'NONE', #506, #2557, #1204 ) ;
#1448 = EDGE_CURVE ( 'NONE', #570, #318, #588, .T. ) ;
#1449 = ORIENTED_EDGE ( 'NONE', *, *, #2076, .T. ) ;
#1450 = EDGE_LOOP ( 'NONE', ( #950, #1051, #1019, #2228 ) ) ;
#1451 = AXIS2_PLACEMENT_3D ( 'NONE', #1414, #736, #1373 ) ;
#1452 = CARTESIAN_POINT ( 'NONE',  ( -74.87499999999991473, 0.5000000000000000000, -19.50000000000000000 ) ) ;
#1453 = ORIENTED_EDGE ( 'NONE', *, *, #1554, .T. ) ;
#1454 = LINE ( 'NONE', #2558, #1852 ) ;
#1455 = EDGE_CURVE ( 'NONE', #1805, #1203, #1471, .T. ) ;
#1456 = VERTEX_POINT ( 'NONE', #2107 ) ;
#1457 = DIRECTION ( 'NONE',  ( -0.000000000000000000, -1.000000000000000000, -0.000000000000000000 ) ) ;
#1458 = ORIENTED_EDGE ( 'NONE', *, *, #2679, .F. ) ;
#1459 = VECTOR ( 'NONE', #1915, 1000.000000000000000 ) ;
#1460 = VECTOR ( 'NONE', #1281, 1000.000000000000000 ) ;
#1461 = CARTESIAN_POINT ( 'NONE',  ( 74.37499999999997158, 0.5000000000000000000, -144.5000000000000284 ) ) ;
#1462 = ORIENTED_EDGE ( 'NONE', *, *, #762, .T. ) ;
#1463 = DIRECTION ( 'NONE',  ( 1.000000000000000000, 0.000000000000000000, 5.551115123125780730E-16 ) ) ;
#1464 = ORIENTED_EDGE ( 'NONE', *, *, #1028, .F. ) ;
#1465 = LINE ( 'NONE', #2569, #328 ) ;
#1466 = EDGE_LOOP ( 'NONE', ( #64, #326 ) ) ;
#1467 = CARTESIAN_POINT ( 'NONE',  ( -74.87499999999991473, 0.5000000000000000000, -43.00000000000000000 ) ) ;
#1468 = CIRCLE ( 'NONE', #2535, 1.500000000000001332 ) ;
#1469 = EDGE_CURVE ( 'NONE', #237, #2850, #963, .T. ) ;
#1470 = ORIENTED_EDGE ( 'NONE', *, *, #2018, .T. ) ;
#1471 = LINE ( 'NONE', #2059, #1331 ) ;
#1472 = ORIENTED_EDGE ( 'NONE', *, *, #704, .T. ) ;
#1473 = DIRECTION ( 'NONE',  ( -0.000000000000000000, -1.000000000000000000, -0.000000000000000000 ) ) ;
#1474 = LINE ( 'NONE', #2832, #1950 ) ;
#1475 = VERTEX_POINT ( 'NONE', #2532 ) ;
#1476 = DIRECTION ( 'NONE',  ( -0.000000000000000000, -1.000000000000000000, -0.000000000000000000 ) ) ;
#1477 = CARTESIAN_POINT ( 'NONE',  ( 49.99999999999997868, 0.000000000000000000, -131.0999999999999091 ) ) ;
#1478 = EDGE_CURVE ( 'NONE', #2334, #136, #2804, .T. ) ;
#1479 = DIRECTION ( 'NONE',  ( -0.000000000000000000, -1.000000000000000000, -0.000000000000000000 ) ) ;
#1480 = VERTEX_POINT ( 'NONE', #295 ) ;
#1481 = DIRECTION ( 'NONE',  ( 0.000000000000000000, -1.000000000000000000, 0.000000000000000000 ) ) ;
#1482 = ORIENTED_EDGE ( 'NONE', *, *, #1353, .T. ) ;
#1483 = EDGE_CURVE ( 'NONE', #2254, #2603, #142, .T. ) ;
#1484 = CARTESIAN_POINT ( 'NONE',  ( -79.37499999999992895, 0.5000000000000000000, -132.7000000000000171 ) ) ;
#1485 = EDGE_LOOP ( 'NONE', ( #95, #1957 ) ) ;
#1486 = VECTOR ( 'NONE', #1640, 1000.000000000000000 ) ;
#1487 = DIRECTION ( 'NONE',  ( -1.000000000000000000, 0.000000000000000000, -0.000000000000000000 ) ) ;
#1488 = AXIS2_PLACEMENT_3D ( 'NONE', #2589, #1712, #1049 ) ;
#1489 = DIRECTION ( 'NONE',  ( -0.000000000000000000, -1.000000000000000000, -0.000000000000000000 ) ) ;
#1490 = CIRCLE ( 'NONE', #1763, 1.500000000000000444 ) ;
#1491 = ORIENTED_EDGE ( 'NONE', *, *, #218, .T. ) ;
#1492 = DIRECTION ( 'NONE',  ( -0.000000000000000000, -1.000000000000000000, -0.000000000000000000 ) ) ;
#1493 = DIRECTION ( 'NONE',  ( 0.000000000000000000, 0.000000000000000000, 1.000000000000000000 ) ) ;
#1494 = EDGE_CURVE ( 'NONE', #1630, #1387, #1670, .T. ) ;
#1495 = DIRECTION ( 'NONE',  ( 1.000000000000000000, 0.000000000000000000, -2.271842395027065735E-16 ) ) ;
#1496 = ORIENTED_EDGE ( 'NONE', *, *, #1981, .F. ) ;
#1497 = FACE_OUTER_BOUND ( 'NONE', #213, .T. ) ;
#1498 = CARTESIAN_POINT ( 'NONE',  ( -74.37499999999995737, 0.5000000000000000000, -193.0000000000000000 ) ) ;
#1499 = CIRCLE ( 'NONE', #2472, 1.250000000000000222 ) ;
#1500 = EDGE_LOOP ( 'NONE', ( #1205, #185 ) ) ;
#1501 = CARTESIAN_POINT ( 'NONE',  ( -74.87499999999991473, 0.000000000000000000, -43.00000000000000000 ) ) ;
#1502 = EDGE_LOOP ( 'NONE', ( #79, #2415, #613, #1341 ) ) ;
#1503 = LINE ( 'NONE', #1979, #388 ) ;
#1504 = CARTESIAN_POINT ( 'NONE',  ( 65.20895390387087787, 0.000000000000000000, -14.16604609612899779 ) ) ;
#1505 = AXIS2_PLACEMENT_3D ( 'NONE', #1734, #2571, #586 ) ;
#1506 = EDGE_CURVE ( 'NONE', #1122, #34, #80, .T. ) ;
#1507 = CARTESIAN_POINT ( 'NONE',  ( 74.37499999999997158, 0.5000000000000000000, -168.0000000000000000 ) ) ;
#1508 = CARTESIAN_POINT ( 'NONE',  ( -74.37499999999994316, 0.5000000000000000000, -168.0000000000000000 ) ) ;
#1509 = CYLINDRICAL_SURFACE ( 'NONE', #1946, 1.250000000000000222 ) ;
#1510 = VERTEX_POINT ( 'NONE', #2074 ) ;
#1511 = CARTESIAN_POINT ( 'NONE',  ( 39.37499999999992184, 0.000000000000000000, -37.50000000000000000 ) ) ;
#1512 = DIRECTION ( 'NONE',  ( 0.000000000000000000, 1.000000000000000000, 0.000000000000000000 ) ) ;
#1513 = ORIENTED_EDGE ( 'NONE', *, *, #2116, .T. ) ;
#1514 = CARTESIAN_POINT ( 'NONE',  ( -49.37499999999994316, 0.5000000000000000000, -118.0000000000000000 ) ) ;
#1515 = ORIENTED_EDGE ( 'NONE', *, *, #599, .F. ) ;
#1516 = ADVANCED_FACE ( 'NONE', ( #1643, #1228, #1844, #2726, #1862, #1628, #2561, #1682, #745, #2333, #995, #541, #2519, #2547, #94, #1424, #1878, #2743, #527, #325, #1408, #2298, #764, #357, #2121, #1023, #1905, #2759 ), #777, .T. ) ;
#1517 = CARTESIAN_POINT ( 'NONE',  ( -74.87499999999991473, 0.000000000000000000, -43.00000000000000000 ) ) ;
#1518 = DIRECTION ( 'NONE',  ( 0.000000000000000000, 0.000000000000000000, 1.000000000000000000 ) ) ;
#1519 = EDGE_CURVE ( 'NONE', #1220, #2578, #1468, .T. ) ;
#1520 = CARTESIAN_POINT ( 'NONE',  ( 49.99999999999997868, 0.000000000000000000, -128.5999999999999659 ) ) ;
#1521 = CARTESIAN_POINT ( 'NONE',  ( -65.20895390387087787, 0.5000000000000000000, 0.000000000000000000 ) ) ;
#1522 = CARTESIAN_POINT ( 'NONE',  ( 65.20895390387087787, 0.5000000000000000000, -14.16604609612899779 ) ) ;
#1523 = ORIENTED_EDGE ( 'NONE', *, *, #2831, .F. ) ;
#1524 = DIRECTION ( 'NONE',  ( 0.000000000000000000, 1.000000000000000000, 0.000000000000000000 ) ) ;
#1525 = ORIENTED_EDGE ( 'NONE', *, *, #938, .T. ) ;
#1526 = DIRECTION ( 'NONE',  ( 1.000000000000000000, 0.000000000000000000, 0.000000000000000000 ) ) ;
#1527 = VERTEX_POINT ( 'NONE', #1272 ) ;
#1528 = DIRECTION ( 'NONE',  ( -1.000000000000000000, 0.000000000000000000, -1.747899763146835923E-16 ) ) ;
#1529 = AXIS2_PLACEMENT_3D ( 'NONE', #1934, #2641, #2814 ) ;
#1530 = CIRCLE ( 'NONE', #2564, 14.16604609612902266 ) ;
#1531 = CIRCLE ( 'NONE', #199, 1.249999999999973355 ) ;
#1532 = LINE ( 'NONE', #675, #2601 ) ;
#1533 = CARTESIAN_POINT ( 'NONE',  ( -49.99999999999996447, 0.5000000000000000000, -129.8499999999999375 ) ) ;
#1534 = AXIS2_PLACEMENT_3D ( 'NONE', #2611, #2126, #819 ) ;
#1535 = EDGE_CURVE ( 'NONE', #891, #2292, #2827, .T. ) ;
#1536 = DIRECTION ( 'NONE',  ( 0.000000000000000000, 0.000000000000000000, 1.000000000000000000 ) ) ;
#1537 = ORIENTED_EDGE ( 'NONE', *, *, #2179, .T. ) ;
#1538 = CARTESIAN_POINT ( 'NONE',  ( -49.99999999999994316, 0.5000000000000000000, -186.0999999999999375 ) ) ;
#1539 = FACE_OUTER_BOUND ( 'NONE', #1218, .T. ) ;
#1540 = ADVANCED_FACE ( 'NONE', ( #1739 ), #2181, .F. ) ;
#1541 = ORIENTED_EDGE ( 'NONE', *, *, #1455, .F. ) ;
#1542 = FACE_OUTER_BOUND ( 'NONE', #1944, .T. ) ;
#1543 = VERTEX_POINT ( 'NONE', #426 ) ;
#1544 = AXIS2_PLACEMENT_3D ( 'NONE', #1304, #2155, #1070 ) ;
#1545 = LINE ( 'NONE', #2854, #2195 ) ;
#1546 = ORIENTED_EDGE ( 'NONE', *, *, #762, .F. ) ;
#1547 = DIRECTION ( 'NONE',  ( 0.000000000000000000, 0.000000000000000000, 1.000000000000000000 ) ) ;
#1548 = MECHANICAL_DESIGN_GEOMETRIC_PRESENTATION_REPRESENTATION (  '', ( #1966 ), #748 ) ;
#1549 = FACE_OUTER_BOUND ( 'NONE', #1696, .T. ) ;
#1550 = CARTESIAN_POINT ( 'NONE',  ( 79.37499999999991473, 0.000000000000000000, -14.16604609612901555 ) ) ;
#1551 = ORIENTED_EDGE ( 'NONE', *, *, #1328, .F. ) ;
#1552 = CARTESIAN_POINT ( 'NONE',  ( 78.78397985763589872, 0.5000000000000000000, -199.9640896339807909 ) ) ;
#1553 = DIRECTION ( 'NONE',  ( 0.000000000000000000, 0.000000000000000000, -1.000000000000000000 ) ) ;
#1554 = EDGE_CURVE ( 'NONE', #2434, #796, #308, .T. ) ;
#1555 = ORIENTED_EDGE ( 'NONE', *, *, #2361, .F. ) ;
#1556 = LINE ( 'NONE', #2450, #2444 ) ;
#1557 = ORIENTED_EDGE ( 'NONE', *, *, #2780, .T. ) ;
#1558 = VECTOR ( 'NONE', #556, 1000.000000000000000 ) ;
#1559 = CARTESIAN_POINT ( 'NONE',  ( 13.37499999999992006, 0.5000000000000000000, -7.500000000000012434 ) ) ;
#1560 = CARTESIAN_POINT ( 'NONE',  ( -13.37499999999991829, 0.000000000000000000, -9.000000000000015987 ) ) ;
#1561 = DIRECTION ( 'NONE',  ( -0.000000000000000000, -1.000000000000000000, -0.000000000000000000 ) ) ;
#1562 = ORIENTED_EDGE ( 'NONE', *, *, #2282, .T. ) ;
#1563 = ADVANCED_FACE ( 'NONE', ( #215 ), #1945, .F. ) ;
#1564 = DIRECTION ( 'NONE',  ( 0.000000000000000000, -1.000000000000000000, 0.000000000000000000 ) ) ;
#1565 = FACE_BOUND ( 'NONE', #1466, .T. ) ;
#1566 = EDGE_CURVE ( 'NONE', #977, #1387, #864, .T. ) ;
#1567 = ORIENTED_EDGE ( 'NONE', *, *, #335, .F. ) ;
#1568 = DIRECTION ( 'NONE',  ( 0.000000000000000000, -1.000000000000000000, 0.000000000000000000 ) ) ;
#1569 = ORIENTED_EDGE ( 'NONE', *, *, #1006, .F. ) ;
#1570 = CLOSED_SHELL ( 'NONE', ( #1690, #1540, #1119, #1816, #2585, #2031, #214, #1269, #2482, #265, #220, #2263, #633, #565, #107, #2773, #696, #902, #61, #2793, #2632, #2174, #2486, #740, #1516, #1710, #1604, #1093, #314, #2203, #36, #2322, #1563, #1244, #804, #1114, #1727, #1069, #1867, #297, #1342, #824, #1809, #2044, #1659, #474, #363, #1147, #1410, #2362, #369, #2109, #2234, #1054, #439, #1995, #2341, #559, #2508, #2016, #1922, #1625, #1575, #550, #2758, #2595, #1314, #1963, #190, #1359, #1111, #809, #1140, #2410, #1876, #82, #1793, #1833, #1429 ) ) ;
#1571 = DIRECTION ( 'NONE',  ( 0.000000000000000000, 1.000000000000000000, 0.000000000000000000 ) ) ;
#1572 = DIRECTION ( 'NONE',  ( 0.000000000000000000, -1.000000000000000000, 0.000000000000000000 ) ) ;
#1573 = AXIS2_PLACEMENT_3D ( 'NONE', #2026, #1790, #234 ) ;
#1574 = AXIS2_PLACEMENT_3D ( 'NONE', #1299, #197, #1080 ) ;
#1575 = ADVANCED_FACE ( 'NONE', ( #2800 ), #2137, .F. ) ;
#1576 = DIRECTION ( 'NONE',  ( 0.000000000000000000, 0.000000000000000000, 1.000000000000000000 ) ) ;
#1577 = ORIENTED_EDGE ( 'NONE', *, *, #3, .F. ) ;
#1578 = CARTESIAN_POINT ( 'NONE',  ( 39.37499999999991473, 0.000000000000000000, -5.999999999999996447 ) ) ;
#1579 = AXIS2_PLACEMENT_3D ( 'NONE', #398, #2132, #173 ) ;
#1580 = CIRCLE ( 'NONE', #1445, 1.499999999999997780 ) ;
#1581 = DIRECTION ( 'NONE',  ( 0.000000000000000000, -1.000000000000000000, 0.000000000000000000 ) ) ;
#1582 = AXIS2_PLACEMENT_3D ( 'NONE', #568, #1404, #2264 ) ;
#1583 = EDGE_CURVE ( 'NONE', #225, #105, #873, .T. ) ;
#1584 = VERTEX_POINT ( 'NONE', #2197 ) ;
#1585 = CARTESIAN_POINT ( 'NONE',  ( -79.37499999999998579, 0.5000000000000000000, -193.7860499750869678 ) ) ;
#1586 = ORIENTED_EDGE ( 'NONE', *, *, #1011, .T. ) ;
#1587 = CARTESIAN_POINT ( 'NONE',  ( -65.20895390387087787, 0.5000000000000000000, 0.000000000000000000 ) ) ;
#1588 = DIRECTION ( 'NONE',  ( 0.000000000000000000, -1.000000000000000000, 0.000000000000000000 ) ) ;
#1589 = EDGE_CURVE ( 'NONE', #365, #1394, #2210, .T. ) ;
#1590 = CYLINDRICAL_SURFACE ( 'NONE', #625, 1.500000000000001332 ) ;
#1591 = EDGE_LOOP ( 'NONE', ( #1380, #2144, #657, #672 ) ) ;
#1592 = CARTESIAN_POINT ( 'NONE',  ( 13.37499999999992006, 0.000000000000000000, -7.500000000000012434 ) ) ;
#1593 =( NAMED_UNIT ( * ) SI_UNIT ( $, .STERADIAN. ) SOLID_ANGLE_UNIT ( ) );
#1594 = AXIS2_PLACEMENT_3D ( 'NONE', #450, #2028, #1337 ) ;
#1595 = FACE_BOUND ( 'NONE', #872, .T. ) ;
#1596 = ORIENTED_EDGE ( 'NONE', *, *, #2653, .F. ) ;
#1597 = CARTESIAN_POINT ( 'NONE',  ( 2.260144074701980317E-15, 0.000000000000000000, -228.5999999999999943 ) ) ;
#1598 = ORIENTED_EDGE ( 'NONE', *, *, #417, .F. ) ;
#1599 = EDGE_CURVE ( 'NONE', #1303, #2630, #2164, .T. ) ;
#1600 = AXIS2_PLACEMENT_3D ( 'NONE', #2093, #113, #2575 ) ;
#1601 = DIRECTION ( 'NONE',  ( 0.000000000000000000, 0.000000000000000000, 1.000000000000000000 ) ) ;
#1602 = AXIS2_PLACEMENT_3D ( 'NONE', #1045, #362, #2795 ) ;
#1603 = DIRECTION ( 'NONE',  ( -1.000000000000000000, 0.000000000000000000, 0.000000000000000000 ) ) ;
#1604 = ADVANCED_FACE ( 'NONE', ( #658 ), #1255, .F. ) ;
#1605 = PLANE ( 'NONE',  #116 ) ;
#1606 = ORIENTED_EDGE ( 'NONE', *, *, #2856, .F. ) ;
#1607 = CARTESIAN_POINT ( 'NONE',  ( 49.37499999999992895, 0.5000000000000000000, -49.99999999999999289 ) ) ;
#1608 = B_SPLINE_SURFACE_WITH_KNOTS ( 'NONE', 3, 1, ( 
 ( #715, #1597 ),
 ( #2255, #2713 ),
 ( #890, #268 ),
 ( #1125, #2033 ),
 ( #1829, #2669 ),
 ( #2046, #281 ),
 ( #1585, #1340 ) ),
 .UNSPECIFIED., .F., .F., .F.,
 ( 4, 1, 1, 1, 4 ),
 ( 2, 2 ),
 ( 0.000000000000000000, 0.2800928068961774375, 0.6713298521798601870, 0.7738865541292181405, 1.000000000000000000 ),
 ( 0.000000000000000000, 1.000000000000000000 ),
 .UNSPECIFIED. ) ;
#1609 = LINE ( 'NONE', #1020, #1486 ) ;
#1610 = ORIENTED_EDGE ( 'NONE', *, *, #2679, .T. ) ;
#1611 = DIRECTION ( 'NONE',  ( 0.000000000000000000, 0.000000000000000000, 1.000000000000000000 ) ) ;
#1612 = ORIENTED_EDGE ( 'NONE', *, *, #1506, .F. ) ;
#1613 = EDGE_CURVE ( 'NONE', #2630, #1303, #332, .T. ) ;
#1614 = DIRECTION ( 'NONE',  ( -0.000000000000000000, -1.000000000000000000, -0.000000000000000000 ) ) ;
#1615 = CARTESIAN_POINT ( 'NONE',  ( -49.99999999999994316, 0.000000000000000000, -178.3499999999999375 ) ) ;
#1616 = LINE ( 'NONE', #2689, #206 ) ;
#1617 = ORIENTED_EDGE ( 'NONE', *, *, #30, .F. ) ;
#1618 = ORIENTED_EDGE ( 'NONE', *, *, #2018, .F. ) ;
#1619 = EDGE_CURVE ( 'NONE', #1303, #647, #1038, .T. ) ;
#1620 = CYLINDRICAL_SURFACE ( 'NONE', #1684, 1.500000000000001332 ) ;
#1621 = ORIENTED_EDGE ( 'NONE', *, *, #993, .T. ) ;
#1622 = VECTOR ( 'NONE', #1135, 1000.000000000000000 ) ;
#1623 = DIRECTION ( 'NONE',  ( -0.000000000000000000, -1.000000000000000000, -0.000000000000000000 ) ) ;
#1624 = AXIS2_PLACEMENT_3D ( 'NONE', #734, #312, #1817 ) ;
#1625 = ADVANCED_FACE ( 'NONE', ( #1301 ), #1709, .F. ) ;
#1626 = VECTOR ( 'NONE', #520, 1000.000000000000000 ) ;
#1627 = EDGE_LOOP ( 'NONE', ( #681, #587 ) ) ;
#1628 = FACE_BOUND ( 'NONE', #2266, .T. ) ;
#1629 = CIRCLE ( 'NONE', #2379, 1.250000000000028866 ) ;
#1630 = VERTEX_POINT ( 'NONE', #2587 ) ;
#1631 = AXIS2_PLACEMENT_3D ( 'NONE', #1001, #299, #1866 ) ;
#1632 = DIRECTION ( 'NONE',  ( 1.000000000000000000, 0.000000000000000000, 1.110223024625156540E-15 ) ) ;
#1633 = CARTESIAN_POINT ( 'NONE',  ( -74.87499999999991473, 0.5000000000000000000, -41.50000000000000711 ) ) ;
#1634 = AXIS2_PLACEMENT_3D ( 'NONE', #1517, #2830, #1329 ) ;
#1635 = FACE_OUTER_BOUND ( 'NONE', #1779, .T. ) ;
#1636 = ORIENTED_EDGE ( 'NONE', *, *, #1328, .T. ) ;
#1637 = CARTESIAN_POINT ( 'NONE',  ( -12.87499999999991829, 0.000000000000000000, -39.00000000000001421 ) ) ;
#1638 = ORIENTED_EDGE ( 'NONE', *, *, #932, .T. ) ;
#1639 = LINE ( 'NONE', #2707, #440 ) ;
#1640 = DIRECTION ( 'NONE',  ( -0.000000000000000000, -1.000000000000000000, -0.000000000000000000 ) ) ;
#1641 = VERTEX_POINT ( 'NONE', #2605 ) ;
#1642 = EDGE_CURVE ( 'NONE', #1875, #2659, #881, .T. ) ;
#1643 = FACE_BOUND ( 'NONE', #282, .T. ) ;
#1644 = EDGE_LOOP ( 'NONE', ( #888, #2180, #2119, #1464 ) ) ;
#1645 = FACE_OUTER_BOUND ( 'NONE', #1433, .T. ) ;
#1646 = CARTESIAN_POINT ( 'NONE',  ( -79.37499999999991473, 0.5000000000000000000, -14.16604609612902976 ) ) ;
#1647 = DIRECTION ( 'NONE',  ( 0.000000000000000000, 0.000000000000000000, 1.000000000000000000 ) ) ;
#1648 = VERTEX_POINT ( 'NONE', #186 ) ;
#1649 = CARTESIAN_POINT ( 'NONE',  ( 74.87499999999992895, 0.5000000000000000000, -42.99999999999999289 ) ) ;
#1650 = VERTEX_POINT ( 'NONE', #1067 ) ;
#1651 = VECTOR ( 'NONE', #1991, 1000.000000000000000 ) ;
#1652 = EDGE_CURVE ( 'NONE', #765, #570, #2841, .T. ) ;
#1653 = LINE ( 'NONE', #552, #717 ) ;
#1654 = VERTEX_POINT ( 'NONE', #2265 ) ;
#1655 = CARTESIAN_POINT ( 'NONE',  ( -74.87499999999991473, 0.000000000000000000, -41.50000000000000711 ) ) ;
#1656 = ORIENTED_EDGE ( 'NONE', *, *, #1239, .F. ) ;
#1657 = DIRECTION ( 'NONE',  ( 0.000000000000000000, 1.000000000000000000, 0.000000000000000000 ) ) ;
#1658 = ORIENTED_EDGE ( 'NONE', *, *, #2105, .F. ) ;
#1659 = ADVANCED_FACE ( 'NONE', ( #1542 ), #2435, .F. ) ;
#1660 = CARTESIAN_POINT ( 'NONE',  ( -74.87499999999991473, 0.000000000000000000, -18.00000000000000355 ) ) ;
#1661 = CARTESIAN_POINT ( 'NONE',  ( -13.37499999999991829, 0.5000000000000000000, -7.500000000000015099 ) ) ;
#1662 = VERTEX_POINT ( 'NONE', #2447 ) ;
#1663 = FILL_AREA_STYLE ('',( #289 ) ) ;
#1664 = ORIENTED_EDGE ( 'NONE', *, *, #1675, .T. ) ;
#1665 = EDGE_CURVE ( 'NONE', #1510, #29, #1758, .T. ) ;
#1666 = DIRECTION ( 'NONE',  ( -0.000000000000000000, -1.000000000000000000, -0.000000000000000000 ) ) ;
#1667 = CARTESIAN_POINT ( 'NONE',  ( 49.99999999999997158, 0.5000000000000000000, -179.5999999999999375 ) ) ;
#1668 = VECTOR ( 'NONE', #2649, 1000.000000000000000 ) ;
#1669 = ORIENTED_EDGE ( 'NONE', *, *, #2741, .F. ) ;
#1670 = LINE ( 'NONE', #1012, #1558 ) ;
#1671 = VERTEX_POINT ( 'NONE', #1783 ) ;
#1672 = AXIS2_PLACEMENT_3D ( 'NONE', #1381, #2522, #2505 ) ;
#1673 = CARTESIAN_POINT ( 'NONE',  ( 79.37499999999991473, 0.5000000000000000000, -14.16604609612901555 ) ) ;
#1674 = ORIENTED_EDGE ( 'NONE', *, *, #307, .T. ) ;
#1675 = EDGE_CURVE ( 'NONE', #2327, #2659, #1352, .T. ) ;
#1676 = CARTESIAN_POINT ( 'NONE',  ( -74.37499999999994316, 0.5000000000000000000, -143.0000000000000284 ) ) ;
#1677 = ORIENTED_EDGE ( 'NONE', *, *, #1043, .T. ) ;
#1678 = DIRECTION ( 'NONE',  ( 0.000000000000000000, -1.000000000000000000, 0.000000000000000000 ) ) ;
#1679 = EDGE_LOOP ( 'NONE', ( #642, #778, #617, #2045 ) ) ;
#1680 = LINE ( 'NONE', #1251, #1459 ) ;
#1681 = ORIENTED_EDGE ( 'NONE', *, *, #2120, .T. ) ;
#1682 = FACE_BOUND ( 'NONE', #744, .T. ) ;
#1683 = ORIENTED_EDGE ( 'NONE', *, *, #2396, .F. ) ;
#1684 = AXIS2_PLACEMENT_3D ( 'NONE', #1176, #773, #2056 ) ;
#1685 = EDGE_CURVE ( 'NONE', #1126, #384, #2372, .T. ) ;
#1686 = CARTESIAN_POINT ( 'NONE',  ( 74.37499999999998579, 0.5000000000000000000, -193.0000000000000000 ) ) ;
#1687 = ORIENTED_EDGE ( 'NONE', *, *, #1990, .T. ) ;
#1688 = CARTESIAN_POINT ( 'NONE',  ( -12.87499999999991829, 0.5000000000000000000, -36.00000000000001421 ) ) ;
#1689 = CARTESIAN_POINT ( 'NONE',  ( 79.37499999999995737, 0.5000000000000000000, -132.7000000000000171 ) ) ;
#1690 = ADVANCED_FACE ( 'NONE', ( #1794 ), #2654, .F. ) ;
#1691 = DIRECTION ( 'NONE',  ( 0.000000000000000000, -1.000000000000000000, 0.000000000000000000 ) ) ;
#1692 = ORIENTED_EDGE ( 'NONE', *, *, #1583, .F. ) ;
#1693 = CARTESIAN_POINT ( 'NONE',  ( -49.99999999999996447, 0.000000000000000000, -128.5999999999999659 ) ) ;
#1694 = CIRCLE ( 'NONE', #908, 1.500000000000001332 ) ;
#1695 = CARTESIAN_POINT ( 'NONE',  ( -39.37499999999991473, 0.000000000000000000, -39.00000000000000711 ) ) ;
#1696 = EDGE_LOOP ( 'NONE', ( #1273, #1425, #1110, #2412 ) ) ;
#1697 = CARTESIAN_POINT ( 'NONE',  ( -49.99999999999996447, 0.5000000000000000000, -129.8499999999999375 ) ) ;
#1698 = ORIENTED_EDGE ( 'NONE', *, *, #1797, .T. ) ;
#1699 = DIRECTION ( 'NONE',  ( 0.000000000000000000, 0.000000000000000000, -1.000000000000000000 ) ) ;
#1700 = ORIENTED_EDGE ( 'NONE', *, *, #2214, .T. ) ;
#1701 = FACE_OUTER_BOUND ( 'NONE', #1156, .T. ) ;
#1702 = CARTESIAN_POINT ( 'NONE',  ( -79.37499999999991473, 0.000000000000000000, -14.16604609612902976 ) ) ;
#1703 = DIRECTION ( 'NONE',  ( 0.000000000000000000, 0.000000000000000000, 1.000000000000000000 ) ) ;
#1704 = VERTEX_POINT ( 'NONE', #2678 ) ;
#1705 = CYLINDRICAL_SURFACE ( 'NONE', #2288, 1.249999999999973355 ) ;
#1706 = CARTESIAN_POINT ( 'NONE',  ( 79.37499999999995737, 0.5000000000000000000, -132.7000000000000171 ) ) ;
#1707 = AXIS2_PLACEMENT_3D ( 'NONE', #2848, #650, #208 ) ;
#1708 = EDGE_LOOP ( 'NONE', ( #1097, #2066, #2243, #772 ) ) ;
#1709 = CYLINDRICAL_SURFACE ( 'NONE', #100, 1.250000000000001110 ) ;
#1710 = ADVANCED_FACE ( 'NONE', ( #452, #1989, #2709, #437, #277, #1338, #2473, #238, #1161, #1123, #1769, #254, #1565, #1327, #671, #1136, #10, #1108, #2253, #1595, #2017, #2006, #25, #697, #2666, #481, #2212, #682 ), #266, .F. ) ;
#1711 = CARTESIAN_POINT ( 'NONE',  ( 79.37499999999992895, 0.000000000000000000, -49.99999999999998579 ) ) ;
#1712 = DIRECTION ( 'NONE',  ( -0.000000000000000000, -1.000000000000000000, -0.000000000000000000 ) ) ;
#1713 = AXIS2_PLACEMENT_3D ( 'NONE', #1129, #2204, #2426 ) ;
#1714 = CIRCLE ( 'NONE', #2602, 1.500000000000003997 ) ;
#1715 = DIRECTION ( 'NONE',  ( -0.000000000000000000, -1.000000000000000000, -0.000000000000000000 ) ) ;
#1716 = VECTOR ( 'NONE', #2512, 1000.000000000000000 ) ;
#1717 = DIRECTION ( 'NONE',  ( -0.000000000000000000, -1.000000000000000000, -0.000000000000000000 ) ) ;
#1718 = DIRECTION ( 'NONE',  ( 0.000000000000000000, 1.000000000000000000, 0.000000000000000000 ) ) ;
#1719 = CARTESIAN_POINT ( 'NONE',  ( -39.37499999999991473, 0.000000000000000000, -67.50000000000000000 ) ) ;
#1720 = EDGE_LOOP ( 'NONE', ( #941, #1194, #607, #645 ) ) ;
#1721 = DIRECTION ( 'NONE',  ( 0.000000000000000000, 0.000000000000000000, -1.000000000000000000 ) ) ;
#1722 = AXIS2_PLACEMENT_3D ( 'NONE', #2, #1789, #2647 ) ;
#1723 = CIRCLE ( 'NONE', #761, 1.500000000000001332 ) ;
#1724 = VERTEX_POINT ( 'NONE', #2693 ) ;
#1725 = CARTESIAN_POINT ( 'NONE',  ( 39.37499999999992895, 0.5000000000000000000, -67.50000000000000000 ) ) ;
#1726 = VERTEX_POINT ( 'NONE', #712 ) ;
#1727 = ADVANCED_FACE ( 'NONE', ( #48 ), #2487, .F. ) ;
#1728 = DIRECTION ( 'NONE',  ( 0.000000000000000000, 0.000000000000000000, -1.000000000000000000 ) ) ;
#1729 = CARTESIAN_POINT ( 'NONE',  ( -74.87499999999991473, 0.000000000000000000, -19.50000000000000000 ) ) ;
#1730 = CIRCLE ( 'NONE', #394, 1.499999999999997780 ) ;
#1731 = DIRECTION ( 'NONE',  ( 0.000000000000000000, 0.000000000000000000, 1.000000000000000000 ) ) ;
#1732 = DIRECTION ( 'NONE',  ( 0.000000000000000000, 0.000000000000000000, 1.000000000000000000 ) ) ;
#1733 = ORIENTED_EDGE ( 'NONE', *, *, #704, .F. ) ;
#1734 = CARTESIAN_POINT ( 'NONE',  ( -39.37499999999991473, 0.000000000000000000, -37.50000000000000711 ) ) ;
#1735 = LINE ( 'NONE', #2705, #2421 ) ;
#1736 = EDGE_CURVE ( 'NONE', #256, #1849, #2507, .T. ) ;
#1737 = AXIS2_PLACEMENT_3D ( 'NONE', #1355, #1138, #2020 ) ;
#1738 = ORIENTED_EDGE ( 'NONE', *, *, #2565, .F. ) ;
#1739 = FACE_OUTER_BOUND ( 'NONE', #1262, .T. ) ;
#1740 = CIRCLE ( 'NONE', #1977, 1.500000000000001332 ) ;
#1741 = DIRECTION ( 'NONE',  ( 0.000000000000000000, 0.000000000000000000, -1.000000000000000000 ) ) ;
#1742 = EDGE_CURVE ( 'NONE', #1786, #1220, #1609, .T. ) ;
#1743 = CARTESIAN_POINT ( 'NONE',  ( -65.20895390387087787, 0.5000000000000000000, 1.387778780781445676E-14 ) ) ;
#1744 = DIRECTION ( 'NONE',  ( 0.000000000000000000, 0.000000000000000000, 1.000000000000000000 ) ) ;
#1745 = B_SPLINE_CURVE_WITH_KNOTS ( 'NONE', 3,
 ( #1375, #263, #1134, #2015, #226, #1552, #275 ),
 .UNSPECIFIED., .F., .F.,
 ( 4, 1, 1, 1, 4 ),
 ( 0.000000000000000000, 0.2800928068961774375, 0.6713298521798601870, 0.7738865541292181405, 1.000000000000000000 ),
 .UNSPECIFIED. ) ;
#1746 = DIRECTION ( 'NONE',  ( -0.000000000000000000, -1.000000000000000000, -0.000000000000000000 ) ) ;
#1747 = ORIENTED_EDGE ( 'NONE', *, *, #51, .T. ) ;
#1748 = PRODUCT ( 'CarPlexiPlateQuickPrint', 'CarPlexiPlateQuickPrint', '', ( #2471 ) ) ;
#1749 = DIRECTION ( 'NONE',  ( 0.000000000000000000, 0.000000000000000000, -1.000000000000000000 ) ) ;
#1750 = CARTESIAN_POINT ( 'NONE',  ( -12.87499999999991829, 0.5000000000000000000, -39.00000000000001421 ) ) ;
#1751 = EDGE_CURVE ( 'NONE', #733, #1543, #1406, .T. ) ;
#1752 = ORIENTED_EDGE ( 'NONE', *, *, #2433, .F. ) ;
#1753 = DIRECTION ( 'NONE',  ( 0.000000000000000000, 1.000000000000000000, 0.000000000000000000 ) ) ;
#1754 = EDGE_LOOP ( 'NONE', ( #303, #737 ) ) ;
#1755 = ORIENTED_EDGE ( 'NONE', *, *, #1443, .T. ) ;
#1756 = CARTESIAN_POINT ( 'NONE',  ( 74.37499999999997158, 0.5000000000000000000, -143.0000000000000284 ) ) ;
#1757 = EDGE_LOOP ( 'NONE', ( #2324, #1003, #2777, #1149 ) ) ;
#1758 = CIRCLE ( 'NONE', #1210, 1.500000000000000444 ) ;
#1759 =( GEOMETRIC_REPRESENTATION_CONTEXT ( 3 ) GLOBAL_UNCERTAINTY_ASSIGNED_CONTEXT ( ( #915 ) ) GLOBAL_UNIT_ASSIGNED_CONTEXT ( ( #463, #264, #1593 ) ) REPRESENTATION_CONTEXT ( 'NONE', 'WORKASPACE' ) );
#1760 = AXIS2_PLACEMENT_3D ( 'NONE', #270, #1197, #719 ) ;
#1761 = LINE ( 'NONE', #688, #1162 ) ;
#1762 = DIRECTION ( 'NONE',  ( -0.000000000000000000, -1.000000000000000000, -0.000000000000000000 ) ) ;
#1763 = AXIS2_PLACEMENT_3D ( 'NONE', #1432, #73, #2527 ) ;
#1764 = EDGE_CURVE ( 'NONE', #2788, #581, #239, .T. ) ;
#1765 = DIRECTION ( 'NONE',  ( -0.000000000000000000, -1.000000000000000000, -0.000000000000000000 ) ) ;
#1766 = ORIENTED_EDGE ( 'NONE', *, *, #2140, .T. ) ;
#1767 = CARTESIAN_POINT ( 'NONE',  ( -49.37499999999992184, 0.5000000000000000000, -50.00000000000000000 ) ) ;
#1768 = EDGE_LOOP ( 'NONE', ( #140, #1348, #2106, #553 ) ) ;
#1769 = FACE_BOUND ( 'NONE', #1485, .T. ) ;
#1770 = EDGE_LOOP ( 'NONE', ( #2047, #420, #1814, #1837 ) ) ;
#1771 = AXIS2_PLACEMENT_3D ( 'NONE', #781, #2815, #413 ) ;
#1772 = DIRECTION ( 'NONE',  ( 0.000000000000000000, 0.000000000000000000, 1.000000000000000000 ) ) ;
#1773 = ORIENTED_EDGE ( 'NONE', *, *, #858, .T. ) ;
#1774 = EDGE_CURVE ( 'NONE', #1662, #1584, #1454, .T. ) ;
#1775 = CARTESIAN_POINT ( 'NONE',  ( -64.67499999999994031, 0.5000000000000000000, -132.7000000000000171 ) ) ;
#1776 = AXIS2_PLACEMENT_3D ( 'NONE', #421, #812, #1312 ) ;
#1777 = DIRECTION ( 'NONE',  ( 0.000000000000000000, 0.000000000000000000, -1.000000000000000000 ) ) ;
#1778 = DIRECTION ( 'NONE',  ( -0.000000000000000000, 1.000000000000000000, -0.000000000000000000 ) ) ;
#1779 = EDGE_LOOP ( 'NONE', ( #794, #2753, #390, #2640 ) ) ;
#1780 = CARTESIAN_POINT ( 'NONE',  ( -49.99999999999994316, 0.5000000000000000000, -179.5999999999999375 ) ) ;
#1781 = EDGE_CURVE ( 'NONE', #2779, #2529, #554, .T. ) ;
#1782 = ORIENTED_EDGE ( 'NONE', *, *, #1589, .F. ) ;
#1783 = CARTESIAN_POINT ( 'NONE',  ( -12.87499999999991829, 0.000000000000000000, -36.00000000000001421 ) ) ;
#1784 = EDGE_LOOP ( 'NONE', ( #2722, #250, #1180, #2760 ) ) ;
#1785 = CARTESIAN_POINT ( 'NONE',  ( 49.99999999999997868, 0.000000000000000000, -129.8499999999999375 ) ) ;
#1786 = VERTEX_POINT ( 'NONE', #1889 ) ;
#1787 = AXIS2_PLACEMENT_3D ( 'NONE', #130, #1212, #978 ) ;
#1788 = DIRECTION ( 'NONE',  ( 0.000000000000000000, -1.000000000000000000, 0.000000000000000000 ) ) ;
#1789 = DIRECTION ( 'NONE',  ( -0.000000000000000000, -1.000000000000000000, -0.000000000000000000 ) ) ;
#1790 = DIRECTION ( 'NONE',  ( -0.000000000000000000, -1.000000000000000000, -0.000000000000000000 ) ) ;
#1791 = ORIENTED_EDGE ( 'NONE', *, *, #307, .F. ) ;
#1792 = LINE ( 'NONE', #667, #578 ) ;
#1793 = ADVANCED_FACE ( 'NONE', ( #2769 ), #2280, .F. ) ;
#1794 = FACE_OUTER_BOUND ( 'NONE', #427, .T. ) ;
#1795 = AXIS2_PLACEMENT_3D ( 'NONE', #55, #1345, #676 ) ;
#1796 = ORIENTED_EDGE ( 'NONE', *, *, #47, .T. ) ;
#1797 = EDGE_CURVE ( 'NONE', #411, #2788, #571, .T. ) ;
#1798 = FACE_OUTER_BOUND ( 'NONE', #1828, .T. ) ;
#1799 = ORIENTED_EDGE ( 'NONE', *, *, #1619, .T. ) ;
#1800 = EDGE_CURVE ( 'NONE', #2751, #843, #976, .T. ) ;
#1801 = CARTESIAN_POINT ( 'NONE',  ( -65.20895390387087787, 0.000000000000000000, 0.000000000000000000 ) ) ;
#1802 = CARTESIAN_POINT ( 'NONE',  ( -49.99999999999996447, 0.000000000000000000, -131.0999999999999091 ) ) ;
#1803 = CIRCLE ( 'NONE', #2680, 1.499999999999994449 ) ;
#1804 = DIRECTION ( 'NONE',  ( 0.000000000000000000, 0.000000000000000000, 1.000000000000000000 ) ) ;
#1805 = VERTEX_POINT ( 'NONE', #1667 ) ;
#1806 = CARTESIAN_POINT ( 'NONE',  ( -65.20895390387087787, 0.000000000000000000, 1.387778780781445676E-14 ) ) ;
#1807 = AXIS2_PLACEMENT_3D ( 'NONE', #2218, #866, #2660 ) ;
#1808 = AXIS2_PLACEMENT_3D ( 'NONE', #1686, #2577, #803 ) ;
#1809 = ADVANCED_FACE ( 'NONE', ( #2329 ), #1192, .T. ) ;
#1810 = DIRECTION ( 'NONE',  ( -1.000000000000000000, 0.000000000000000000, -0.000000000000000000 ) ) ;
#1811 = CIRCLE ( 'NONE', #1447, 1.500000000000001332 ) ;
#1812 = ORIENTED_EDGE ( 'NONE', *, *, #1781, .F. ) ;
#1813 = DIRECTION ( 'NONE',  ( -0.000000000000000000, -1.000000000000000000, -0.000000000000000000 ) ) ;
#1814 = ORIENTED_EDGE ( 'NONE', *, *, #1535, .T. ) ;
#1815 = CIRCLE ( 'NONE', #2791, 1.499999999999997780 ) ;
#1816 = ADVANCED_FACE ( 'NONE', ( #1436 ), #1237, .F. ) ;
#1817 = DIRECTION ( 'NONE',  ( 0.000000000000000000, 0.000000000000000000, 1.000000000000000000 ) ) ;
#1818 = DIRECTION ( 'NONE',  ( 0.000000000000000000, -1.000000000000000000, 0.000000000000000000 ) ) ;
#1819 = CARTESIAN_POINT ( 'NONE',  ( 0.000000000000000000, 0.000000000000000000, -228.5999999999999943 ) ) ;
#1820 = ORIENTED_EDGE ( 'NONE', *, *, #2051, .F. ) ;
#1821 = SURFACE_STYLE_FILL_AREA ( #1663 ) ;
#1822 = ORIENTED_EDGE ( 'NONE', *, *, #342, .F. ) ;
#1823 = CARTESIAN_POINT ( 'NONE',  ( 49.99999999999997158, 0.000000000000000000, -186.0999999999999375 ) ) ;
#1824 = AXIS2_PLACEMENT_3D ( 'NONE', #2784, #2130, #1958 ) ;
#1825 = AXIS2_PLACEMENT_3D ( 'NONE', #2796, #2387, #2809 ) ;
#1826 = DIRECTION ( 'NONE',  ( 0.000000000000000000, 0.000000000000000000, -1.000000000000000000 ) ) ;
#1827 = DIRECTION ( 'NONE',  ( 0.000000000000000000, -0.000000000000000000, 1.000000000000000000 ) ) ;
#1828 = EDGE_LOOP ( 'NONE', ( #996, #869, #828, #990 ) ) ;
#1829 = CARTESIAN_POINT ( 'NONE',  ( -73.95259998431579618, 0.5000000000000000000, -211.6437262863844353 ) ) ;
#1830 = ORIENTED_EDGE ( 'NONE', *, *, #2478, .F. ) ;
#1831 = AXIS2_PLACEMENT_3D ( 'NONE', #205, #1936, #2156 ) ;
#1832 = VECTOR ( 'NONE', #1526, 1000.000000000000000 ) ;
#1833 = ADVANCED_FACE ( 'NONE', ( #961 ), #1421, .F. ) ;
#1834 = CARTESIAN_POINT ( 'NONE',  ( 74.37499999999997158, 0.5000000000000000000, -166.5000000000000000 ) ) ;
#1835 = DIRECTION ( 'NONE',  ( 0.000000000000000000, 0.000000000000000000, -1.000000000000000000 ) ) ;
#1836 = CARTESIAN_POINT ( 'NONE',  ( -4.374999999999918288, 0.000000000000000000, -6.250000000000018652 ) ) ;
#1837 = ORIENTED_EDGE ( 'NONE', *, *, #2478, .T. ) ;
#1838 = EDGE_CURVE ( 'NONE', #1980, #1325, #92, .T. ) ;
#1839 = ORIENTED_EDGE ( 'NONE', *, *, #2025, .T. ) ;
#1840 = FACE_OUTER_BOUND ( 'NONE', #1708, .T. ) ;
#1841 = ORIENTED_EDGE ( 'NONE', *, *, #1960, .F. ) ;
#1842 = LINE ( 'NONE', #2724, #832 ) ;
#1843 = VERTEX_POINT ( 'NONE', #1390 ) ;
#1844 = FACE_BOUND ( 'NONE', #483, .T. ) ;
#1845 = ORIENTED_EDGE ( 'NONE', *, *, #1535, .F. ) ;
#1846 = CARTESIAN_POINT ( 'NONE',  ( -13.37499999999991829, 0.5000000000000000000, -7.500000000000015099 ) ) ;
#1847 = DIRECTION ( 'NONE',  ( 0.000000000000000000, -1.000000000000000000, 0.000000000000000000 ) ) ;
#1848 = DIRECTION ( 'NONE',  ( 0.000000000000000000, 0.000000000000000000, -1.000000000000000000 ) ) ;
#1849 = VERTEX_POINT ( 'NONE', #2740 ) ;
#1850 = CARTESIAN_POINT ( 'NONE',  ( -39.37499999999991473, 0.000000000000000000, -7.500000000000007105 ) ) ;
#1851 = VERTEX_POINT ( 'NONE', #2057 ) ;
#1852 = VECTOR ( 'NONE', #775, 1000.000000000000000 ) ;
#1853 = EDGE_CURVE ( 'NONE', #1354, #2840, #1842, .T. ) ;
#1854 = DIRECTION ( 'NONE',  ( -0.000000000000000000, -1.000000000000000000, -0.000000000000000000 ) ) ;
#1855 = ORIENTED_EDGE ( 'NONE', *, *, #1954, .T. ) ;
#1856 = AXIS2_PLACEMENT_3D ( 'NONE', #1498, #1512, #2390 ) ;
#1857 = DIRECTION ( 'NONE',  ( 0.000000000000000000, 0.000000000000000000, -1.000000000000000000 ) ) ;
#1858 = CIRCLE ( 'NONE', #2464, 1.500000000000001332 ) ;
#1859 = VERTEX_POINT ( 'NONE', #760 ) ;
#1860 = CIRCLE ( 'NONE', #2606, 1.250000000000028866 ) ;
#1861 = ORIENTED_EDGE ( 'NONE', *, *, #272, .F. ) ;
#1862 = FACE_BOUND ( 'NONE', #1010, .T. ) ;
#1863 = ORIENTED_EDGE ( 'NONE', *, *, #1050, .F. ) ;
#1864 = AXIS2_PLACEMENT_3D ( 'NONE', #488, #2440, #445 ) ;
#1865 = DIRECTION ( 'NONE',  ( 0.000000000000000000, -1.000000000000000000, 0.000000000000000000 ) ) ;
#1866 = DIRECTION ( 'NONE',  ( 0.000000000000000000, 0.000000000000000000, 1.000000000000000000 ) ) ;
#1867 = ADVANCED_FACE ( 'NONE', ( #2310 ), #2530, .F. ) ;
#1868 = AXIS2_PLACEMENT_3D ( 'NONE', #1430, #2098, #121 ) ;
#1869 = LINE ( 'NONE', #102, #2746 ) ;
#1870 = VERTEX_POINT ( 'NONE', #110 ) ;
#1871 = DIRECTION ( 'NONE',  ( 0.000000000000000000, 0.000000000000000000, -1.000000000000000000 ) ) ;
#1872 = ORIENTED_EDGE ( 'NONE', *, *, #1084, .T. ) ;
#1873 = CARTESIAN_POINT ( 'NONE',  ( 39.37499999999992184, 0.000000000000000000, -37.50000000000000000 ) ) ;
#1874 = DIRECTION ( 'NONE',  ( 0.000000000000000000, -1.000000000000000000, 0.000000000000000000 ) ) ;
#1875 = VERTEX_POINT ( 'NONE', #1655 ) ;
#1876 = ADVANCED_FACE ( 'NONE', ( #2544 ), #1226, .F. ) ;
#1877 = ORIENTED_EDGE ( 'NONE', *, *, #965, .T. ) ;
#1878 = FACE_BOUND ( 'NONE', #2122, .T. ) ;
#1879 = EDGE_LOOP ( 'NONE', ( #367, #1254, #1606, #2456 ) ) ;
#1880 = CARTESIAN_POINT ( 'NONE',  ( 39.37499999999992184, 0.5000000000000000000, -37.50000000000000000 ) ) ;
#1881 = CARTESIAN_POINT ( 'NONE',  ( -79.37499999999992895, 0.000000000000000000, -132.7000000000000171 ) ) ;
#1882 = PLANE ( 'NONE',  #2386 ) ;
#1883 = ORIENTED_EDGE ( 'NONE', *, *, #115, .F. ) ;
#1884 =( NAMED_UNIT ( * ) PLANE_ANGLE_UNIT ( ) SI_UNIT ( $, .RADIAN. ) );
#1885 = CARTESIAN_POINT ( 'NONE',  ( 0.000000000000000000, 0.5000000000000000000, -228.5999999999999943 ) ) ;
#1886 = DIRECTION ( 'NONE',  ( 0.000000000000000000, 0.000000000000000000, 1.000000000000000000 ) ) ;
#1887 = ORIENTED_EDGE ( 'NONE', *, *, #1332, .T. ) ;
#1888 = EDGE_CURVE ( 'NONE', #2615, #2327, #2823, .T. ) ;
#1889 = CARTESIAN_POINT ( 'NONE',  ( -74.37499999999995737, 0.5000000000000000000, -191.5000000000000000 ) ) ;
#1890 = ORIENTED_EDGE ( 'NONE', *, *, #115, .T. ) ;
#1891 = DIRECTION ( 'NONE',  ( 1.000000000000000000, 0.000000000000000000, 1.747899763146835923E-16 ) ) ;
#1892 = ORIENTED_EDGE ( 'NONE', *, *, #393, .T. ) ;
#1893 = EDGE_CURVE ( 'NONE', #288, #2092, #823, .T. ) ;
#1894 = CARTESIAN_POINT ( 'NONE',  ( -49.37499999999992184, 0.000000000000000000, -50.00000000000000000 ) ) ;
#1895 = ORIENTED_EDGE ( 'NONE', *, *, #1201, .F. ) ;
#1896 = CARTESIAN_POINT ( 'NONE',  ( 79.37500000000001421, 0.000000000000000000, -193.7860499750869678 ) ) ;
#1897 = LINE ( 'NONE', #971, #558 ) ;
#1898 = CARTESIAN_POINT ( 'NONE',  ( 49.37499999999996447, 0.000000000000000000, -117.9999999999999858 ) ) ;
#1899 = ORIENTED_EDGE ( 'NONE', *, *, #2789, .F. ) ;
#1900 = DIRECTION ( 'NONE',  ( 0.000000000000000000, -1.000000000000000000, 0.000000000000000000 ) ) ;
#1901 = ORIENTED_EDGE ( 'NONE', *, *, #1307, .F. ) ;
#1902 = EDGE_CURVE ( 'NONE', #301, #2742, #2642, .T. ) ;
#1903 = VECTOR ( 'NONE', #767, 1000.000000000000000 ) ;
#1904 = EDGE_LOOP ( 'NONE', ( #1992, #2469, #2268, #124 ) ) ;
#1905 = FACE_BOUND ( 'NONE', #1246, .T. ) ;
#1906 = VERTEX_POINT ( 'NONE', #2177 ) ;
#1907 = AXIS2_PLACEMENT_3D ( 'NONE', #1850, #2339, #1157 ) ;
#1908 = EDGE_CURVE ( 'NONE', #2099, #2368, #2629, .T. ) ;
#1909 = EDGE_LOOP ( 'NONE', ( #53, #784 ) ) ;
#1910 = CARTESIAN_POINT ( 'NONE',  ( 0.000000000000000000, 0.000000000000000000, -228.5999999999999943 ) ) ;
#1911 = FACE_OUTER_BOUND ( 'NONE', #770, .T. ) ;
#1912 = CIRCLE ( 'NONE', #662, 1.250000000000000222 ) ;
#1913 = CARTESIAN_POINT ( 'NONE',  ( 49.99999999999997868, 0.5000000000000000000, -128.5999999999999659 ) ) ;
#1914 = ORIENTED_EDGE ( 'NONE', *, *, #2789, .T. ) ;
#1915 = DIRECTION ( 'NONE',  ( -0.000000000000000000, -1.000000000000000000, -0.000000000000000000 ) ) ;
#1916 = ORIENTED_EDGE ( 'NONE', *, *, #2728, .T. ) ;
#1917 = ORIENTED_EDGE ( 'NONE', *, *, #644, .F. ) ;
#1918 = CARTESIAN_POINT ( 'NONE',  ( 49.99999999999997158, 0.5000000000000000000, -178.3499999999999375 ) ) ;
#1919 = VECTOR ( 'NONE', #1035, 1000.000000000000000 ) ;
#1920 = ORIENTED_EDGE ( 'NONE', *, *, #792, .F. ) ;
#1921 = CARTESIAN_POINT ( 'NONE',  ( 49.37499999999992895, 0.5000000000000000000, -49.99999999999999289 ) ) ;
#1922 = ADVANCED_FACE ( 'NONE', ( #1929 ), #1705, .F. ) ;
#1923 = VERTEX_POINT ( 'NONE', #2389 ) ;
#1924 = CARTESIAN_POINT ( 'NONE',  ( 49.99999999999997158, 0.000000000000000000, -187.3499999999999375 ) ) ;
#1925 = DIRECTION ( 'NONE',  ( -0.000000000000000000, -1.000000000000000000, -0.000000000000000000 ) ) ;
#1926 = EDGE_CURVE ( 'NONE', #345, #2058, #1277, .T. ) ;
#1927 = DIRECTION ( 'NONE',  ( 1.000000000000000000, 0.000000000000000000, -5.551115123125782702E-16 ) ) ;
#1928 = ORIENTED_EDGE ( 'NONE', *, *, #1797, .F. ) ;
#1929 = FACE_OUTER_BOUND ( 'NONE', #970, .T. ) ;
#1930 = AXIS2_PLACEMENT_3D ( 'NONE', #13, #1813, #1611 ) ;
#1931 = DIRECTION ( 'NONE',  ( 0.000000000000000000, 0.000000000000000000, -1.000000000000000000 ) ) ;
#1932 = EDGE_CURVE ( 'NONE', #1394, #365, #482, .T. ) ;
#1933 = ORIENTED_EDGE ( 'NONE', *, *, #2474, .F. ) ;
#1934 = CARTESIAN_POINT ( 'NONE',  ( 39.37499999999992895, 0.5000000000000000000, -67.50000000000000000 ) ) ;
#1935 = CARTESIAN_POINT ( 'NONE',  ( 65.20895390387087787, 0.5000000000000000000, 2.527565931617734051E-14 ) ) ;
#1936 = DIRECTION ( 'NONE',  ( -0.000000000000000000, -1.000000000000000000, -0.000000000000000000 ) ) ;
#1937 = AXIS2_PLACEMENT_3D ( 'NONE', #1921, #1419, #1007 ) ;
#1938 = CARTESIAN_POINT ( 'NONE',  ( -49.37499999999992184, 0.000000000000000000, -50.00000000000000000 ) ) ;
#1939 = DIRECTION ( 'NONE',  ( 0.000000000000000000, 1.000000000000000000, 0.000000000000000000 ) ) ;
#1940 = CARTESIAN_POINT ( 'NONE',  ( -74.37499999999994316, 0.000000000000000000, -143.0000000000000284 ) ) ;
#1941 = ORIENTED_EDGE ( 'NONE', *, *, #603, .T. ) ;
#1942 = DIRECTION ( 'NONE',  ( -0.000000000000000000, -1.000000000000000000, -0.000000000000000000 ) ) ;
#1943 = EDGE_CURVE ( 'NONE', #2070, #1654, #2193, .T. ) ;
#1944 = EDGE_LOOP ( 'NONE', ( #533, #159, #1664, #714 ) ) ;
#1945 = CYLINDRICAL_SURFACE ( 'NONE', #677, 1.249999999999973355 ) ;
#1946 = AXIS2_PLACEMENT_3D ( 'NONE', #2596, #1691, #612 ) ;
#1947 = AXIS2_PLACEMENT_3D ( 'NONE', #306, #1874, #2071 ) ;
#1948 = CYLINDRICAL_SURFACE ( 'NONE', #2521, 1.500000000000001332 ) ;
#1949 = CIRCLE ( 'NONE', #2685, 1.500000000000001332 ) ;
#1950 = VECTOR ( 'NONE', #1489, 1000.000000000000000 ) ;
#1951 = LINE ( 'NONE', #1673, #551 ) ;
#1952 = CARTESIAN_POINT ( 'NONE',  ( -49.99999999999994316, 0.000000000000000000, -179.5999999999999375 ) ) ;
#1953 = DIRECTION ( 'NONE',  ( 0.000000000000000000, 0.000000000000000000, 1.000000000000000000 ) ) ;
#1954 = EDGE_CURVE ( 'NONE', #2526, #301, #2598, .T. ) ;
#1955 = CIRCLE ( 'NONE', #2701, 1.500000000000003997 ) ;
#1956 = CARTESIAN_POINT ( 'NONE',  ( -12.87499999999991829, 0.5000000000000000000, -37.50000000000001421 ) ) ;
#1957 = ORIENTED_EDGE ( 'NONE', *, *, #20, .T. ) ;
#1958 = DIRECTION ( 'NONE',  ( 0.000000000000000000, 0.000000000000000000, -1.000000000000000000 ) ) ;
#1959 = ORIENTED_EDGE ( 'NONE', *, *, #1665, .F. ) ;
#1960 = EDGE_CURVE ( 'NONE', #1225, #14, #628, .T. ) ;
#1961 = DIRECTION ( 'NONE',  ( -4.081702296416016983E-16, 0.000000000000000000, -1.000000000000000000 ) ) ;
#1962 = PRODUCT_DEFINITION_CONTEXT ( 'detailed design', #2012, 'design' ) ;
#1963 = ADVANCED_FACE ( 'NONE', ( #397 ), #856, .F. ) ;
#1964 = CYLINDRICAL_SURFACE ( 'NONE', #524, 1.500000000000001332 ) ;
#1965 = CARTESIAN_POINT ( 'NONE',  ( 73.95259998431582460, 0.000000000000000000, -211.6437262863844353 ) ) ;
#1966 = STYLED_ITEM ( 'NONE', ( #783 ), #2170 ) ;
#1967 = AXIS2_PLACEMENT_3D ( 'NONE', #1956, #2148, #170 ) ;
#1968 = EDGE_CURVE ( 'NONE', #485, #1378, #1680, .T. ) ;
#1969 = CARTESIAN_POINT ( 'NONE',  ( 74.37499999999998579, 0.5000000000000000000, -191.5000000000000000 ) ) ;
#1970 = DIRECTION ( 'NONE',  ( 0.000000000000000000, -1.000000000000000000, 0.000000000000000000 ) ) ;
#1971 = CARTESIAN_POINT ( 'NONE',  ( -74.87499999999991473, 0.5000000000000000000, -18.00000000000000355 ) ) ;
#1972 = ORIENTED_EDGE ( 'NONE', *, *, #1478, .F. ) ;
#1973 = CARTESIAN_POINT ( 'NONE',  ( -74.37499999999995737, 0.5000000000000000000, -193.0000000000000000 ) ) ;
#1974 = AXIS2_PLACEMENT_3D ( 'NONE', #2491, #2695, #1395 ) ;
#1975 = ORIENTED_EDGE ( 'NONE', *, *, #428, .T. ) ;
#1976 = DIRECTION ( 'NONE',  ( 0.000000000000000000, 0.000000000000000000, 1.000000000000000000 ) ) ;
#1977 = AXIS2_PLACEMENT_3D ( 'NONE', #807, #2612, #1953 ) ;
#1978 = EDGE_LOOP ( 'NONE', ( #1617, #2213, #183, #448 ) ) ;
#1979 = CARTESIAN_POINT ( 'NONE',  ( -49.99999999999994316, 0.5000000000000000000, -188.5999999999999943 ) ) ;
#1980 = VERTEX_POINT ( 'NONE', #1063 ) ;
#1981 = EDGE_CURVE ( 'NONE', #2297, #1378, #2798, .T. ) ;
#1982 = CARTESIAN_POINT ( 'NONE',  ( -39.37499999999991473, 0.000000000000000000, -6.000000000000003553 ) ) ;
#1983 = DIRECTION ( 'NONE',  ( -0.000000000000000000, -1.000000000000000000, -0.000000000000000000 ) ) ;
#1984 = DIRECTION ( 'NONE',  ( 0.000000000000000000, 0.000000000000000000, 1.000000000000000000 ) ) ;
#1985 = VERTEX_POINT ( 'NONE', #1283 ) ;
#1986 = LINE ( 'NONE', #2209, #529 ) ;
#1987 = EDGE_LOOP ( 'NONE', ( #2027, #600, #2645, #499 ) ) ;
#1988 = DIRECTION ( 'NONE',  ( -0.000000000000000000, -1.000000000000000000, -0.000000000000000000 ) ) ;
#1989 = FACE_BOUND ( 'NONE', #1591, .T. ) ;
#1990 = EDGE_CURVE ( 'NONE', #891, #1851, #1730, .T. ) ;
#1991 = DIRECTION ( 'NONE',  ( 0.000000000000000000, -1.000000000000000000, 0.000000000000000000 ) ) ;
#1992 = ORIENTED_EDGE ( 'NONE', *, *, #2336, .F. ) ;
#1993 = AXIS2_PLACEMENT_3D ( 'NONE', #227, #901, #1553 ) ;
#1994 = VECTOR ( 'NONE', #500, 1000.000000000000000 ) ;
#1995 = ADVANCED_FACE ( 'NONE', ( #615 ), #2150, .F. ) ;
#1996 = DIRECTION ( 'NONE',  ( 0.000000000000000000, 0.000000000000000000, 1.000000000000000000 ) ) ;
#1997 = LINE ( 'NONE', #1334, #2706 ) ;
#1998 = CIRCLE ( 'NONE', #2785, 1.500000000000001332 ) ;
#1999 = CIRCLE ( 'NONE', #1382, 1.500000000000001332 ) ;
#2000 = DIRECTION ( 'NONE',  ( 0.000000000000000000, -1.000000000000000000, 0.000000000000000000 ) ) ;
#2001 = ORIENTED_EDGE ( 'NONE', *, *, #240, .T. ) ;
#2002 = DIRECTION ( 'NONE',  ( -1.000000000000000000, -0.000000000000000000, -0.000000000000000000 ) ) ;
#2003 = CARTESIAN_POINT ( 'NONE',  ( 74.87499999999992895, 0.5000000000000000000, -42.99999999999999289 ) ) ;
#2004 = EDGE_LOOP ( 'NONE', ( #407, #905, #244, #1845 ) ) ;
#2005 = AXIS2_PLACEMENT_3D ( 'NONE', #1615, #545, #953 ) ;
#2006 = FACE_BOUND ( 'NONE', #2568, .T. ) ;
#2007 = ORIENTED_EDGE ( 'NONE', *, *, #1853, .F. ) ;
#2008 = CARTESIAN_POINT ( 'NONE',  ( -49.99999999999994316, 0.000000000000000000, -188.5999999999999659 ) ) ;
#2009 = ORIENTED_EDGE ( 'NONE', *, *, #30, .T. ) ;
#2010 = LINE ( 'NONE', #298, #2509 ) ;
#2011 = CYLINDRICAL_SURFACE ( 'NONE', #1795, 1.499999999999997780 ) ;
#2012 = APPLICATION_CONTEXT ( 'automotive_design' ) ;
#2013 = LINE ( 'NONE', #1550, #560 ) ;
#2014 = EDGE_LOOP ( 'NONE', ( #1139, #1235, #1042, #2019 ) ) ;
#2015 = CARTESIAN_POINT ( 'NONE',  ( 54.66045604183072015, 0.5000000000000000000, -223.6018425576303912 ) ) ;
#2016 = ADVANCED_FACE ( 'NONE', ( #1497 ), #1048, .T. ) ;
#2017 = FACE_BOUND ( 'NONE', #1311, .T. ) ;
#2018 = EDGE_CURVE ( 'NONE', #1654, #1407, #2104, .T. ) ;
#2019 = ORIENTED_EDGE ( 'NONE', *, *, #1685, .T. ) ;
#2020 = DIRECTION ( 'NONE',  ( 0.000000000000000000, 0.000000000000000000, -1.000000000000000000 ) ) ;
#2021 = ORIENTED_EDGE ( 'NONE', *, *, #486, .F. ) ;
#2022 = AXIS2_PLACEMENT_3D ( 'NONE', #646, #2393, #2853 ) ;
#2023 = DIRECTION ( 'NONE',  ( 0.000000000000000000, -1.000000000000000000, 0.000000000000000000 ) ) ;
#2024 = LINE ( 'NONE', #894, #2517 ) ;
#2025 = EDGE_CURVE ( 'NONE', #1510, #2628, #2457, .T. ) ;
#2026 = CARTESIAN_POINT ( 'NONE',  ( -74.37499999999994316, 0.5000000000000000000, -168.0000000000000000 ) ) ;
#2027 = ORIENTED_EDGE ( 'NONE', *, *, #1506, .T. ) ;
#2028 = DIRECTION ( 'NONE',  ( 0.000000000000000000, 1.000000000000000000, 0.000000000000000000 ) ) ;
#2029 = APPLICATION_PROTOCOL_DEFINITION ( 'draft international standard', 'automotive_design', 1998, #1223 ) ;
#2030 = DIRECTION ( 'NONE',  ( 0.000000000000000000, 1.000000000000000000, 0.000000000000000000 ) ) ;
#2031 = ADVANCED_FACE ( 'NONE', ( #35 ), #2470, .F. ) ;
#2032 = ORIENTED_EDGE ( 'NONE', *, *, #2446, .F. ) ;
#2033 = CARTESIAN_POINT ( 'NONE',  ( -54.66045604183067752, 0.000000000000000000, -223.6018425576303912 ) ) ;
#2034 = ORIENTED_EDGE ( 'NONE', *, *, #2179, .F. ) ;
#2035 = CARTESIAN_POINT ( 'NONE',  ( 0.000000000000000000, 0.5000000000000000000, -228.5999999999999943 ) ) ;
#2036 = DIRECTION ( 'NONE',  ( -0.000000000000000000, -1.000000000000000000, -0.000000000000000000 ) ) ;
#2037 = AXIS2_PLACEMENT_3D ( 'NONE', #2455, #2849, #2220 ) ;
#2038 = AXIS2_PLACEMENT_3D ( 'NONE', #1253, #157, #1931 ) ;
#2039 = CARTESIAN_POINT ( 'NONE',  ( -39.37499999999991473, 0.5000000000000000000, -66.00000000000000000 ) ) ;
#2040 = ORIENTED_EDGE ( 'NONE', *, *, #1413, .T. ) ;
#2041 = CARTESIAN_POINT ( 'NONE',  ( 79.37499999999991473, 0.5000000000000000000, -14.16604609612901555 ) ) ;
#2042 = DIRECTION ( 'NONE',  ( -0.000000000000000000, -1.000000000000000000, -0.000000000000000000 ) ) ;
#2043 = DIRECTION ( 'NONE',  ( 0.000000000000000000, 0.000000000000000000, 1.000000000000000000 ) ) ;
#2044 = ADVANCED_FACE ( 'NONE', ( #2238 ), #462, .F. ) ;
#2045 = ORIENTED_EDGE ( 'NONE', *, *, #1736, .F. ) ;
#2046 = CARTESIAN_POINT ( 'NONE',  ( -78.78397985763585609, 0.5000000000000000000, -199.9640896339807909 ) ) ;
#2047 = ORIENTED_EDGE ( 'NONE', *, *, #718, .F. ) ;
#2048 = CIRCLE ( 'NONE', #1399, 1.500000000000001332 ) ;
#2049 = FACE_OUTER_BOUND ( 'NONE', #1978, .T. ) ;
#2050 = FACE_OUTER_BOUND ( 'NONE', #2348, .T. ) ;
#2051 = EDGE_CURVE ( 'NONE', #454, #647, #2656, .T. ) ;
#2052 = CARTESIAN_POINT ( 'NONE',  ( -12.87499999999991829, 0.5000000000000000000, -67.50000000000000000 ) ) ;
#2053 = ORIENTED_EDGE ( 'NONE', *, *, #1258, .T. ) ;
#2054 = SURFACE_SIDE_STYLE ('',( #1821 ) ) ;
#2055 = ORIENTED_EDGE ( 'NONE', *, *, #1519, .T. ) ;
#2056 = DIRECTION ( 'NONE',  ( 0.000000000000000000, 0.000000000000000000, -1.000000000000000000 ) ) ;
#2057 = CARTESIAN_POINT ( 'NONE',  ( 74.87499999999991473, 0.5000000000000000000, -16.49999999999998934 ) ) ;
#2058 = VERTEX_POINT ( 'NONE', #1806 ) ;
#2059 = CARTESIAN_POINT ( 'NONE',  ( 49.99999999999997158, 0.5000000000000000000, -179.5999999999999375 ) ) ;
#2060 = EDGE_LOOP ( 'NONE', ( #2783, #156 ) ) ;
#2061 = AXIS2_PLACEMENT_3D ( 'NONE', #1785, #511, #1772 ) ;
#2062 = CARTESIAN_POINT ( 'NONE',  ( 39.37499999999992184, 0.5000000000000000000, -37.50000000000000000 ) ) ;
#2063 = DIRECTION ( 'NONE',  ( -0.000000000000000000, -1.000000000000000000, -0.000000000000000000 ) ) ;
#2064 = EDGE_CURVE ( 'NONE', #2368, #1203, #1792, .T. ) ;
#2065 = CYLINDRICAL_SURFACE ( 'NONE', #430, 1.500000000000000444 ) ;
#2066 = ORIENTED_EDGE ( 'NONE', *, *, #1742, .T. ) ;
#2067 = DIRECTION ( 'NONE',  ( -0.000000000000000000, -1.000000000000000000, -0.000000000000000000 ) ) ;
#2068 = CARTESIAN_POINT ( 'NONE',  ( -79.37499999999998579, 0.5000000000000000000, -193.7860499750869678 ) ) ;
#2069 = DIRECTION ( 'NONE',  ( 0.000000000000000000, 1.000000000000000000, 0.000000000000000000 ) ) ;
#2070 = VERTEX_POINT ( 'NONE', #1364 ) ;
#2071 = DIRECTION ( 'NONE',  ( 0.000000000000000000, 0.000000000000000000, -1.000000000000000000 ) ) ;
#2072 = ORIENTED_EDGE ( 'NONE', *, *, #1050, .T. ) ;
#2073 = ORIENTED_EDGE ( 'NONE', *, *, #1392, .T. ) ;
#2074 = CARTESIAN_POINT ( 'NONE',  ( 13.37499999999992006, 0.5000000000000000000, -6.000000000000012434 ) ) ;
#2075 = ORIENTED_EDGE ( 'NONE', *, *, #938, .F. ) ;
#2076 = EDGE_CURVE ( 'NONE', #964, #977, #492, .T. ) ;
#2077 = CARTESIAN_POINT ( 'NONE',  ( 12.87499999999992539, 0.5000000000000000000, -36.00000000000001421 ) ) ;
#2078 = LINE ( 'NONE', #1894, #563 ) ;
#2079 = AXIS2_PLACEMENT_3D ( 'NONE', #1521, #149, #852 ) ;
#2080 = EDGE_CURVE ( 'NONE', #2207, #1013, #1349, .T. ) ;
#2081 = CARTESIAN_POINT ( 'NONE',  ( -49.99999999999994316, 0.5000000000000000000, -186.0999999999999375 ) ) ;
#2082 = EDGE_LOOP ( 'NONE', ( #2165, #1322 ) ) ;
#2083 = EDGE_LOOP ( 'NONE', ( #1796, #1266 ) ) ;
#2084 = AXIS2_PLACEMENT_3D ( 'NONE', #77, #341, #2118 ) ;
#2085 = DIRECTION ( 'NONE',  ( 0.000000000000000000, 1.000000000000000000, 0.000000000000000000 ) ) ;
#2086 = ORIENTED_EDGE ( 'NONE', *, *, #1902, .T. ) ;
#2087 = DIRECTION ( 'NONE',  ( 0.000000000000000000, 0.000000000000000000, -1.000000000000000000 ) ) ;
#2088 = CIRCLE ( 'NONE', #1672, 1.499999999999997780 ) ;
#2089 = AXIS2_PLACEMENT_3D ( 'NONE', #501, #2506, #983 ) ;
#2090 = ORIENTED_EDGE ( 'NONE', *, *, #2667, .F. ) ;
#2091 = AXIS2_PLACEMENT_3D ( 'NONE', #566, #2067, #548 ) ;
#2092 = VERTEX_POINT ( 'NONE', #1767 ) ;
#2093 = CARTESIAN_POINT ( 'NONE',  ( -74.37499999999994316, 0.5000000000000000000, -143.0000000000000284 ) ) ;
#2094 = ORIENTED_EDGE ( 'NONE', *, *, #1291, .F. ) ;
#2095 = AXIS2_PLACEMENT_3D ( 'NONE', #750, #133, #1232 ) ;
#2096 = LINE ( 'NONE', #1153, #1903 ) ;
#2097 = CARTESIAN_POINT ( 'NONE',  ( -79.37499999999991473, 0.000000000000000000, -14.16604609612902976 ) ) ;
#2098 = DIRECTION ( 'NONE',  ( -0.000000000000000000, -1.000000000000000000, -0.000000000000000000 ) ) ;
#2099 = VERTEX_POINT ( 'NONE', #1780 ) ;
#2100 = ORIENTED_EDGE ( 'NONE', *, *, #844, .F. ) ;
#2101 = CARTESIAN_POINT ( 'NONE',  ( 64.67499999999996874, 0.5000000000000000000, -132.7000000000000171 ) ) ;
#2102 = ORIENTED_EDGE ( 'NONE', *, *, #1888, .F. ) ;
#2103 = DIRECTION ( 'NONE',  ( 0.000000000000000000, 1.000000000000000000, 0.000000000000000000 ) ) ;
#2104 = CIRCLE ( 'NONE', #2480, 1.500000000000001332 ) ;
#2105 = EDGE_CURVE ( 'NONE', #875, #2650, #1986, .T. ) ;
#2106 = ORIENTED_EDGE ( 'NONE', *, *, #1206, .T. ) ;
#2107 = CARTESIAN_POINT ( 'NONE',  ( 49.99999999999997868, 0.5000000000000000000, -131.0999999999999091 ) ) ;
#2108 = ORIENTED_EDGE ( 'NONE', *, *, #144, .T. ) ;
#2109 = ADVANCED_FACE ( 'NONE', ( #2664 ), #2252, .F. ) ;
#2110 = CARTESIAN_POINT ( 'NONE',  ( 4.374999999999919176, 0.5000000000000000000, -6.250000000000017764 ) ) ;
#2111 = VECTOR ( 'NONE', #2771, 1000.000000000000000 ) ;
#2112 = AXIS2_PLACEMENT_3D ( 'NONE', #1059, #2398, #405 ) ;
#2113 = ORIENTED_EDGE ( 'NONE', *, *, #2700, .T. ) ;
#2114 = FACE_OUTER_BOUND ( 'NONE', #855, .T. ) ;
#2115 = CARTESIAN_POINT ( 'NONE',  ( -78.78397985763585609, 0.5000000000000000000, -199.9640896339807909 ) ) ;
#2116 = EDGE_CURVE ( 'NONE', #2619, #1641, #1745, .T. ) ;
#2117 = DIRECTION ( 'NONE',  ( 0.000000000000000000, 0.000000000000000000, 1.000000000000000000 ) ) ;
#2118 = DIRECTION ( 'NONE',  ( 0.000000000000000000, 0.000000000000000000, -1.000000000000000000 ) ) ;
#2119 = ORIENTED_EDGE ( 'NONE', *, *, #2300, .T. ) ;
#2120 = EDGE_CURVE ( 'NONE', #1144, #1724, #693, .T. ) ;
#2121 = FACE_BOUND ( 'NONE', #859, .T. ) ;
#2122 = EDGE_LOOP ( 'NONE', ( #2541, #2245 ) ) ;
#2123 = CARTESIAN_POINT ( 'NONE',  ( 4.374999999999919176, 0.000000000000000000, -5.000000000000017764 ) ) ;
#2124 = CARTESIAN_POINT ( 'NONE',  ( 29.54570341712947368, 0.000000000000000000, -228.1829055582983585 ) ) ;
#2125 = EDGE_LOOP ( 'NONE', ( #1618, #41 ) ) ;
#2126 = DIRECTION ( 'NONE',  ( -1.000000000000000000, 0.000000000000000000, -5.829602059562853645E-16 ) ) ;
#2127 = DIRECTION ( 'NONE',  ( -0.000000000000000000, -1.000000000000000000, -0.000000000000000000 ) ) ;
#2128 = CARTESIAN_POINT ( 'NONE',  ( 74.37499999999997158, 0.5000000000000000000, -166.5000000000000000 ) ) ;
#2129 = VERTEX_POINT ( 'NONE', #1578 ) ;
#2130 = DIRECTION ( 'NONE',  ( 0.000000000000000000, -1.000000000000000000, 0.000000000000000000 ) ) ;
#2131 = ORIENTED_EDGE ( 'NONE', *, *, #1853, .T. ) ;
#2132 = DIRECTION ( 'NONE',  ( -0.000000000000000000, -1.000000000000000000, -0.000000000000000000 ) ) ;
#2133 = AXIS2_PLACEMENT_3D ( 'NONE', #1148, #2030, #1827 ) ;
#2134 = AXIS2_PLACEMENT_3D ( 'NONE', #2692, #694, #725 ) ;
#2135 = VECTOR ( 'NONE', #2847, 1000.000000000000000 ) ;
#2136 = ORIENTED_EDGE ( 'NONE', *, *, #536, .T. ) ;
#2137 = CYLINDRICAL_SURFACE ( 'NONE', #539, 1.250000000000028866 ) ;
#2138 = ORIENTED_EDGE ( 'NONE', *, *, #8, .F. ) ;
#2139 = CIRCLE ( 'NONE', #2737, 1.500000000000003997 ) ;
#2140 = EDGE_CURVE ( 'NONE', #1584, #2511, #169, .T. ) ;
#2141 = VECTOR ( 'NONE', #1970, 1000.000000000000000 ) ;
#2142 = DIRECTION ( 'NONE',  ( 0.000000000000000000, 0.000000000000000000, 1.000000000000000000 ) ) ;
#2143 = EDGE_CURVE ( 'NONE', #237, #2779, #46, .T. ) ;
#2144 = ORIENTED_EDGE ( 'NONE', *, *, #489, .T. ) ;
#2145 = CARTESIAN_POINT ( 'NONE',  ( 74.87499999999991473, 0.000000000000000000, -19.49999999999998579 ) ) ;
#2146 = CARTESIAN_POINT ( 'NONE',  ( -39.37499999999991473, 0.5000000000000000000, -37.50000000000000711 ) ) ;
#2147 = CIRCLE ( 'NONE', #799, 1.249999999999973355 ) ;
#2148 = DIRECTION ( 'NONE',  ( 0.000000000000000000, 1.000000000000000000, 0.000000000000000000 ) ) ;
#2149 = ORIENTED_EDGE ( 'NONE', *, *, #67, .F. ) ;
#2150 = CYLINDRICAL_SURFACE ( 'NONE', #1041, 1.500000000000001332 ) ;
#2151 = ORIENTED_EDGE ( 'NONE', *, *, #1589, .T. ) ;
#2152 = CARTESIAN_POINT ( 'NONE',  ( -39.37499999999991473, 0.000000000000000000, -7.500000000000007105 ) ) ;
#2153 = AXIS2_PLACEMENT_3D ( 'NONE', #2222, #236, #23 ) ;
#2154 = ORIENTED_EDGE ( 'NONE', *, *, #2357, .T. ) ;
#2155 = DIRECTION ( 'NONE',  ( 0.000000000000000000, -1.000000000000000000, 0.000000000000000000 ) ) ;
#2156 = DIRECTION ( 'NONE',  ( 0.000000000000000000, 0.000000000000000000, 1.000000000000000000 ) ) ;
#2157 = VERTEX_POINT ( 'NONE', #710 ) ;
#2158 = EDGE_CURVE ( 'NONE', #9, #2628, #216, .T. ) ;
#2159 = CARTESIAN_POINT ( 'NONE',  ( 74.87499999999992895, 0.000000000000000000, -41.49999999999999289 ) ) ;
#2160 = CARTESIAN_POINT ( 'NONE',  ( -13.37499999999991829, 0.5000000000000000000, -7.500000000000015099 ) ) ;
#2161 = DIRECTION ( 'NONE',  ( -2.271842395027065735E-16, 0.000000000000000000, -1.000000000000000000 ) ) ;
#2162 = ORIENTED_EDGE ( 'NONE', *, *, #2463, .T. ) ;
#2163 = DIRECTION ( 'NONE',  ( 0.000000000000000000, 0.000000000000000000, 1.000000000000000000 ) ) ;
#2164 = CIRCLE ( 'NONE', #1529, 1.500000000000001332 ) ;
#2165 = ORIENTED_EDGE ( 'NONE', *, *, #1764, .F. ) ;
#2166 = DIRECTION ( 'NONE',  ( -0.000000000000000000, -1.000000000000000000, -0.000000000000000000 ) ) ;
#2167 = EDGE_CURVE ( 'NONE', #1407, #1654, #2698, .T. ) ;
#2168 = DIRECTION ( 'NONE',  ( 0.000000000000000000, 0.000000000000000000, 1.000000000000000000 ) ) ;
#2169 = LINE ( 'NONE', #2623, #2231 ) ;
#2170 = MANIFOLD_SOLID_BREP ( 'Mirror4', #1570 ) ;
#2171 = CIRCLE ( 'NONE', #1428, 1.500000000000001332 ) ;
#2172 = CARTESIAN_POINT ( 'NONE',  ( 54.66045604183072015, 0.000000000000000000, -223.6018425576303912 ) ) ;
#2173 = CARTESIAN_POINT ( 'NONE',  ( -49.37499999999994316, 0.000000000000000000, -118.0000000000000000 ) ) ;
#2174 = ADVANCED_FACE ( 'NONE', ( #2555 ), #897, .F. ) ;
#2175 = CARTESIAN_POINT ( 'NONE',  ( -79.37499999999998579, 0.5000000000000000000, -193.7860499750869678 ) ) ;
#2176 = ORIENTED_EDGE ( 'NONE', *, *, #779, .F. ) ;
#2177 = CARTESIAN_POINT ( 'NONE',  ( -74.37499999999994316, 0.000000000000000000, -169.5000000000000000 ) ) ;
#2178 = CYLINDRICAL_SURFACE ( 'NONE', #2038, 1.500000000000001332 ) ;
#2179 = EDGE_CURVE ( 'NONE', #796, #2434, #16, .T. ) ;
#2180 = ORIENTED_EDGE ( 'NONE', *, *, #2551, .T. ) ;
#2181 = CYLINDRICAL_SURFACE ( 'NONE', #590, 1.500000000000001332 ) ;
#2182 = VECTOR ( 'NONE', #1561, 1000.000000000000000 ) ;
#2183 = VECTOR ( 'NONE', #842, 1000.000000000000000 ) ;
#2184 = LINE ( 'NONE', #401, #939 ) ;
#2185 = VECTOR ( 'NONE', #879, 1000.000000000000000 ) ;
#2186 = CIRCLE ( 'NONE', #611, 1.250000000000001110 ) ;
#2187 = CARTESIAN_POINT ( 'NONE',  ( 79.37500000000001421, 0.000000000000000000, -193.7860499750869678 ) ) ;
#2188 = DIRECTION ( 'NONE',  ( 0.000000000000000000, 0.000000000000000000, 1.000000000000000000 ) ) ;
#2189 = CARTESIAN_POINT ( 'NONE',  ( 39.37499999999991473, 0.5000000000000000000, -5.999999999999996447 ) ) ;
#2190 = AXIS2_PLACEMENT_3D ( 'NONE', #1224, #2085, #1886 ) ;
#2191 = CARTESIAN_POINT ( 'NONE',  ( 74.37499999999997158, 0.000000000000000000, -168.0000000000000000 ) ) ;
#2192 = ORIENTED_EDGE ( 'NONE', *, *, #486, .T. ) ;
#2193 = LINE ( 'NONE', #2616, #26 ) ;
#2194 = CARTESIAN_POINT ( 'NONE',  ( -4.374999999999918288, 0.5000000000000000000, -5.000000000000018652 ) ) ;
#2195 = VECTOR ( 'NONE', #2201, 1000.000000000000000 ) ;
#2196 = VERTEX_POINT ( 'NONE', #1637 ) ;
#2197 = CARTESIAN_POINT ( 'NONE',  ( -79.37499999999991473, 0.5000000000000000000, -14.16604609612902976 ) ) ;
#2198 = EDGE_CURVE ( 'NONE', #29, #1510, #1490, .T. ) ;
#2199 = B_SPLINE_SURFACE_WITH_KNOTS ( 'NONE', 3, 1, ( 
 ( #1245, #2187 ),
 ( #1086, #2381 ),
 ( #577, #1965 ),
 ( #605, #1040 ),
 ( #1275, #2124 ),
 ( #791, #1027 ),
 ( #624, #2563 ) ),
 .UNSPECIFIED., .F., .F., .F.,
 ( 4, 1, 1, 1, 4 ),
 ( 2, 2 ),
 ( 0.000000000000000000, 0.2261134458707818595, 0.3286701478201398130, 0.7199071931038225625, 1.000000000000000000 ),
 ( 0.000000000000000000, 1.000000000000000000 ),
 .UNSPECIFIED. ) ;
#2200 = ADVANCED_BREP_SHAPE_REPRESENTATION ( 'CarPlexiPlateQuickPrint', ( #2170, #2134 ), #1759 ) ;
#2201 = DIRECTION ( 'NONE',  ( 0.000000000000000000, -1.000000000000000000, 0.000000000000000000 ) ) ;
#2202 = AXIS2_PLACEMENT_3D ( 'NONE', #152, #854, #352 ) ;
#2203 = ADVANCED_FACE ( 'NONE', ( #2276 ), #2323, .T. ) ;
#2204 = DIRECTION ( 'NONE',  ( 0.000000000000000000, 1.000000000000000000, 0.000000000000000000 ) ) ;
#2205 = CARTESIAN_POINT ( 'NONE',  ( 49.99999999999997158, 0.5000000000000000000, -186.0999999999999375 ) ) ;
#2206 = CYLINDRICAL_SURFACE ( 'NONE', #1573, 1.500000000000001332 ) ;
#2207 = VERTEX_POINT ( 'NONE', #2041 ) ;
#2208 = EDGE_CURVE ( 'NONE', #109, #225, #88, .T. ) ;
#2209 = CARTESIAN_POINT ( 'NONE',  ( 79.37499999999995737, 0.000000000000000000, -132.7000000000000171 ) ) ;
#2210 = CIRCLE ( 'NONE', #1053, 1.250000000000000222 ) ;
#2211 = EDGE_LOOP ( 'NONE', ( #653, #1315, #1082, #1766, #2355, #343, #2703, #1024, #1458, #1901, #1917, #818, #2836, #235, #178, #2772, #1700 ) ) ;
#2212 = FACE_BOUND ( 'NONE', #2360, .T. ) ;
#2213 = ORIENTED_EDGE ( 'NONE', *, *, #1332, .F. ) ;
#2214 = EDGE_CURVE ( 'NONE', #994, #288, #2735, .T. ) ;
#2215 = ORIENTED_EDGE ( 'NONE', *, *, #1084, .F. ) ;
#2216 = DIRECTION ( 'NONE',  ( -0.000000000000000000, -1.000000000000000000, -0.000000000000000000 ) ) ;
#2217 = EDGE_LOOP ( 'NONE', ( #1959, #1839, #2554, #1861 ) ) ;
#2218 = CARTESIAN_POINT ( 'NONE',  ( 79.37499999999991473, 0.5000000000000000000, -14.16604609612901555 ) ) ;
#2219 = DIRECTION ( 'NONE',  ( 0.000000000000000000, 0.000000000000000000, 1.000000000000000000 ) ) ;
#2220 = DIRECTION ( 'NONE',  ( 0.000000000000000000, 0.000000000000000000, 1.000000000000000000 ) ) ;
#2221 = ORIENTED_EDGE ( 'NONE', *, *, #2420, .F. ) ;
#2222 = CARTESIAN_POINT ( 'NONE',  ( 74.37499999999998579, 0.000000000000000000, -193.0000000000000000 ) ) ;
#2223 = LINE ( 'NONE', #943, #1438 ) ;
#2224 = ORIENTED_EDGE ( 'NONE', *, *, #1483, .T. ) ;
#2225 = DIRECTION ( 'NONE',  ( -0.000000000000000000, -1.000000000000000000, -0.000000000000000000 ) ) ;
#2226 = ORIENTED_EDGE ( 'NONE', *, *, #245, .T. ) ;
#2227 = CARTESIAN_POINT ( 'NONE',  ( 74.37499999999998579, 0.000000000000000000, -191.5000000000000000 ) ) ;
#2228 = ORIENTED_EDGE ( 'NONE', *, *, #2452, .F. ) ;
#2229 = VECTOR ( 'NONE', #2756, 1000.000000000000000 ) ;
#2230 = AXIS2_PLACEMENT_3D ( 'NONE', #2414, #1284, #871 ) ;
#2231 = VECTOR ( 'NONE', #1260, 1000.000000000000000 ) ;
#2232 = DIRECTION ( 'NONE',  ( -0.000000000000000000, -1.000000000000000000, -0.000000000000000000 ) ) ;
#2233 = DIRECTION ( 'NONE',  ( 0.000000000000000000, -1.000000000000000000, 0.000000000000000000 ) ) ;
#2234 = ADVANCED_FACE ( 'NONE', ( #1173 ), #317, .F. ) ;
#2235 = AXIS2_PLACEMENT_3D ( 'NONE', #338, #755, #1202 ) ;
#2236 = CARTESIAN_POINT ( 'NONE',  ( 39.37499999999992184, 0.5000000000000000000, -36.00000000000000000 ) ) ;
#2237 = EDGE_LOOP ( 'NONE', ( #57, #1972 ) ) ;
#2238 = FACE_OUTER_BOUND ( 'NONE', #1987, .T. ) ;
#2239 = CARTESIAN_POINT ( 'NONE',  ( -39.37499999999991473, 0.5000000000000000000, -67.50000000000000000 ) ) ;
#2240 = EDGE_CURVE ( 'NONE', #2570, #1859, #1998, .T. ) ;
#2241 = DIRECTION ( 'NONE',  ( 0.000000000000000000, 0.000000000000000000, -1.000000000000000000 ) ) ;
#2242 = AXIS2_PLACEMENT_3D ( 'NONE', #1400, #2259, #2483 ) ;
#2243 = ORIENTED_EDGE ( 'NONE', *, *, #128, .F. ) ;
#2244 = PLANE ( 'NONE',  #1974 ) ;
#2245 = ORIENTED_EDGE ( 'NONE', *, *, #1613, .T. ) ;
#2246 = DIRECTION ( 'NONE',  ( 0.000000000000000000, 0.000000000000000000, 1.000000000000000000 ) ) ;
#2247 = VECTOR ( 'NONE', #2370, 1000.000000000000000 ) ;
#2248 = DIRECTION ( 'NONE',  ( 0.000000000000000000, -1.000000000000000000, 0.000000000000000000 ) ) ;
#2249 = EDGE_CURVE ( 'NONE', #1030, #1527, #1121, .T. ) ;
#2250 = DIRECTION ( 'NONE',  ( 0.000000000000000000, 1.000000000000000000, 0.000000000000000000 ) ) ;
#2251 = ORIENTED_EDGE ( 'NONE', *, *, #2282, .F. ) ;
#2252 = CYLINDRICAL_SURFACE ( 'NONE', #1230, 1.500000000000001332 ) ;
#2253 = FACE_BOUND ( 'NONE', #1057, .T. ) ;
#2254 = VERTEX_POINT ( 'NONE', #1607 ) ;
#2255 = CARTESIAN_POINT ( 'NONE',  ( -9.188135391866486756, 0.5000000000000000000, -228.1714929705271118 ) ) ;
#2256 = ORIENTED_EDGE ( 'NONE', *, *, #1258, .F. ) ;
#2257 = DIRECTION ( 'NONE',  ( 0.000000000000000000, 0.000000000000000000, 1.000000000000000000 ) ) ;
#2258 = CARTESIAN_POINT ( 'NONE',  ( -12.87499999999991829, 0.000000000000000000, -66.00000000000000000 ) ) ;
#2259 = DIRECTION ( 'NONE',  ( 0.000000000000000000, -0.000000000000000000, 1.000000000000000000 ) ) ;
#2260 = ORIENTED_EDGE ( 'NONE', *, *, #2618, .F. ) ;
#2261 = DIRECTION ( 'NONE',  ( 0.000000000000000000, -1.000000000000000000, 0.000000000000000000 ) ) ;
#2262 = CARTESIAN_POINT ( 'NONE',  ( 39.37499999999991473, 0.000000000000000000, -9.000000000000005329 ) ) ;
#2263 = ADVANCED_FACE ( 'NONE', ( #2497 ), #986, .F. ) ;
#2264 = DIRECTION ( 'NONE',  ( 0.000000000000000000, 0.000000000000000000, 1.000000000000000000 ) ) ;
#2265 = CARTESIAN_POINT ( 'NONE',  ( 74.37499999999998579, 0.000000000000000000, -194.5000000000000000 ) ) ;
#2266 = EDGE_LOOP ( 'NONE', ( #323, #956 ) ) ;
#2267 = CARTESIAN_POINT ( 'NONE',  ( -13.37499999999991829, 0.5000000000000000000, -6.000000000000014211 ) ) ;
#2268 = ORIENTED_EDGE ( 'NONE', *, *, #1060, .T. ) ;
#2269 = EDGE_CURVE ( 'NONE', #2727, #1068, #2721, .T. ) ;
#2270 = CARTESIAN_POINT ( 'NONE',  ( -74.87499999999991473, 0.000000000000000000, -16.50000000000000355 ) ) ;
#2271 = DIRECTION ( 'NONE',  ( -0.000000000000000000, -1.000000000000000000, -0.000000000000000000 ) ) ;
#2272 = AXIS2_PLACEMENT_3D ( 'NONE', #1467, #1524, #211 ) ;
#2273 = CIRCLE ( 'NONE', #466, 1.500000000000001332 ) ;
#2274 = DIRECTION ( 'NONE',  ( -0.000000000000000000, 1.000000000000000000, -0.000000000000000000 ) ) ;
#2275 = ORIENTED_EDGE ( 'NONE', *, *, #621, .T. ) ;
#2276 = FACE_OUTER_BOUND ( 'NONE', #72, .T. ) ;
#2277 = CIRCLE ( 'NONE', #1029, 14.70000000000000462 ) ;
#2278 = CYLINDRICAL_SURFACE ( 'NONE', #2312, 1.500000000000001332 ) ;
#2279 = ORIENTED_EDGE ( 'NONE', *, *, #1932, .T. ) ;
#2280 = CYLINDRICAL_SURFACE ( 'NONE', #606, 1.500000000000001332 ) ;
#2281 = ORIENTED_EDGE ( 'NONE', *, *, #453, .F. ) ;
#2282 = EDGE_CURVE ( 'NONE', #2630, #454, #1187, .T. ) ;
#2283 = DIRECTION ( 'NONE',  ( -0.000000000000000000, -1.000000000000000000, -0.000000000000000000 ) ) ;
#2284 = VERTEX_POINT ( 'NONE', #135 ) ;
#2285 = VECTOR ( 'NONE', #722, 1000.000000000000000 ) ;
#2286 = CARTESIAN_POINT ( 'NONE',  ( 74.37499999999998579, 0.5000000000000000000, -193.0000000000000000 ) ) ;
#2287 = CARTESIAN_POINT ( 'NONE',  ( 49.37499999999992895, 0.000000000000000000, -49.99999999999999289 ) ) ;
#2288 = AXIS2_PLACEMENT_3D ( 'NONE', #2413, #1079, #798 ) ;
#2289 = DIRECTION ( 'NONE',  ( 0.000000000000000000, -1.000000000000000000, 0.000000000000000000 ) ) ;
#2290 = EDGE_LOOP ( 'NONE', ( #1863, #1612, #1555, #1899, #2215, #2332, #660, #2009, #2694, #2053, #2073, #619, #731, #2533, #679, #1191, #1598 ) ) ;
#2291 = DIRECTION ( 'NONE',  ( 0.000000000000000000, 0.000000000000000000, 1.000000000000000000 ) ) ;
#2292 = VERTEX_POINT ( 'NONE', #2145 ) ;
#2293 = EDGE_CURVE ( 'NONE', #66, #875, #998, .T. ) ;
#2294 = DIRECTION ( 'NONE',  ( -0.000000000000000000, -1.000000000000000000, -0.000000000000000000 ) ) ;
#2295 = EDGE_LOOP ( 'NONE', ( #1872, #1733, #1577, #2829 ) ) ;
#2296 = CARTESIAN_POINT ( 'NONE',  ( -49.99999999999994316, 0.5000000000000000000, -186.0999999999999375 ) ) ;
#2297 = VERTEX_POINT ( 'NONE', #1520 ) ;
#2298 = FACE_BOUND ( 'NONE', #2083, .T. ) ;
#2299 = EDGE_LOOP ( 'NONE', ( #1369, #1208, #1078, #1005 ) ) ;
#2300 = EDGE_CURVE ( 'NONE', #2403, #76, #841, .T. ) ;
#2301 = AXIS2_PLACEMENT_3D ( 'NONE', #2313, #1179, #1195 ) ;
#2302 = DIRECTION ( 'NONE',  ( -0.000000000000000000, -1.000000000000000000, -0.000000000000000000 ) ) ;
#2303 = DIRECTION ( 'NONE',  ( -0.000000000000000000, -1.000000000000000000, -0.000000000000000000 ) ) ;
#2304 = CARTESIAN_POINT ( 'NONE',  ( -64.67499999999994031, 0.000000000000000000, -118.0000000000000142 ) ) ;
#2305 = EDGE_LOOP ( 'NONE', ( #877, #1124 ) ) ;
#2306 = DIRECTION ( 'NONE',  ( 1.000000000000000000, -0.000000000000000000, -0.000000000000000000 ) ) ;
#2307 = ORIENTED_EDGE ( 'NONE', *, *, #1011, .F. ) ;
#2308 = CARTESIAN_POINT ( 'NONE',  ( -74.87499999999991473, 0.5000000000000000000, -19.50000000000000000 ) ) ;
#2309 = ORIENTED_EDGE ( 'NONE', *, *, #158, .F. ) ;
#2310 = FACE_OUTER_BOUND ( 'NONE', #468, .T. ) ;
#2311 = ORIENTED_EDGE ( 'NONE', *, *, #2158, .F. ) ;
#2312 = AXIS2_PLACEMENT_3D ( 'NONE', #1434, #1666, #2542 ) ;
#2313 = CARTESIAN_POINT ( 'NONE',  ( -74.87499999999991473, 0.000000000000000000, -18.00000000000000355 ) ) ;
#2314 = ORIENTED_EDGE ( 'NONE', *, *, #638, .F. ) ;
#2315 = EDGE_CURVE ( 'NONE', #2570, #256, #833, .T. ) ;
#2316 = CARTESIAN_POINT ( 'NONE',  ( -39.37499999999991473, 0.5000000000000000000, -66.00000000000000000 ) ) ;
#2317 = DIRECTION ( 'NONE',  ( 0.000000000000000000, 0.000000000000000000, -1.000000000000000000 ) ) ;
#2318 = AXIS2_PLACEMENT_3D ( 'NONE', #2636, #2127, #1493 ) ;
#2319 = DIRECTION ( 'NONE',  ( 0.000000000000000000, 1.000000000000000000, 0.000000000000000000 ) ) ;
#2320 = CIRCLE ( 'NONE', #2037, 1.500000000000001332 ) ;
#2321 = ORIENTED_EDGE ( 'NONE', *, *, #2336, .T. ) ;
#2322 = ADVANCED_FACE ( 'NONE', ( #1075 ), #404, .F. ) ;
#2323 = CYLINDRICAL_SURFACE ( 'NONE', #2235, 14.16604609612902266 ) ;
#2324 = ORIENTED_EDGE ( 'NONE', *, *, #2357, .F. ) ;
#2325 = AXIS2_PLACEMENT_3D ( 'NONE', #291, #1207, #1009 ) ;
#2326 = CARTESIAN_POINT ( 'NONE',  ( 39.37499999999991473, 0.5000000000000000000, -7.500000000000000888 ) ) ;
#2327 = VERTEX_POINT ( 'NONE', #179 ) ;
#2328 = EDGE_CURVE ( 'NONE', #1354, #2284, #2139, .T. ) ;
#2329 = FACE_OUTER_BOUND ( 'NONE', #925, .T. ) ;
#2330 = VECTOR ( 'NONE', #2453, 1000.000000000000000 ) ;
#2331 = VECTOR ( 'NONE', #1847, 1000.000000000000000 ) ;
#2332 = ORIENTED_EDGE ( 'NONE', *, *, #2293, .T. ) ;
#2333 = FACE_OUTER_BOUND ( 'NONE', #2211, .T. ) ;
#2334 = VERTEX_POINT ( 'NONE', #2778 ) ;
#2335 = CIRCLE ( 'NONE', #2190, 1.500000000000001332 ) ;
#2336 = EDGE_CURVE ( 'NONE', #2850, #1543, #1860, .T. ) ;
#2337 = CARTESIAN_POINT ( 'NONE',  ( 39.37499999999992184, 0.5000000000000000000, -39.00000000000000000 ) ) ;
#2338 = ORIENTED_EDGE ( 'NONE', *, *, #2080, .T. ) ;
#2339 = DIRECTION ( 'NONE',  ( 0.000000000000000000, 1.000000000000000000, 0.000000000000000000 ) ) ;
#2340 = CARTESIAN_POINT ( 'NONE',  ( -73.95259998431579618, 0.5000000000000000000, -211.6437262863844353 ) ) ;
#2341 = ADVANCED_FACE ( 'NONE', ( #2114 ), #167, .F. ) ;
#2342 = FACE_OUTER_BOUND ( 'NONE', #1282, .T. ) ;
#2343 = CARTESIAN_POINT ( 'NONE',  ( 39.37499999999992184, 0.5000000000000000000, -37.50000000000000000 ) ) ;
#2344 = VERTEX_POINT ( 'NONE', #1938 ) ;
#2345 = AXIS2_PLACEMENT_3D ( 'NONE', #1873, #2294, #2754 ) ;
#2346 = EDGE_LOOP ( 'NONE', ( #2496, #2770, #2221, #2358 ) ) ;
#2347 = CARTESIAN_POINT ( 'NONE',  ( 49.37499999999992895, 0.5000000000000000000, -49.99999999999999289 ) ) ;
#2348 = EDGE_LOOP ( 'NONE', ( #916, #2657, #512, #91 ) ) ;
#2349 = FACE_OUTER_BOUND ( 'NONE', #2845, .T. ) ;
#2350 = CIRCLE ( 'NONE', #1930, 1.500000000000001332 ) ;
#2351 = ORIENTED_EDGE ( 'NONE', *, *, #2604, .T. ) ;
#2352 = CARTESIAN_POINT ( 'NONE',  ( 9.188135391866527613, 0.000000000000000000, -228.1714929705271118 ) ) ;
#2353 = EDGE_LOOP ( 'NONE', ( #503, #1196, #585, #2518 ) ) ;
#2354 = DIRECTION ( 'NONE',  ( -1.000000000000000000, 0.000000000000000000, 0.000000000000000000 ) ) ;
#2355 = ORIENTED_EDGE ( 'NONE', *, *, #2715, .T. ) ;
#2356 = CARTESIAN_POINT ( 'NONE',  ( -49.37499999999994316, 0.5000000000000000000, -118.0000000000000000 ) ) ;
#2357 = EDGE_CURVE ( 'NONE', #843, #1671, #1044, .T. ) ;
#2358 = ORIENTED_EDGE ( 'NONE', *, *, #926, .F. ) ;
#2359 = DIRECTION ( 'NONE',  ( 0.000000000000000000, 0.000000000000000000, 1.000000000000000000 ) ) ;
#2360 = EDGE_LOOP ( 'NONE', ( #1791, #1820 ) ) ;
#2361 = EDGE_CURVE ( 'NONE', #318, #1122, #2277, .T. ) ;
#2362 = ADVANCED_FACE ( 'NONE', ( #1701 ), #593, .F. ) ;
#2363 = CARTESIAN_POINT ( 'NONE',  ( -49.99999999999996447, 0.5000000000000000000, -128.5999999999999659 ) ) ;
#2364 = ORIENTED_EDGE ( 'NONE', *, *, #2545, .F. ) ;
#2365 = CARTESIAN_POINT ( 'NONE',  ( -13.37499999999991829, 0.5000000000000000000, -6.000000000000014211 ) ) ;
#2366 = CYLINDRICAL_SURFACE ( 'NONE', #2489, 1.500000000000001332 ) ;
#2367 = CARTESIAN_POINT ( 'NONE',  ( -49.99999999999994316, 0.5000000000000000000, -179.5999999999999091 ) ) ;
#2368 = VERTEX_POINT ( 'NONE', #1952 ) ;
#2369 = EDGE_CURVE ( 'NONE', #1250, #324, #155, .T. ) ;
#2370 = DIRECTION ( 'NONE',  ( -1.000000000000000000, -0.000000000000000000, -5.551115123125780730E-16 ) ) ;
#2371 = DIRECTION ( 'NONE',  ( 4.019742158173901904E-16, 0.000000000000000000, -1.000000000000000000 ) ) ;
#2372 = CIRCLE ( 'NONE', #2731, 1.500000000000001332 ) ;
#2373 = PRODUCT_DEFINITION_FORMATION_WITH_SPECIFIED_SOURCE ( 'ANY', '', #1748, .NOT_KNOWN. ) ;
#2374 = CIRCLE ( 'NONE', #1214, 1.250000000000000222 ) ;
#2375 = ORIENTED_EDGE ( 'NONE', *, *, #335, .T. ) ;
#2376 = CARTESIAN_POINT ( 'NONE',  ( -74.37499999999995737, 0.000000000000000000, -193.0000000000000000 ) ) ;
#2377 = AXIS2_PLACEMENT_3D ( 'NONE', #2833, #2579, #1463 ) ;
#2378 = EDGE_CURVE ( 'NONE', #1374, #2576, #2384, .T. ) ;
#2379 = AXIS2_PLACEMENT_3D ( 'NONE', #1361, #1762, #1130 ) ;
#2380 = DIRECTION ( 'NONE',  ( 0.000000000000000000, 0.000000000000000000, 1.000000000000000000 ) ) ;
#2381 = CARTESIAN_POINT ( 'NONE',  ( 78.78397985763589872, 0.000000000000000000, -199.9640896339807909 ) ) ;
#2382 = VECTOR ( 'NONE', #1446, 1000.000000000000000 ) ;
#2383 = ORIENTED_EDGE ( 'NONE', *, *, #543, .T. ) ;
#2384 = LINE ( 'NONE', #2365, #2424 ) ;
#2385 = DIRECTION ( 'NONE',  ( 0.000000000000000000, 1.000000000000000000, 0.000000000000000000 ) ) ;
#2386 = AXIS2_PLACEMENT_3D ( 'NONE', #2394, #1728, #1487 ) ;
#2387 = DIRECTION ( 'NONE',  ( -0.000000000000000000, -1.000000000000000000, -0.000000000000000000 ) ) ;
#2388 = ORIENTED_EDGE ( 'NONE', *, *, #1519, .F. ) ;
#2389 = CARTESIAN_POINT ( 'NONE',  ( -39.37499999999991473, 0.5000000000000000000, -9.000000000000010658 ) ) ;
#2390 = DIRECTION ( 'NONE',  ( 0.000000000000000000, 0.000000000000000000, 1.000000000000000000 ) ) ;
#2391 = EDGE_CURVE ( 'NONE', #324, #497, #2567, .T. ) ;
#2392 = ORIENTED_EDGE ( 'NONE', *, *, #412, .F. ) ;
#2393 = DIRECTION ( 'NONE',  ( -0.000000000000000000, -1.000000000000000000, -0.000000000000000000 ) ) ;
#2394 = CARTESIAN_POINT ( 'NONE',  ( -49.99999999999996447, 0.5000000000000000000, -131.0999999999999091 ) ) ;
#2395 = CARTESIAN_POINT ( 'NONE',  ( 4.374999999999919176, 0.5000000000000000000, -3.750000000000017319 ) ) ;
#2396 = EDGE_CURVE ( 'NONE', #2196, #1671, #1858, .T. ) ;
#2397 = DIRECTION ( 'NONE',  ( 0.000000000000000000, -1.000000000000000000, 0.000000000000000000 ) ) ;
#2398 = DIRECTION ( 'NONE',  ( 0.000000000000000000, -1.000000000000000000, 0.000000000000000000 ) ) ;
#2399 = DIRECTION ( 'NONE',  ( 0.000000000000000000, 0.000000000000000000, 1.000000000000000000 ) ) ;
#2400 = ORIENTED_EDGE ( 'NONE', *, *, #1652, .F. ) ;
#2401 = DIRECTION ( 'NONE',  ( -0.000000000000000000, -1.000000000000000000, -0.000000000000000000 ) ) ;
#2402 = LINE ( 'NONE', #813, #1209 ) ;
#2403 = VERTEX_POINT ( 'NONE', #2159 ) ;
#2404 = CARTESIAN_POINT ( 'NONE',  ( 39.37499999999992895, 0.5000000000000000000, -69.00000000000000000 ) ) ;
#2405 = UNCERTAINTY_MEASURE_WITH_UNIT (LENGTH_MEASURE( 1.000000000000000082E-05 ), #123, 'distance_accuracy_value', 'NONE');
#2406 = CARTESIAN_POINT ( 'NONE',  ( 74.87499999999991473, 0.5000000000000000000, -17.99999999999998934 ) ) ;
#2407 = DIRECTION ( 'NONE',  ( -0.000000000000000000, -1.000000000000000000, -0.000000000000000000 ) ) ;
#2408 = DIRECTION ( 'NONE',  ( 0.000000000000000000, 0.000000000000000000, -1.000000000000000000 ) ) ;
#2409 = DIRECTION ( 'NONE',  ( -0.000000000000000000, -1.000000000000000000, -0.000000000000000000 ) ) ;
#2410 = ADVANCED_FACE ( 'NONE', ( #1058 ), #2817, .F. ) ;
#2411 = DIRECTION ( 'NONE',  ( -0.000000000000000000, -1.000000000000000000, -0.000000000000000000 ) ) ;
#2412 = ORIENTED_EDGE ( 'NONE', *, *, #1838, .T. ) ;
#2413 = CARTESIAN_POINT ( 'NONE',  ( 49.99999999999997868, 0.5000000000000000000, -129.8499999999999375 ) ) ;
#2414 = CARTESIAN_POINT ( 'NONE',  ( -39.37499999999991473, 0.000000000000000000, -67.50000000000000000 ) ) ;
#2415 = ORIENTED_EDGE ( 'NONE', *, *, #2208, .F. ) ;
#2416 = CARTESIAN_POINT ( 'NONE',  ( -49.99999999999996447, 0.000000000000000000, -131.0999999999999091 ) ) ;
#2417 = ORIENTED_EDGE ( 'NONE', *, *, #1902, .F. ) ;
#2418 = VECTOR ( 'NONE', #1623, 1000.000000000000000 ) ;
#2419 = AXIS2_PLACEMENT_3D ( 'NONE', #1971, #2250, #1804 ) ;
#2420 = EDGE_CURVE ( 'NONE', #1906, #1985, #931, .T. ) ;
#2421 = VECTOR ( 'NONE', #1146, 1000.000000000000000 ) ;
#2422 = VECTOR ( 'NONE', #2232, 1000.000000000000000 ) ;
#2423 = DIRECTION ( 'NONE',  ( 0.000000000000000000, 0.000000000000000000, 1.000000000000000000 ) ) ;
#2424 = VECTOR ( 'NONE', #2625, 1000.000000000000000 ) ;
#2425 = EDGE_CURVE ( 'NONE', #2092, #2344, #1103, .T. ) ;
#2426 = DIRECTION ( 'NONE',  ( 0.000000000000000000, 0.000000000000000000, 1.000000000000000000 ) ) ;
#2427 = FACE_OUTER_BOUND ( 'NONE', #358, .T. ) ;
#2428 = DIRECTION ( 'NONE',  ( 0.000000000000000000, 0.000000000000000000, 1.000000000000000000 ) ) ;
#2429 = ORIENTED_EDGE ( 'NONE', *, *, #1025, .F. ) ;
#2430 = DIRECTION ( 'NONE',  ( -0.000000000000000000, -1.000000000000000000, -0.000000000000000000 ) ) ;
#2431 = FACE_OUTER_BOUND ( 'NONE', #171, .T. ) ;
#2432 = AXIS2_PLACEMENT_3D ( 'NONE', #2191, #4, #1116 ) ;
#2433 = EDGE_CURVE ( 'NONE', #2619, #66, #1141, .T. ) ;
#2434 = VERTEX_POINT ( 'NONE', #1982 ) ;
#2435 = CYLINDRICAL_SURFACE ( 'NONE', #1993, 1.499999999999994449 ) ;
#2436 = DIRECTION ( 'NONE',  ( 0.000000000000000000, -1.000000000000000000, 0.000000000000000000 ) ) ;
#2437 = VERTEX_POINT ( 'NONE', #1969 ) ;
#2438 = CIRCLE ( 'NONE', #2345, 1.500000000000001332 ) ;
#2439 = CARTESIAN_POINT ( 'NONE',  ( 3.995698858553667107E-14, 0.5000000000000000000, -228.5999999999999943 ) ) ;
#2440 = DIRECTION ( 'NONE',  ( 1.110223024625156540E-15, 0.000000000000000000, -1.000000000000000000 ) ) ;
#2441 = CARTESIAN_POINT ( 'NONE',  ( 74.37499999999997158, 0.5000000000000000000, -168.0000000000000000 ) ) ;
#2442 = ORIENTED_EDGE ( 'NONE', *, *, #2025, .F. ) ;
#2443 = CARTESIAN_POINT ( 'NONE',  ( 65.20895390387087787, 0.5000000000000000000, 2.527565931617734051E-14 ) ) ;
#2444 = VECTOR ( 'NONE', #498, 1000.000000000000000 ) ;
#2445 = ORIENTED_EDGE ( 'NONE', *, *, #1675, .F. ) ;
#2446 = EDGE_CURVE ( 'NONE', #1374, #1650, #1949, .T. ) ;
#2447 = CARTESIAN_POINT ( 'NONE',  ( -79.37499999999991473, 0.5000000000000000000, -50.00000000000000000 ) ) ;
#2448 = ORIENTED_EDGE ( 'NONE', *, *, #2315, .T. ) ;
#2449 = EDGE_CURVE ( 'NONE', #570, #994, #514, .T. ) ;
#2450 = CARTESIAN_POINT ( 'NONE',  ( 49.37499999999992895, 0.000000000000000000, -49.99999999999999289 ) ) ;
#2451 = ORIENTED_EDGE ( 'NONE', *, *, #878, .F. ) ;
#2452 = EDGE_CURVE ( 'NONE', #2576, #174, #699, .T. ) ;
#2453 = DIRECTION ( 'NONE',  ( -0.000000000000000000, -1.000000000000000000, -0.000000000000000000 ) ) ;
#2454 = FACE_OUTER_BOUND ( 'NONE', #122, .T. ) ;
#2455 = CARTESIAN_POINT ( 'NONE',  ( -12.87499999999991829, 0.000000000000000000, -37.50000000000001421 ) ) ;
#2456 = ORIENTED_EDGE ( 'NONE', *, *, #779, .T. ) ;
#2457 = LINE ( 'NONE', #1324, #853 ) ;
#2458 = CARTESIAN_POINT ( 'NONE',  ( 13.37499999999992006, 0.5000000000000000000, -7.500000000000012434 ) ) ;
#2459 = AXIS2_PLACEMENT_3D ( 'NONE', #1533, #2409, #627 ) ;
#2460 = ORIENTED_EDGE ( 'NONE', *, *, #412, .T. ) ;
#2461 = CARTESIAN_POINT ( 'NONE',  ( 12.87499999999993072, 0.000000000000000000, -66.00000000000000000 ) ) ;
#2462 = ORIENTED_EDGE ( 'NONE', *, *, #721, .T. ) ;
#2463 = EDGE_CURVE ( 'NONE', #1641, #81, #1761, .T. ) ;
#2464 = AXIS2_PLACEMENT_3D ( 'NONE', #374, #2794, #1279 ) ;
#2465 = AXIS2_PLACEMENT_3D ( 'NONE', #2537, #1427, #2317 ) ;
#2466 = CARTESIAN_POINT ( 'NONE',  ( -49.37499999999992184, 0.5000000000000000000, -50.00000000000000000 ) ) ;
#2467 = CARTESIAN_POINT ( 'NONE',  ( 39.37499999999991473, 0.5000000000000000000, -7.500000000000000888 ) ) ;
#2468 = LINE ( 'NONE', #433, #2182 ) ;
#2469 = ORIENTED_EDGE ( 'NONE', *, *, #1469, .F. ) ;
#2470 = CYLINDRICAL_SURFACE ( 'NONE', #2749, 1.500000000000001332 ) ;
#2471 = PRODUCT_CONTEXT ( 'NONE', #1223, 'mechanical' ) ;
#2472 = AXIS2_PLACEMENT_3D ( 'NONE', #1142, #222, #2219 ) ;
#2473 = FACE_BOUND ( 'NONE', #114, .T. ) ;
#2474 = EDGE_CURVE ( 'NONE', #1378, #225, #1531, .T. ) ;
#2475 = ORIENTED_EDGE ( 'NONE', *, *, #15, .T. ) ;
#2476 = CARTESIAN_POINT ( 'NONE',  ( -49.99999999999996447, 0.000000000000000000, -128.5999999999999659 ) ) ;
#2477 = ORIENTED_EDGE ( 'NONE', *, *, #1908, .T. ) ;
#2478 = EDGE_CURVE ( 'NONE', #2292, #1106, #376, .T. ) ;
#2479 = DIRECTION ( 'NONE',  ( 0.000000000000000000, -1.000000000000000000, 0.000000000000000000 ) ) ;
#2480 = AXIS2_PLACEMENT_3D ( 'NONE', #408, #1145, #2851 ) ;
#2481 = PLANE ( 'NONE',  #1864 ) ;
#2482 = ADVANCED_FACE ( 'NONE', ( #259 ), #2687, .F. ) ;
#2483 = DIRECTION ( 'NONE',  ( 1.000000000000000000, 0.000000000000000000, -0.000000000000000000 ) ) ;
#2484 = ORIENTED_EDGE ( 'NONE', *, *, #2369, .F. ) ;
#2485 = CARTESIAN_POINT ( 'NONE',  ( 74.37499999999997158, 0.5000000000000000000, -168.0000000000000000 ) ) ;
#2486 = ADVANCED_FACE ( 'NONE', ( #706 ), #17, .F. ) ;
#2487 = PLANE ( 'NONE',  #1388 ) ;
#2488 = VECTOR ( 'NONE', #2283, 1000.000000000000000 ) ;
#2489 = AXIS2_PLACEMENT_3D ( 'NONE', #2146, #1925, #375 ) ;
#2490 = ORIENTED_EDGE ( 'NONE', *, *, #1742, .F. ) ;
#2491 = CARTESIAN_POINT ( 'NONE',  ( 49.37499999999996447, 0.5000000000000000000, -117.9999999999999858 ) ) ;
#2492 = ORIENTED_EDGE ( 'NONE', *, *, #651, .F. ) ;
#2493 = CARTESIAN_POINT ( 'NONE',  ( -13.37499999999991829, 0.000000000000000000, -6.000000000000014211 ) ) ;
#2494 = CARTESIAN_POINT ( 'NONE',  ( 74.37499999999997158, 0.5000000000000000000, -141.5000000000000284 ) ) ;
#2495 = CARTESIAN_POINT ( 'NONE',  ( -78.78397985763585609, 0.000000000000000000, -199.9640896339807909 ) ) ;
#2496 = ORIENTED_EDGE ( 'NONE', *, *, #576, .T. ) ;
#2497 = FACE_OUTER_BOUND ( 'NONE', #1644, .T. ) ;
#2498 = ORIENTED_EDGE ( 'NONE', *, *, #536, .F. ) ;
#2499 = EDGE_CURVE ( 'NONE', #2058, #1724, #921, .T. ) ;
#2500 = CARTESIAN_POINT ( 'NONE',  ( -74.37499999999994316, 0.5000000000000000000, -168.0000000000000000 ) ) ;
#2501 = DIRECTION ( 'NONE',  ( -0.000000000000000000, -1.000000000000000000, -0.000000000000000000 ) ) ;
#2502 = ORIENTED_EDGE ( 'NONE', *, *, #67, .T. ) ;
#2503 = CARTESIAN_POINT ( 'NONE',  ( -49.37499999999994316, 0.5000000000000000000, -118.0000000000000000 ) ) ;
#2504 = ORIENTED_EDGE ( 'NONE', *, *, #1448, .T. ) ;
#2505 = DIRECTION ( 'NONE',  ( 0.000000000000000000, 0.000000000000000000, 1.000000000000000000 ) ) ;
#2506 = DIRECTION ( 'NONE',  ( 0.000000000000000000, 1.000000000000000000, 0.000000000000000000 ) ) ;
#2507 = CIRCLE ( 'NONE', #1257, 1.500000000000001332 ) ;
#2508 = ADVANCED_FACE ( 'NONE', ( #663 ), #1344, .F. ) ;
#2509 = VECTOR ( 'NONE', #2479, 1000.000000000000000 ) ;
#2510 = DIRECTION ( 'NONE',  ( 0.000000000000000000, 0.000000000000000000, 1.000000000000000000 ) ) ;
#2511 = VERTEX_POINT ( 'NONE', #1743 ) ;
#2512 = DIRECTION ( 'NONE',  ( 0.000000000000000000, -1.000000000000000000, 0.000000000000000000 ) ) ;
#2513 = ORIENTED_EDGE ( 'NONE', *, *, #1182, .T. ) ;
#2514 = CARTESIAN_POINT ( 'NONE',  ( -49.99999999999994316, 0.000000000000000000, -177.0999999999999375 ) ) ;
#2515 = DIRECTION ( 'NONE',  ( 0.000000000000000000, -1.000000000000000000, 0.000000000000000000 ) ) ;
#2516 = EDGE_CURVE ( 'NONE', #365, #1030, #2635, .T. ) ;
#2517 = VECTOR ( 'NONE', #1983, 1000.000000000000000 ) ;
#2518 = ORIENTED_EDGE ( 'NONE', *, *, #874, .F. ) ;
#2519 = FACE_BOUND ( 'NONE', #2237, .T. ) ;
#2520 = EDGE_LOOP ( 'NONE', ( #2556, #195, #1037, #2588 ) ) ;
#2521 = AXIS2_PLACEMENT_3D ( 'NONE', #1661, #1317, #1085 ) ;
#2522 = DIRECTION ( 'NONE',  ( -0.000000000000000000, -1.000000000000000000, -0.000000000000000000 ) ) ;
#2523 = DIRECTION ( 'NONE',  ( 1.000000000000000000, -0.000000000000000000, 0.000000000000000000 ) ) ;
#2524 = VECTOR ( 'NONE', #1942, 1000.000000000000000 ) ;
#2525 = CYLINDRICAL_SURFACE ( 'NONE', #1451, 1.500000000000001332 ) ;
#2526 = VERTEX_POINT ( 'NONE', #649 ) ;
#2527 = DIRECTION ( 'NONE',  ( 0.000000000000000000, 0.000000000000000000, 1.000000000000000000 ) ) ;
#2528 = CARTESIAN_POINT ( 'NONE',  ( -54.66045604183067752, 0.5000000000000000000, -223.6018425576303912 ) ) ;
#2529 = VERTEX_POINT ( 'NONE', #232 ) ;
#2530 = CYLINDRICAL_SURFACE ( 'NONE', #698, 1.250000000000028866 ) ;
#2531 = EDGE_LOOP ( 'NONE', ( #1914, #434, #2400, #1472 ) ) ;
#2532 = CARTESIAN_POINT ( 'NONE',  ( 74.87499999999992895, 0.5000000000000000000, -41.49999999999999289 ) ) ;
#2533 = ORIENTED_EDGE ( 'NONE', *, *, #2499, .F. ) ;
#2534 = EDGE_CURVE ( 'NONE', #1648, #703, #1532, .T. ) ;
#2535 = AXIS2_PLACEMENT_3D ( 'NONE', #2376, #370, #1096 ) ;
#2536 = CARTESIAN_POINT ( 'NONE',  ( -49.99999999999994316, 0.000000000000000000, -188.5999999999999943 ) ) ;
#2537 = CARTESIAN_POINT ( 'NONE',  ( -39.37499999999991473, 0.5000000000000000000, -67.50000000000000000 ) ) ;
#2538 = CARTESIAN_POINT ( 'NONE',  ( 74.87499999999991473, 0.000000000000000000, -16.49999999999998934 ) ) ;
#2539 = ORIENTED_EDGE ( 'NONE', *, *, #2449, .F. ) ;
#2540 = CARTESIAN_POINT ( 'NONE',  ( 39.37499999999992895, 0.5000000000000000000, -66.00000000000000000 ) ) ;
#2541 = ORIENTED_EDGE ( 'NONE', *, *, #1599, .T. ) ;
#2542 = DIRECTION ( 'NONE',  ( 0.000000000000000000, 0.000000000000000000, -1.000000000000000000 ) ) ;
#2543 = ORIENTED_EDGE ( 'NONE', *, *, #661, .F. ) ;
#2544 = FACE_OUTER_BOUND ( 'NONE', #480, .T. ) ;
#2545 = EDGE_CURVE ( 'NONE', #1849, #256, #885, .T. ) ;
#2546 = ORIENTED_EDGE ( 'NONE', *, *, #2802, .F. ) ;
#2547 = FACE_BOUND ( 'NONE', #1227, .T. ) ;
#2548 = ORIENTED_EDGE ( 'NONE', *, *, #729, .T. ) ;
#2549 = AXIS2_PLACEMENT_3D ( 'NONE', #233, #720, #1320 ) ;
#2550 = DIRECTION ( 'NONE',  ( 0.000000000000000000, 1.000000000000000000, 0.000000000000000000 ) ) ;
#2551 = EDGE_CURVE ( 'NONE', #1475, #2403, #431, .T. ) ;
#2552 = DIRECTION ( 'NONE',  ( 1.000000000000000000, 0.000000000000000000, 1.110223024625156540E-15 ) ) ;
#2553 = CIRCLE ( 'NONE', #2419, 1.499999999999997780 ) ;
#2554 = ORIENTED_EDGE ( 'NONE', *, *, #2745, .T. ) ;
#2555 = FACE_OUTER_BOUND ( 'NONE', #2801, .T. ) ;
#2556 = ORIENTED_EDGE ( 'NONE', *, *, #393, .F. ) ;
#2557 = DIRECTION ( 'NONE',  ( 0.000000000000000000, 1.000000000000000000, 0.000000000000000000 ) ) ;
#2558 = CARTESIAN_POINT ( 'NONE',  ( -79.37499999999991473, 0.5000000000000000000, -14.16604609612902976 ) ) ;
#2559 = AXIS2_PLACEMENT_3D ( 'NONE', #1370, #2697, #83 ) ;
#2560 = ORIENTED_EDGE ( 'NONE', *, *, #651, .T. ) ;
#2561 = FACE_BOUND ( 'NONE', #27, .T. ) ;
#2562 = ORIENTED_EDGE ( 'NONE', *, *, #850, .T. ) ;
#2563 = CARTESIAN_POINT ( 'NONE',  ( 3.769684451083469194E-14, 0.000000000000000000, -228.5999999999999943 ) ) ;
#2564 = AXIS2_PLACEMENT_3D ( 'NONE', #1522, #2411, #2428 ) ;
#2565 = EDGE_CURVE ( 'NONE', #1456, #105, #2010, .T. ) ;
#2566 = VERTEX_POINT ( 'NONE', #2316 ) ;
#2567 = LINE ( 'NONE', #639, #655 ) ;
#2568 = EDGE_LOOP ( 'NONE', ( #1229, #1895 ) ) ;
#2569 = CARTESIAN_POINT ( 'NONE',  ( -79.37499999999991473, 0.5000000000000000000, -14.16604609612902976 ) ) ;
#2570 = VERTEX_POINT ( 'NONE', #1397 ) ;
#2571 = DIRECTION ( 'NONE',  ( 0.000000000000000000, 1.000000000000000000, 0.000000000000000000 ) ) ;
#2572 = EDGE_LOOP ( 'NONE', ( #723, #2149, #1449, #2675 ) ) ;
#2573 = AXIS2_PLACEMENT_3D ( 'NONE', #377, #1479, #2117 ) ;
#2574 = ORIENTED_EDGE ( 'NONE', *, *, #165, .F. ) ;
#2575 = DIRECTION ( 'NONE',  ( 0.000000000000000000, 0.000000000000000000, 1.000000000000000000 ) ) ;
#2576 = VERTEX_POINT ( 'NONE', #2493 ) ;
#2577 = DIRECTION ( 'NONE',  ( -0.000000000000000000, -1.000000000000000000, -0.000000000000000000 ) ) ;
#2578 = VERTEX_POINT ( 'NONE', #285 ) ;
#2579 = DIRECTION ( 'NONE',  ( -5.551115123125780730E-16, 0.000000000000000000, 1.000000000000000000 ) ) ;
#2580 = CARTESIAN_POINT ( 'NONE',  ( -74.37499999999994316, 0.000000000000000000, -168.0000000000000000 ) ) ;
#2581 = CARTESIAN_POINT ( 'NONE',  ( -12.87499999999991829, 0.5000000000000000000, -36.00000000000001421 ) ) ;
#2582 = EDGE_LOOP ( 'NONE', ( #935, #2475, #494, #634 ) ) ;
#2583 = CARTESIAN_POINT ( 'NONE',  ( -49.99999999999994316, 0.5000000000000000000, -179.5999999999999375 ) ) ;
#2584 = CARTESIAN_POINT ( 'NONE',  ( 74.37499999999997158, 0.000000000000000000, -169.5000000000000000 ) ) ;
#2585 = ADVANCED_FACE ( 'NONE', ( #1645 ), #2761, .F. ) ;
#2586 = ORIENTED_EDGE ( 'NONE', *, *, #453, .T. ) ;
#2587 = CARTESIAN_POINT ( 'NONE',  ( 12.87499999999993072, 0.5000000000000000000, -66.00000000000000000 ) ) ;
#2588 = ORIENTED_EDGE ( 'NONE', *, *, #181, .T. ) ;
#2589 = CARTESIAN_POINT ( 'NONE',  ( 39.37499999999991473, 0.000000000000000000, -7.500000000000000888 ) ) ;
#2590 = DIRECTION ( 'NONE',  ( -1.000000000000000000, -0.000000000000000000, -0.000000000000000000 ) ) ;
#2591 = VERTEX_POINT ( 'NONE', #2270 ) ;
#2592 = DIRECTION ( 'NONE',  ( 0.000000000000000000, 0.000000000000000000, 1.000000000000000000 ) ) ;
#2593 = CARTESIAN_POINT ( 'NONE',  ( -74.37499999999994316, 0.5000000000000000000, -144.5000000000000284 ) ) ;
#2594 = AXIS2_PLACEMENT_3D ( 'NONE', #1508, #2385, #1248 ) ;
#2595 = ADVANCED_FACE ( 'NONE', ( #2049 ), #1183, .T. ) ;
#2596 = CARTESIAN_POINT ( 'NONE',  ( 4.374999999999919176, 0.5000000000000000000, -5.000000000000017764 ) ) ;
#2597 = VERTEX_POINT ( 'NONE', #1426 ) ;
#2598 = LINE ( 'NONE', #1094, #1919 ) ;
#2599 = DIRECTION ( 'NONE',  ( 0.000000000000000000, 0.000000000000000000, -1.000000000000000000 ) ) ;
#2600 = AXIS2_PLACEMENT_3D ( 'NONE', #139, #2501, #1857 ) ;
#2601 = VECTOR ( 'NONE', #246, 1000.000000000000000 ) ;
#2602 = AXIS2_PLACEMENT_3D ( 'NONE', #359, #2790, #1292 ) ;
#2603 = VERTEX_POINT ( 'NONE', #487 ) ;
#2604 = EDGE_CURVE ( 'NONE', #692, #384, #516, .T. ) ;
#2605 = CARTESIAN_POINT ( 'NONE',  ( 79.37500000000001421, 0.5000000000000000000, -193.7860499750869678 ) ) ;
#2606 = AXIS2_PLACEMENT_3D ( 'NONE', #1924, #148, #2806 ) ;
#2607 = ORIENTED_EDGE ( 'NONE', *, *, #2718, .T. ) ;
#2608 = CARTESIAN_POINT ( 'NONE',  ( 49.37499999999996447, 0.000000000000000000, -117.9999999999999858 ) ) ;
#2609 = CARTESIAN_POINT ( 'NONE',  ( -74.37499999999994316, 0.000000000000000000, -144.5000000000000284 ) ) ;
#2610 = PRODUCT_DEFINITION ( 'UNKNOWN', '', #2373, #1962 ) ;
#2611 = CARTESIAN_POINT ( 'NONE',  ( 49.37499999999996447, 0.5000000000000000000, -117.9999999999999858 ) ) ;
#2612 = DIRECTION ( 'NONE',  ( -0.000000000000000000, -1.000000000000000000, -0.000000000000000000 ) ) ;
#2613 = VECTOR ( 'NONE', #769, 1000.000000000000000 ) ;
#2614 = LINE ( 'NONE', #1913, #217 ) ;
#2615 = VERTEX_POINT ( 'NONE', #2729 ) ;
#2616 = CARTESIAN_POINT ( 'NONE',  ( 74.37499999999998579, 0.5000000000000000000, -194.5000000000000000 ) ) ;
#2617 = CYLINDRICAL_SURFACE ( 'NONE', #2822, 1.250000000000000222 ) ;
#2618 = EDGE_CURVE ( 'NONE', #903, #378, #2273, .T. ) ;
#2619 = VERTEX_POINT ( 'NONE', #2035 ) ;
#2620 = DIRECTION ( 'NONE',  ( 0.000000000000000000, 0.000000000000000000, 1.000000000000000000 ) ) ;
#2621 = AXIS2_PLACEMENT_3D ( 'NONE', #2811, #2820, #1721 ) ;
#2622 = DIRECTION ( 'NONE',  ( 1.000000000000000000, 0.000000000000000000, 0.000000000000000000 ) ) ;
#2623 = CARTESIAN_POINT ( 'NONE',  ( -49.99999999999994316, 0.5000000000000000000, -177.0999999999999375 ) ) ;
#2624 = EDGE_CURVE ( 'NONE', #1325, #1543, #1168, .T. ) ;
#2625 = DIRECTION ( 'NONE',  ( -0.000000000000000000, -1.000000000000000000, -0.000000000000000000 ) ) ;
#2626 = CARTESIAN_POINT ( 'NONE',  ( 74.87499999999992895, 0.000000000000000000, -44.49999999999998579 ) ) ;
#2627 = LINE ( 'NONE', #2367, #1460 ) ;
#2628 = VERTEX_POINT ( 'NONE', #544 ) ;
#2629 = LINE ( 'NONE', #2583, #2524 ) ;
#2630 = VERTEX_POINT ( 'NONE', #749 ) ;
#2631 = CARTESIAN_POINT ( 'NONE',  ( 39.37499999999992895, 0.5000000000000000000, -67.50000000000000000 ) ) ;
#2632 = ADVANCED_FACE ( 'NONE', ( #2747 ), #966, .F. ) ;
#2633 = LINE ( 'NONE', #2608, #2652 ) ;
#2634 = EDGE_CURVE ( 'NONE', #1641, #875, #330, .T. ) ;
#2635 = LINE ( 'NONE', #31, #2422 ) ;
#2636 = CARTESIAN_POINT ( 'NONE',  ( 74.87499999999992895, 0.5000000000000000000, -42.99999999999999289 ) ) ;
#2637 = LINE ( 'NONE', #665, #1170 ) ;
#2638 = ORIENTED_EDGE ( 'NONE', *, *, #389, .F. ) ;
#2639 = DIRECTION ( 'NONE',  ( -1.000000000000000000, 0.000000000000000000, -0.000000000000000000 ) ) ;
#2640 = ORIENTED_EDGE ( 'NONE', *, *, #900, .T. ) ;
#2641 = DIRECTION ( 'NONE',  ( -0.000000000000000000, -1.000000000000000000, -0.000000000000000000 ) ) ;
#2642 = CIRCLE ( 'NONE', #1505, 1.500000000000001332 ) ;
#2643 = AXIS2_PLACEMENT_3D ( 'NONE', #1507, #2397, #1112 ) ;
#2644 = CARTESIAN_POINT ( 'NONE',  ( 49.99999999999997158, 0.000000000000000000, -179.5999999999999375 ) ) ;
#2645 = ORIENTED_EDGE ( 'NONE', *, *, #2214, .F. ) ;
#2646 = DIRECTION ( 'NONE',  ( -0.000000000000000000, -1.000000000000000000, -0.000000000000000000 ) ) ;
#2647 = DIRECTION ( 'NONE',  ( 0.000000000000000000, 0.000000000000000000, 1.000000000000000000 ) ) ;
#2648 = EDGE_CURVE ( 'NONE', #1106, #2292, #2088, .T. ) ;
#2649 = DIRECTION ( 'NONE',  ( -0.000000000000000000, -1.000000000000000000, -0.000000000000000000 ) ) ;
#2650 = VERTEX_POINT ( 'NONE', #530 ) ;
#2651 = DIRECTION ( 'NONE',  ( 0.000000000000000000, -1.000000000000000000, 0.000000000000000000 ) ) ;
#2652 = VECTOR ( 'NONE', #1528, 1000.000000000000000 ) ;
#2653 = EDGE_CURVE ( 'NONE', #378, #903, #836, .T. ) ;
#2654 = CYLINDRICAL_SURFACE ( 'NONE', #509, 1.500000000000001332 ) ;
#2655 = ORIENTED_EDGE ( 'NONE', *, *, #1131, .F. ) ;
#2656 = CIRCLE ( 'NONE', #1365, 1.500000000000001332 ) ;
#2657 = ORIENTED_EDGE ( 'NONE', *, *, #583, .T. ) ;
#2658 = DIRECTION ( 'NONE',  ( 0.000000000000000000, 0.000000000000000000, -1.000000000000000000 ) ) ;
#2659 = VERTEX_POINT ( 'NONE', #952 ) ;
#2660 = DIRECTION ( 'NONE',  ( 1.747899763146835923E-16, 0.000000000000000000, -1.000000000000000000 ) ) ;
#2661 = DIRECTION ( 'NONE',  ( -0.000000000000000000, -1.000000000000000000, -0.000000000000000000 ) ) ;
#2662 = LINE ( 'NONE', #249, #1306 ) ;
#2663 = EDGE_LOOP ( 'NONE', ( #805, #945, #2638, #1515 ) ) ;
#2664 = FACE_OUTER_BOUND ( 'NONE', #1440, .T. ) ;
#2665 = CIRCLE ( 'NONE', #959, 1.500000000000003997 ) ;
#2666 = FACE_BOUND ( 'NONE', #1627, .T. ) ;
#2667 = EDGE_CURVE ( 'NONE', #709, #581, #54, .T. ) ;
#2668 = EDGE_LOOP ( 'NONE', ( #1066, #2562 ) ) ;
#2669 = CARTESIAN_POINT ( 'NONE',  ( -73.95259998431579618, 0.000000000000000000, -211.6437262863844353 ) ) ;
#2670 = ORIENTED_EDGE ( 'NONE', *, *, #786, .F. ) ;
#2671 = CARTESIAN_POINT ( 'NONE',  ( -74.37499999999994316, 0.000000000000000000, -168.0000000000000000 ) ) ;
#2672 = CARTESIAN_POINT ( 'NONE',  ( 74.37499999999998579, 0.5000000000000000000, -191.5000000000000000 ) ) ;
#2673 = AXIS2_PLACEMENT_3D ( 'NONE', #189, #387, #637 ) ;
#2674 = DIRECTION ( 'NONE',  ( -1.747899763146835923E-16, 0.000000000000000000, 1.000000000000000000 ) ) ;
#2675 = ORIENTED_EDGE ( 'NONE', *, *, #1566, .T. ) ;
#2676 = EDGE_CURVE ( 'NONE', #174, #2576, #1163, .T. ) ;
#2677 = CARTESIAN_POINT ( 'NONE',  ( 12.87499999999993072, 0.5000000000000000000, -69.00000000000000000 ) ) ;
#2678 = CARTESIAN_POINT ( 'NONE',  ( 74.37499999999997158, 0.000000000000000000, -141.5000000000000284 ) ) ;
#2679 = EDGE_CURVE ( 'NONE', #1167, #2254, #2096, .T. ) ;
#2680 = AXIS2_PLACEMENT_3D ( 'NONE', #1347, #33, #1536 ) ;
#2681 = ORIENTED_EDGE ( 'NONE', *, *, #479, .F. ) ;
#2682 = CARTESIAN_POINT ( 'NONE',  ( 79.37499999999995737, 0.5000000000000000000, -132.7000000000000171 ) ) ;
#2683 = ORIENTED_EDGE ( 'NONE', *, *, #1685, .F. ) ;
#2684 = VECTOR ( 'NONE', #196, 1000.000000000000000 ) ;
#2685 = AXIS2_PLACEMENT_3D ( 'NONE', #472, #1571, #1308 ) ;
#2686 = AXIS2_PLACEMENT_3D ( 'NONE', #2774, #2303, #1835 ) ;
#2687 = CYLINDRICAL_SURFACE ( 'NONE', #1259, 1.500000000000000444 ) ;
#2688 = LINE ( 'NONE', #707, #1357 ) ;
#2689 = CARTESIAN_POINT ( 'NONE',  ( 79.37499999999992895, 0.5000000000000000000, -49.99999999999998579 ) ) ;
#2690 = ORIENTED_EDGE ( 'NONE', *, *, #858, .F. ) ;
#2691 = CARTESIAN_POINT ( 'NONE',  ( 39.37499999999992895, 0.000000000000000000, -67.50000000000000000 ) ) ;
#2692 = CARTESIAN_POINT ( 'NONE',  ( 0.000000000000000000, 0.000000000000000000, 0.000000000000000000 ) ) ;
#2693 = CARTESIAN_POINT ( 'NONE',  ( 65.20895390387087787, 0.000000000000000000, 2.527565931617734051E-14 ) ) ;
#2694 = ORIENTED_EDGE ( 'NONE', *, *, #1165, .T. ) ;
#2695 = DIRECTION ( 'NONE',  ( 1.747899763146835923E-16, 0.000000000000000000, -1.000000000000000000 ) ) ;
#2696 = ORIENTED_EDGE ( 'NONE', *, *, #417, .T. ) ;
#2697 = DIRECTION ( 'NONE',  ( 0.000000000000000000, -1.000000000000000000, 0.000000000000000000 ) ) ;
#2698 = CIRCLE ( 'NONE', #2153, 1.500000000000001332 ) ;
#2699 = DIRECTION ( 'NONE',  ( 0.000000000000000000, 0.000000000000000000, 1.000000000000000000 ) ) ;
#2700 = EDGE_CURVE ( 'NONE', #136, #2334, #151, .T. ) ;
#2701 = AXIS2_PLACEMENT_3D ( 'NONE', #2326, #758, #944 ) ;
#2702 = LINE ( 'NONE', #2039, #892 ) ;
#2703 = ORIENTED_EDGE ( 'NONE', *, *, #543, .F. ) ;
#2704 = DIRECTION ( 'NONE',  ( 0.000000000000000000, 0.000000000000000000, 1.000000000000000000 ) ) ;
#2705 = CARTESIAN_POINT ( 'NONE',  ( -74.87499999999991473, 0.5000000000000000000, -16.50000000000000355 ) ) ;
#2706 = VECTOR ( 'NONE', #32, 1000.000000000000000 ) ;
#2707 = CARTESIAN_POINT ( 'NONE',  ( -39.37499999999991473, 0.5000000000000000000, -9.000000000000010658 ) ) ;
#2708 = EDGE_LOOP ( 'NONE', ( #2151, #2001, #1137, #311 ) ) ;
#2709 = FACE_BOUND ( 'NONE', #1396, .T. ) ;
#2710 = VECTOR ( 'NONE', #455, 1000.000000000000000 ) ;
#2711 = VECTOR ( 'NONE', #834, 1000.000000000000000 ) ;
#2712 = VERTEX_POINT ( 'NONE', #117 ) ;
#2713 = CARTESIAN_POINT ( 'NONE',  ( -9.188135391866486756, 0.000000000000000000, -228.1714929705271118 ) ) ;
#2714 = EDGE_LOOP ( 'NONE', ( #2451, #353 ) ) ;
#2715 = EDGE_CURVE ( 'NONE', #2511, #1144, #1000, .T. ) ;
#2716 = DIRECTION ( 'NONE',  ( 0.000000000000000000, -1.000000000000000000, 0.000000000000000000 ) ) ;
#2717 = CARTESIAN_POINT ( 'NONE',  ( 12.87499999999992539, 0.000000000000000000, -36.00000000000001421 ) ) ;
#2718 = EDGE_CURVE ( 'NONE', #1480, #497, #2374, .T. ) ;
#2719 = CARTESIAN_POINT ( 'NONE',  ( -54.66045604183067752, 0.000000000000000000, -223.6018425576303912 ) ) ;
#2720 = ORIENTED_EDGE ( 'NONE', *, *, #2361, .T. ) ;
#2721 = LINE ( 'NONE', #738, #1716 ) ;
#2722 = ORIENTED_EDGE ( 'NONE', *, *, #1043, .F. ) ;
#2723 = CARTESIAN_POINT ( 'NONE',  ( -12.87499999999991829, 0.5000000000000000000, -37.50000000000001421 ) ) ;
#2724 = CARTESIAN_POINT ( 'NONE',  ( 39.37499999999991473, 0.5000000000000000000, -9.000000000000005329 ) ) ;
#2725 = ORIENTED_EDGE ( 'NONE', *, *, #389, .T. ) ;
#2726 = FACE_BOUND ( 'NONE', #451, .T. ) ;
#2727 = VERTEX_POINT ( 'NONE', #1290 ) ;
#2728 = EDGE_CURVE ( 'NONE', #2840, #2129, #1120, .T. ) ;
#2729 = CARTESIAN_POINT ( 'NONE',  ( -74.87499999999991473, 0.5000000000000000000, -41.50000000000000711 ) ) ;
#2730 = CYLINDRICAL_SURFACE ( 'NONE', #2686, 1.500000000000001332 ) ;
#2731 = AXIS2_PLACEMENT_3D ( 'NONE', #887, #1366, #2043 ) ;
#2732 = VECTOR ( 'NONE', #68, 1000.000000000000000 ) ;
#2733 = DIRECTION ( 'NONE',  ( 0.000000000000000000, 0.000000000000000000, 1.000000000000000000 ) ) ;
#2734 = ORIENTED_EDGE ( 'NONE', *, *, #2452, .T. ) ;
#2735 = LINE ( 'NONE', #1416, #1261 ) ;
#2736 = CARTESIAN_POINT ( 'NONE',  ( -29.54570341712943460, 0.5000000000000000000, -228.1829055582983585 ) ) ;
#2737 = AXIS2_PLACEMENT_3D ( 'NONE', #806, #1717, #2592 ) ;
#2738 = DIRECTION ( 'NONE',  ( 0.000000000000000000, 1.000000000000000000, 0.000000000000000000 ) ) ;
#2739 = ORIENTED_EDGE ( 'NONE', *, *, #1469, .T. ) ;
#2740 = CARTESIAN_POINT ( 'NONE',  ( -12.87499999999991829, 0.000000000000000000, -69.00000000000000000 ) ) ;
#2741 = EDGE_CURVE ( 'NONE', #716, #371, #610, .T. ) ;
#2742 = VERTEX_POINT ( 'NONE', #1695 ) ;
#2743 = FACE_BOUND ( 'NONE', #979, .T. ) ;
#2744 = EDGE_LOOP ( 'NONE', ( #1336, #1423 ) ) ;
#2745 = EDGE_CURVE ( 'NONE', #2628, #9, #2824, .T. ) ;
#2746 = VECTOR ( 'NONE', #1385, 1000.000000000000000 ) ;
#2747 = FACE_OUTER_BOUND ( 'NONE', #2353, .T. ) ;
#2748 = FACE_OUTER_BOUND ( 'NONE', #1186, .T. ) ;
#2749 = AXIS2_PLACEMENT_3D ( 'NONE', #2485, #1564, #680 ) ;
#2750 = FACE_OUTER_BOUND ( 'NONE', #1188, .T. ) ;
#2751 = VERTEX_POINT ( 'NONE', #1750 ) ;
#2752 = DIRECTION ( 'NONE',  ( -0.000000000000000000, -1.000000000000000000, -0.000000000000000000 ) ) ;
#2753 = ORIENTED_EDGE ( 'NONE', *, *, #1908, .F. ) ;
#2754 = DIRECTION ( 'NONE',  ( 0.000000000000000000, 0.000000000000000000, 1.000000000000000000 ) ) ;
#2755 = ORIENTED_EDGE ( 'NONE', *, *, #2143, .F. ) ;
#2756 = DIRECTION ( 'NONE',  ( 0.000000000000000000, -1.000000000000000000, 0.000000000000000000 ) ) ;
#2757 = ORIENTED_EDGE ( 'NONE', *, *, #669, .F. ) ;
#2758 = ADVANCED_FACE ( 'NONE', ( #1539 ), #212, .F. ) ;
#2759 = FACE_BOUND ( 'NONE', #228, .T. ) ;
#2760 = ORIENTED_EDGE ( 'NONE', *, *, #752, .F. ) ;
#2761 = CYLINDRICAL_SURFACE ( 'NONE', #12, 1.500000000000001332 ) ;
#2762 = CARTESIAN_POINT ( 'NONE',  ( -4.374999999999918288, 0.5000000000000000000, -6.250000000000018652 ) ) ;
#2763 = DIRECTION ( 'NONE',  ( -0.000000000000000000, -1.000000000000000000, -0.000000000000000000 ) ) ;
#2764 = ORIENTED_EDGE ( 'NONE', *, *, #119, .F. ) ;
#2765 = ORIENTED_EDGE ( 'NONE', *, *, #2648, .F. ) ;
#2766 = EDGE_CURVE ( 'NONE', #776, #1648, #422, .T. ) ;
#2767 = FACE_OUTER_BOUND ( 'NONE', #1297, .T. ) ;
#2768 = EDGE_LOOP ( 'NONE', ( #274, #2670 ) ) ;
#2769 = FACE_OUTER_BOUND ( 'NONE', #666, .T. ) ;
#2770 = ORIENTED_EDGE ( 'NONE', *, *, #403, .T. ) ;
#2771 = DIRECTION ( 'NONE',  ( 1.000000000000000000, -0.000000000000000000, -0.000000000000000000 ) ) ;
#2772 = ORIENTED_EDGE ( 'NONE', *, *, #2449, .T. ) ;
#2773 = ADVANCED_FACE ( 'NONE', ( #2431 ), #2178, .F. ) ;
#2774 = CARTESIAN_POINT ( 'NONE',  ( -74.37499999999994316, 0.5000000000000000000, -168.0000000000000000 ) ) ;
#2775 = AXIS2_PLACEMENT_3D ( 'NONE', #1501, #1286, #601 ) ;
#2776 = CIRCLE ( 'NONE', #193, 1.500000000000001332 ) ;
#2777 = ORIENTED_EDGE ( 'NONE', *, *, #661, .T. ) ;
#2778 = CARTESIAN_POINT ( 'NONE',  ( -74.37499999999994316, 0.5000000000000000000, -141.5000000000000284 ) ) ;
#2779 = VERTEX_POINT ( 'NONE', #380 ) ;
#2780 = EDGE_CURVE ( 'NONE', #2157, #2578, #2402, .T. ) ;
#2781 = AXIS2_PLACEMENT_3D ( 'NONE', #207, #2646, #2246 ) ;
#2782 = CARTESIAN_POINT ( 'NONE',  ( 12.87499999999993072, 0.5000000000000000000, -67.50000000000000000 ) ) ;
#2783 = ORIENTED_EDGE ( 'NONE', *, *, #2198, .T. ) ;
#2784 = CARTESIAN_POINT ( 'NONE',  ( 74.87499999999992895, 0.5000000000000000000, -42.99999999999999289 ) ) ;
#2785 = AXIS2_PLACEMENT_3D ( 'NONE', #104, #942, #2704 ) ;
#2786 = EDGE_LOOP ( 'NONE', ( #2683, #1822 ) ) ;
#2787 = DIRECTION ( 'NONE',  ( 0.000000000000000000, -1.000000000000000000, 0.000000000000000000 ) ) ;
#2788 = VERTEX_POINT ( 'NONE', #2584 ) ;
#2789 = EDGE_CURVE ( 'NONE', #141, #318, #632, .T. ) ;
#2790 = DIRECTION ( 'NONE',  ( 0.000000000000000000, 1.000000000000000000, 0.000000000000000000 ) ) ;
#2791 = AXIS2_PLACEMENT_3D ( 'NONE', #2406, #2216, #2380 ) ;
#2792 = ORIENTED_EDGE ( 'NONE', *, *, #1599, .F. ) ;
#2793 = ADVANCED_FACE ( 'NONE', ( #598 ), #2617, .F. ) ;
#2794 = DIRECTION ( 'NONE',  ( 0.000000000000000000, 1.000000000000000000, 0.000000000000000000 ) ) ;
#2795 = DIRECTION ( 'NONE',  ( 0.000000000000000000, 0.000000000000000000, -1.000000000000000000 ) ) ;
#2796 = CARTESIAN_POINT ( 'NONE',  ( 74.37499999999997158, 0.5000000000000000000, -143.0000000000000284 ) ) ;
#2797 = ORIENTED_EDGE ( 'NONE', *, *, #1201, .T. ) ;
#2798 = LINE ( 'NONE', #1693, #2247 ) ;
#2799 = ORIENTED_EDGE ( 'NONE', *, *, #2158, .T. ) ;
#2800 = FACE_OUTER_BOUND ( 'NONE', #1904, .T. ) ;
#2801 = EDGE_LOOP ( 'NONE', ( #2192, #1062, #2034, #2757 ) ) ;
#2802 = EDGE_CURVE ( 'NONE', #1786, #2157, #513, .T. ) ;
#2803 = CARTESIAN_POINT ( 'NONE',  ( 4.374999999999919176, 0.000000000000000000, -6.250000000000017764 ) ) ;
#2804 = CIRCLE ( 'NONE', #1600, 1.500000000000001332 ) ;
#2805 = EDGE_LOOP ( 'NONE', ( #74, #2279, #1095, #2094 ) ) ;
#2806 = DIRECTION ( 'NONE',  ( 0.000000000000000000, 0.000000000000000000, 1.000000000000000000 ) ) ;
#2807 = DIRECTION ( 'NONE',  ( 0.000000000000000000, 0.000000000000000000, 1.000000000000000000 ) ) ;
#2808 = EDGE_CURVE ( 'NONE', #800, #2712, #423, .T. ) ;
#2809 = DIRECTION ( 'NONE',  ( 0.000000000000000000, 0.000000000000000000, 1.000000000000000000 ) ) ;
#2810 = ORIENTED_EDGE ( 'NONE', *, *, #2391, .T. ) ;
#2811 = CARTESIAN_POINT ( 'NONE',  ( 65.20895390387087787, 0.5000000000000000000, -14.16604609612899779 ) ) ;
#2812 = DIRECTION ( 'NONE',  ( -1.000000000000000000, 0.000000000000000000, -4.019742158173901904E-16 ) ) ;
#2813 = VERTEX_POINT ( 'NONE', #857 ) ;
#2814 = DIRECTION ( 'NONE',  ( 0.000000000000000000, 0.000000000000000000, 1.000000000000000000 ) ) ;
#2815 = DIRECTION ( 'NONE',  ( -0.000000000000000000, 1.000000000000000000, -0.000000000000000000 ) ) ;
#2816 = CARTESIAN_POINT ( 'NONE',  ( -79.37499999999991473, 0.000000000000000000, -50.00000000000000000 ) ) ;
#2817 = CYLINDRICAL_SURFACE ( 'NONE', #2643, 1.500000000000001332 ) ;
#2818 = LINE ( 'NONE', #1702, #2711 ) ;
#2819 = ORIENTED_EDGE ( 'NONE', *, *, #900, .F. ) ;
#2820 = DIRECTION ( 'NONE',  ( 0.000000000000000000, -1.000000000000000000, 0.000000000000000000 ) ) ;
#2821 = DIRECTION ( 'NONE',  ( -0.000000000000000000, -1.000000000000000000, -0.000000000000000000 ) ) ;
#2822 = AXIS2_PLACEMENT_3D ( 'NONE', #2194, #2821, #2599 ) ;
#2823 = CIRCLE ( 'NONE', #2272, 1.499999999999994449 ) ;
#2824 = CIRCLE ( 'NONE', #1579, 1.500000000000000444 ) ;
#2825 = CIRCLE ( 'NONE', #1808, 1.500000000000001332 ) ;
#2826 = ORIENTED_EDGE ( 'NONE', *, *, #278, .F. ) ;
#2827 = LINE ( 'NONE', #410, #223 ) ;
#2828 = EDGE_CURVE ( 'NONE', #2712, #2591, #1735, .T. ) ;
#2829 = ORIENTED_EDGE ( 'NONE', *, *, #2433, .T. ) ;
#2830 = DIRECTION ( 'NONE',  ( 0.000000000000000000, 1.000000000000000000, 0.000000000000000000 ) ) ;
#2831 = EDGE_CURVE ( 'NONE', #1870, #2742, #2223, .T. ) ;
#2832 = CARTESIAN_POINT ( 'NONE',  ( -39.37499999999991473, 0.5000000000000000000, -6.000000000000003553 ) ) ;
#2833 = CARTESIAN_POINT ( 'NONE',  ( -49.99999999999996447, 0.5000000000000000000, -128.5999999999999659 ) ) ;
#2834 = CARTESIAN_POINT ( 'NONE',  ( -49.99999999999996447, 0.5000000000000000000, -131.0999999999999091 ) ) ;
#2835 = CARTESIAN_POINT ( 'NONE',  ( 49.99999999999997158, 0.5000000000000000000, -177.0999999999999375 ) ) ;
#2836 = ORIENTED_EDGE ( 'NONE', *, *, #2116, .F. ) ;
#2837 = EDGE_CURVE ( 'NONE', #1475, #1843, #1073, .T. ) ;
#2838 = DIRECTION ( 'NONE',  ( 0.000000000000000000, 0.000000000000000000, 1.000000000000000000 ) ) ;
#2839 = CARTESIAN_POINT ( 'NONE',  ( -79.37499999999992895, 0.000000000000000000, -132.7000000000000171 ) ) ;
#2840 = VERTEX_POINT ( 'NONE', #2262 ) ;
#2841 = LINE ( 'NONE', #1484, #279 ) ;
#2842 = VECTOR ( 'NONE', #2261, 1000.000000000000000 ) ;
#2843 = AXIS2_PLACEMENT_3D ( 'NONE', #1719, #1033, #1703 ) ;
#2844 = EDGE_CURVE ( 'NONE', #2566, #396, #283, .T. ) ;
#2845 = EDGE_LOOP ( 'NONE', ( #1233, #1569, #2224, #339 ) ) ;
#2846 = DIRECTION ( 'NONE',  ( 0.000000000000000000, 1.000000000000000000, 0.000000000000000000 ) ) ;
#2847 = DIRECTION ( 'NONE',  ( 1.000000000000000000, 0.000000000000000000, 0.000000000000000000 ) ) ;
#2848 = CARTESIAN_POINT ( 'NONE',  ( 64.67499999999996874, 0.000000000000000000, -132.7000000000000171 ) ) ;
#2849 = DIRECTION ( 'NONE',  ( 0.000000000000000000, 1.000000000000000000, 0.000000000000000000 ) ) ;
#2850 = VERTEX_POINT ( 'NONE', #1823 ) ;
#2851 = DIRECTION ( 'NONE',  ( 0.000000000000000000, 0.000000000000000000, 1.000000000000000000 ) ) ;
#2852 = ORIENTED_EDGE ( 'NONE', *, *, #2120, .F. ) ;
#2853 = DIRECTION ( 'NONE',  ( 0.000000000000000000, 0.000000000000000000, 1.000000000000000000 ) ) ;
#2854 = CARTESIAN_POINT ( 'NONE',  ( 39.37499999999992184, 0.5000000000000000000, -36.00000000000000000 ) ) ;
#2855 = ORIENTED_EDGE ( 'NONE', *, *, #920, .F. ) ;
#2856 = EDGE_CURVE ( 'NONE', #201, #485, #898, .T. ) ;
ENDSEC;
END-ISO-10303-21;
